"Category","ProbeID","Mean_CTRL","Mean_DIS","Delta_Beta","P_Value","P_Bonferroni","P_BH"
"Hypermethylated in DIS","cg03128268",0.515698738806142,0.628381238802837,0.112682499996695,0.0397676160827217,1,0.824239385583441
"Hypermethylated in DIS","cg04037732",0.762026284895364,0.886125382752994,0.12409909785763,0.0451696141280013,1,0.824239385583441
"Hypermethylated in DIS","cg06135650",0.110720346458333,0.236196309840605,0.125475963382272,0.0331352400011336,1,0.824239385583441
"Hypermethylated in DIS","cg14699257",0.218596508139947,0.323350826992983,0.104754318853037,0.00860189263424112,1,0.824239385583441
"Hypermethylated in DIS","cg23647143",0.141942216010405,0.244634089031866,0.10269187302146,0.0138216232035549,1,0.824239385583441
"Hypermethylated in DIS","cg26457179",0.18220524079534,0.316308221031433,0.134102980236093,0.0183388072433703,1,0.824239385583441
"Hypermethylated in DIS","cg00044796",0.0656053557321951,0.271037900388061,0.205432544655866,0.0115088375637323,1,0.824239385583441
"Hypermethylated in DIS","cg00252804",0.767904388020838,0.87173937547639,0.103834987455552,0.0331318531166908,1,0.824239385583441
"Hypermethylated in DIS","cg00566331",0.126101374793201,0.314511989243974,0.188410614450773,0.0294391081296266,1,0.824239385583441
"Hypermethylated in DIS","cg01101873",0.816117067904121,0.927706211994847,0.111589144090726,0.00792670676546959,1,0.824239385583441
"Hypermethylated in DIS","cg03054277",0.541630988882855,0.681044256232877,0.139413267350021,0.0484776752933699,1,0.824239385583441
"Hypermethylated in DIS","cg03119829",0.197299171804463,0.471294208927553,0.27399503712309,0.00800921415943419,1,0.824239385583441
"Hypermethylated in DIS","cg03144619",0.705232007561967,0.931088779380141,0.225856771818175,0.0132481809032367,1,0.824239385583441
"Hypermethylated in DIS","cg03427058",0.309533370814242,0.477395406333847,0.167862035519605,0.00189707698386181,1,0.824239385583441
"Hypermethylated in DIS","cg03546360",0.410702174899238,0.551196610663132,0.140494435763894,0.0398248386471034,1,0.824239385583441
"Hypermethylated in DIS","cg03760518",0.447856806648207,0.552243279123936,0.104386472475729,0.014429061508716,1,0.824239385583441
"Hypermethylated in DIS","cg04143909",0.692998095140367,0.912350819863259,0.219352724722892,0.0027680807150887,1,0.824239385583441
"Hypermethylated in DIS","cg04287574",0.117763799032625,0.649344783278583,0.531580984245958,0.00975749592295632,1,0.824239385583441
"Hypermethylated in DIS","cg04605287",0.624142017689648,0.804047440806102,0.179905423116454,0.00936528460478992,1,0.824239385583441
"Hypermethylated in DIS","cg04865726",0.441976973507981,0.604647755124676,0.162670781616695,0.00452084205107783,1,0.824239385583441
"Hypermethylated in DIS","cg05047401",0.0742441492789378,0.263493011367721,0.189248862088783,0.00726065573893316,1,0.824239385583441
"Hypermethylated in DIS","cg05065507",0.100833683757856,0.219560054035966,0.11872637027811,0.0255243588205223,1,0.824239385583441
"Hypermethylated in DIS","cg05642789",0.479608225681401,0.665868659860007,0.186260434178607,0.0290298292050882,1,0.824239385583441
"Hypermethylated in DIS","cg05695937",0.038392647329083,0.210066808071465,0.171674160742382,0.020299688191158,1,0.824239385583441
"Hypermethylated in DIS","cg06035600",0.421707837168646,0.858454553047711,0.436746715879065,0.00131048095033727,1,0.824239385583441
"Hypermethylated in DIS","cg06182923",0.717893900942993,0.87070400946615,0.152810108523157,0.0416980415418395,1,0.824239385583441
"Hypermethylated in DIS","cg06203364",0.504166850353447,0.675139246493024,0.170972396139577,0.0258761662910584,1,0.824239385583441
"Hypermethylated in DIS","cg06723492",0.333656225556367,0.445768264620653,0.112112039064286,0.0288961405902303,1,0.824239385583441
"Hypermethylated in DIS","cg06804846",0.51995807819962,0.62738465479903,0.10742657659941,0.0323847864194477,1,0.824239385583441
"Hypermethylated in DIS","cg06818047",0.843525379477123,0.944901003209218,0.101375623732095,0.0230371169223497,1,0.824239385583441
"Hypermethylated in DIS","cg07015749",0.376467104578375,0.560823871569965,0.184356766991591,0.0485866863436242,1,0.824239385583441
"Hypermethylated in DIS","cg07187808",0.602070018676896,0.762825144934557,0.160755126257661,0.0149959789097987,1,0.824239385583441
"Hypermethylated in DIS","cg07313626",0.661599374751891,0.781049285734385,0.119449910982494,0.0497155654649611,1,0.824239385583441
"Hypermethylated in DIS","cg07599786",0.415809739671745,0.764750764156844,0.348941024485099,0.00173800946869443,1,0.824239385583441
"Hypermethylated in DIS","cg07790079",0.719310435791815,0.845110577341887,0.125800141550072,0.038523509083258,1,0.824239385583441
"Hypermethylated in DIS","cg09230763",0.765109819154892,0.952295715135099,0.187185895980206,0.00764753711752107,1,0.824239385583441
"Hypermethylated in DIS","cg09319828",0.359733061960451,0.508586205823534,0.148853143863083,0.0339999603692922,1,0.824239385583441
"Hypermethylated in DIS","cg09578353",0.35482648517748,0.494793753825031,0.139967268647551,0.0108913280703714,1,0.824239385583441
"Hypermethylated in DIS","cg09756865",0.100966086946666,0.238793315127274,0.137827228180608,0.0414852797955757,1,0.824239385583441
"Hypermethylated in DIS","cg10228323",0.689524015797817,0.847490421157326,0.157966405359508,0.00966107373430675,1,0.824239385583441
"Hypermethylated in DIS","cg10432422",0.409394701367796,0.558772533293859,0.149377831926063,0.000342290083525916,1,0.824239385583441
"Hypermethylated in DIS","cg10493186",0.462513314420463,0.669400740090385,0.206887425669922,0.00803610884704219,1,0.824239385583441
"Hypermethylated in DIS","cg10841756",0.824460882601107,0.956580283636375,0.132119401035268,0.00880586069699503,1,0.824239385583441
"Hypermethylated in DIS","cg10963543",0.143091150416867,0.282285320262951,0.139194169846084,0.0256145645285116,1,0.824239385583441
"Hypermethylated in DIS","cg11138362",0.527238405902255,0.654860143776722,0.127621737874467,0.0158746703157727,1,0.824239385583441
"Hypermethylated in DIS","cg11156891",0.61495132105194,0.826114129556203,0.211162808504263,0.0135861267226721,1,0.824239385583441
"Hypermethylated in DIS","cg11705208",0.793727975997627,0.925808470941158,0.132080494943531,0.0389009284111128,1,0.824239385583441
"Hypermethylated in DIS","cg11839415",0.702984547365309,0.927634978174928,0.224650430809618,0.0389764629549491,1,0.824239385583441
"Hypermethylated in DIS","cg11980800",0.41200508327897,0.540269721075057,0.128264637796086,0.0104825651098162,1,0.824239385583441
"Hypermethylated in DIS","cg12135344",0.567107020840546,0.820726889624468,0.253619868783922,0.0123989491079814,1,0.824239385583441
"Hypermethylated in DIS","cg12407057",0.755595842375096,0.884267547723211,0.128671705348114,0.00680955170521068,1,0.824239385583441
"Hypermethylated in DIS","cg12634306",0.307811552248647,0.455755890766659,0.147944338518012,0.0151631452736039,1,0.824239385583441
"Hypermethylated in DIS","cg12748890",0.797076550173193,0.951455817333273,0.154379267160079,0.0279832075878655,1,0.824239385583441
"Hypermethylated in DIS","cg13058819",0.733677449243763,0.853255804715605,0.119578355471843,0.0155750394349964,1,0.824239385583441
"Hypermethylated in DIS","cg13169132",0.0614678315366553,0.248021324855792,0.186553493319136,0.0147463383824088,1,0.824239385583441
"Hypermethylated in DIS","cg13170051",0.283765529639513,0.429017611494092,0.145252081854578,0.0188156870615177,1,0.824239385583441
"Hypermethylated in DIS","cg13863764",0.6476415622324,0.800190866898728,0.152549304666329,0.000666680291358981,1,0.824239385583441
"Hypermethylated in DIS","cg13986670",0.700589992016539,0.843618609282377,0.143028617265838,0.0227542286822025,1,0.824239385583441
"Hypermethylated in DIS","cg14853169",0.135954227815308,0.240653769617874,0.104699541802566,0.0477237730757095,1,0.824239385583441
"Hypermethylated in DIS","cg15386434",0.12893389932819,0.291878706442399,0.16294480711421,0.00979186316917623,1,0.824239385583441
"Hypermethylated in DIS","cg15491247",0.496597634278898,0.722162719990823,0.225565085711925,0.0137243990107644,1,0.824239385583441
"Hypermethylated in DIS","cg15521792",0.658046177823743,0.841050132551824,0.183003954728081,0.00541187695209119,1,0.824239385583441
"Hypermethylated in DIS","cg15645660",0.810777851258728,0.932060441696028,0.1212825904373,0.0346138976313335,1,0.824239385583441
"Hypermethylated in DIS","cg17122213",0.328109606391326,0.582214092449447,0.254104486058121,0.00701207439687386,1,0.824239385583441
"Hypermethylated in DIS","cg17480077",0.277837997894345,0.381616583574172,0.103778585679827,0.00993165580466773,1,0.824239385583441
"Hypermethylated in DIS","cg17804348",0.251323547215882,0.406976783726474,0.155653236510592,0.0495116007611697,1,0.824239385583441
"Hypermethylated in DIS","cg18451016",0.723096203419964,0.9140831474759,0.190986944055936,0.0200786843354414,1,0.824239385583441
"Hypermethylated in DIS","cg18792022",0.0682420961107243,0.217397640498292,0.149155544387568,0.035069931564676,1,0.824239385583441
"Hypermethylated in DIS","cg18947553",0.458909778550344,0.659725917836572,0.200816139286229,0.0046020592800545,1,0.824239385583441
"Hypermethylated in DIS","cg19022697",0.465718431081108,0.688955932142682,0.223237501061574,0.0201829970126258,1,0.824239385583441
"Hypermethylated in DIS","cg19802390",0.585647481235715,0.763439484958667,0.177792003722952,0.00982341983302351,1,0.824239385583441
"Hypermethylated in DIS","cg19911801",0.782896126390049,0.899541523070436,0.116645396680387,0.00704382844757431,1,0.824239385583441
"Hypermethylated in DIS","cg20011248",0.488170442846728,0.602318892301301,0.114148449454572,0.0450280652366787,1,0.824239385583441
"Hypermethylated in DIS","cg20594982",0.755297425386233,0.941191383446241,0.185893958060008,0.0168177733233385,1,0.824239385583441
"Hypermethylated in DIS","cg20699586",0.219726160736846,0.401176841419471,0.181450680682625,0.0208301696787247,1,0.824239385583441
"Hypermethylated in DIS","cg20996351",0.0204365781412656,0.161536085172315,0.141099507031049,0.0107954475863145,1,0.824239385583441
"Hypermethylated in DIS","cg21399703",0.792811904003238,0.902609758532042,0.109797854528804,0.039577245252623,1,0.824239385583441
"Hypermethylated in DIS","cg22234529",0.616097609111112,0.732238214816999,0.116140605705887,0.0275491395262724,1,0.824239385583441
"Hypermethylated in DIS","cg22721579",0.493481734880842,0.851833285239932,0.35835155035909,0.00523524287121023,1,0.824239385583441
"Hypermethylated in DIS","cg22851880",0.502492205518232,0.692999133792634,0.190506928274402,0.0111800300164049,1,0.824239385583441
"Hypermethylated in DIS","cg23025459",0.662453531040446,0.826111161992115,0.163657630951669,0.00825786094260473,1,0.824239385583441
"Hypermethylated in DIS","cg23038277",0.548574118274913,0.686724184488593,0.13815006621368,0.0385386931694076,1,0.824239385583441
"Hypermethylated in DIS","cg23093692",0.739639995530766,0.911930203620825,0.172290208090059,0.0167311079027241,1,0.824239385583441
"Hypermethylated in DIS","cg23989110",0.692377311453848,0.838973028452766,0.146595716998918,0.0259288917717822,1,0.824239385583441
"Hypermethylated in DIS","cg24250902",0.522756175536782,0.89538678200701,0.372630606470228,0.00613518334958776,1,0.824239385583441
"Hypermethylated in DIS","cg24371425",0.384022726062035,0.572173088254094,0.188150362192059,0.0185374446514954,1,0.824239385583441
"Hypermethylated in DIS","cg24741158",0.69490314884713,0.800882371847504,0.105979223000373,0.0140488602574586,1,0.824239385583441
"Hypermethylated in DIS","cg24999973",0.560061835554917,0.741645297768412,0.181583462213495,0.0346411942531689,1,0.824239385583441
"Hypermethylated in DIS","cg25286482",0.179526205884467,0.309354733861677,0.12982852797721,0.0151210331953541,1,0.824239385583441
"Hypermethylated in DIS","cg25980637",0.0503048250753868,0.152233094069464,0.101928268994078,0.044075992873807,1,0.824239385583441
"Hypermethylated in DIS","cg26038649",0.749381034745507,0.901483647374392,0.152102612628885,0.0215777901855086,1,0.824239385583441
"Hypermethylated in DIS","cg26227225",0.367217841646724,0.626342342495529,0.259124500848804,0.0374924216534456,1,0.824239385583441
"Hypermethylated in DIS","cg26516532",0.534900205930774,0.733918427112625,0.199018221181851,0.000200197205330466,1,0.824239385583441
"Hypermethylated in DIS","cg27302994",0.703427422994906,0.906571371362358,0.203143948367453,0.00560794470521179,1,0.824239385583441
"Hypermethylated in DIS","cg00543073",0.461682562100242,0.579837823444181,0.118155261343939,0.00754572051318987,1,0.824239385583441
"Hypermethylated in DIS","cg01750780",0.14429235454737,0.255417039482766,0.111124684935396,0.0336322528691205,1,0.824239385583441
"Hypermethylated in DIS","cg02757970",0.630291138892858,0.870191249382838,0.239900110489981,0.00244350333770656,1,0.824239385583441
"Hypermethylated in DIS","cg02812891",0.393130273932696,0.696418038384094,0.303287764451399,0.0302987186116958,1,0.824239385583441
"Hypermethylated in DIS","cg04652943",0.653060130515428,0.80101351833668,0.147953387821253,0.0280523107962341,1,0.824239385583441
"Hypermethylated in DIS","cg05766948",0.227850671669625,0.328012075538674,0.100161403869049,0.0234122731448065,1,0.824239385583441
"Hypermethylated in DIS","cg06536868",0.494114011489318,0.650881648004337,0.15676763651502,0.0125325268455138,1,0.824239385583441
"Hypermethylated in DIS","cg07815287",0.187628338317253,0.32070772129339,0.133079382976137,0.0103124529279935,1,0.824239385583441
"Hypermethylated in DIS","cg09610018",0.777059387361675,0.89607766804411,0.119018280682436,0.0444682780175154,1,0.824239385583441
"Hypermethylated in DIS","cg14301024",0.318279922102666,0.462095605486458,0.143815683383792,0.0135987969721568,1,0.824239385583441
"Hypermethylated in DIS","cg14323539",0.810434828609654,0.921997169868946,0.111562341259292,0.0305051937173242,1,0.824239385583441
"Hypermethylated in DIS","cg14601038",0.629000281139829,0.781087440094614,0.152087158954785,0.0327429089116474,1,0.824239385583441
"Hypermethylated in DIS","cg15714846",0.14657866904964,0.309076630976851,0.162497961927211,0.0168403978495428,1,0.824239385583441
"Hypermethylated in DIS","cg16440561",0.14253003374577,0.509613141100758,0.367083107354988,0.0147197325133553,1,0.824239385583441
"Hypermethylated in DIS","cg16865965",0.0860650844887028,0.366053869769737,0.279988785281034,0.0428224443296975,1,0.824239385583441
"Hypermethylated in DIS","cg18587476",0.402559230574758,0.512813631914752,0.110254401339995,0.0491404004951119,1,0.824239385583441
"Hypermethylated in DIS","cg19276736",0.449268106559924,0.552424793500138,0.103156686940213,0.01412008468758,1,0.824239385583441
"Hypermethylated in DIS","cg19910796",0.815910571451743,0.922610306146219,0.106699734694475,0.00959861571028686,1,0.824239385583441
"Hypermethylated in DIS","cg20702390",0.81125514092198,0.946266398972924,0.135011258050944,0.0118829055316681,1,0.824239385583441
"Hypermethylated in DIS","cg21406402",0.659533577817332,0.846542414383157,0.187008836565825,0.0235004256662158,1,0.824239385583441
"Hypermethylated in DIS","cg21566642",0.344540920635241,0.564433617829066,0.219892697193824,0.00500182228219689,1,0.824239385583441
"Hypermethylated in DIS","cg21620778",0.134307138020918,0.284352305897507,0.150045167876589,0.0184919331629084,1,0.824239385583441
"Hypermethylated in DIS","cg22387781",0.801979470266283,0.92467570613698,0.122696235870697,0.00276137341893481,1,0.824239385583441
"Hypermethylated in DIS","cg22745354",0.653477182036909,0.857026602061605,0.203549420024696,0.00882246180180492,1,0.824239385583441
"Hypermethylated in DIS","cg23452752",0.0383437447845295,0.159354782482623,0.121011037698094,0.044608920053364,1,0.824239385583441
"Hypermethylated in DIS","cg23560546",0.387049332672944,0.571711804735728,0.184662472062784,0.0111830930199845,1,0.824239385583441
"Hypermethylated in DIS","cg25746499",0.346779070166924,0.47112255728687,0.124343487119945,0.0194172884642013,1,0.824239385583441
"Hypermethylated in DIS","cg26170569",0.12750275053659,0.38201529610925,0.25451254557266,0.00684351130596855,1,0.824239385583441
"Hypermethylated in DIS","cg26230651",0.288581213514712,0.413350248826905,0.124769035312193,0.0165062296280148,1,0.824239385583441
"Hypermethylated in DIS","cg26474549",0.512788355112969,0.616507775954827,0.103719420841858,0.0276256455513919,1,0.824239385583441
"Hypermethylated in DIS","cg27211198",0.472738713806912,0.606515569786496,0.133776855979584,0.0188875708624481,1,0.824239385583441
"Hypermethylated in DIS","cg00193283",0.480052942731709,0.701847073871828,0.221794131140118,0.000941096811751493,1,0.824239385583441
"Hypermethylated in DIS","cg02222844",0.634868916274777,0.865852377980917,0.230983461706139,0.00292967526645761,1,0.824239385583441
"Hypermethylated in DIS","cg02336104",0.778880883970071,0.908784775770802,0.129903891800731,0.0074610899612816,1,0.824239385583441
"Hypermethylated in DIS","cg02773588",0.807303286898346,0.969742491461714,0.162439204563368,4.91803066898496e-06,1,0.583440632070284
"Hypermethylated in DIS","cg02930239",0.773820620484382,0.894032625524947,0.120212005040565,0.0061085242711665,1,0.824239385583441
"Hypermethylated in DIS","cg03540622",0.866698556318999,0.969320336940027,0.102621780621028,0.0326786605554266,1,0.824239385583441
"Hypermethylated in DIS","cg03981074",0.757110719304432,0.907758133684774,0.150647414380342,0.00540221134772475,1,0.824239385583441
"Hypermethylated in DIS","cg07220922",0.201047479211896,0.416406109046051,0.215358629834155,0.000559650306934183,1,0.824239385583441
"Hypermethylated in DIS","cg07341007",0.567427453145171,0.778949911631436,0.211522458486265,0.0117238889302141,1,0.824239385583441
"Hypermethylated in DIS","cg08443605",0.262986273898713,0.365707533151667,0.102721259252954,0.00684782974412787,1,0.824239385583441
"Hypermethylated in DIS","cg11238669",0.111643148778406,0.397447586000557,0.285804437222151,0.0303509673241085,1,0.824239385583441
"Hypermethylated in DIS","cg11383291",0.318375103800304,0.433787190474357,0.115412086674053,0.0455036267422002,1,0.824239385583441
"Hypermethylated in DIS","cg11417259",0.509870252773074,0.722041377161913,0.212171124388839,2.00391030029668e-05,1,0.735990498475448
"Hypermethylated in DIS","cg11612799",0.206725409790881,0.37091086139135,0.164185451600469,0.00597435574747711,1,0.824239385583441
"Hypermethylated in DIS","cg13302785",0.376196478351278,0.504480259561978,0.128283781210701,0.0404842360171368,1,0.824239385583441
"Hypermethylated in DIS","cg13451127",0.179863233718171,0.347332821694019,0.167469587975848,0.022988543852945,1,0.824239385583441
"Hypermethylated in DIS","cg13526469",0.213971993013317,0.624683708109753,0.410711715096435,0.000114125642595812,1,0.824239385583441
"Hypermethylated in DIS","cg13708016",0.422149176213157,0.566729657696862,0.144580481483705,0.0276598443109479,1,0.824239385583441
"Hypermethylated in DIS","cg13752114",0.680153721928858,0.894738310692502,0.214584588763644,0.0147895652850248,1,0.824239385583441
"Hypermethylated in DIS","cg14325153",0.427726114034761,0.726776021585628,0.299049907550867,0.00221215048445897,1,0.824239385583441
"Hypermethylated in DIS","cg15025640",0.410633909919805,0.606074767639314,0.195440857719509,0.0444561778778122,1,0.824239385583441
"Hypermethylated in DIS","cg15038286",0.818574196617018,0.96973262675668,0.151158430139662,0.00547731383271212,1,0.824239385583441
"Hypermethylated in DIS","cg15142694",0.650664154324301,0.896072161918579,0.245408007594278,0.00432386090110621,1,0.824239385583441
"Hypermethylated in DIS","cg15611150",0.287273557270504,0.461891798289961,0.174618241019456,0.000350728912174403,1,0.824239385583441
"Hypermethylated in DIS","cg16797972",0.351283240158885,0.616514387285034,0.265231147126148,0.0126064231078413,1,0.824239385583441
"Hypermethylated in DIS","cg17640485",0.772877550310297,0.907738985478317,0.13486143516802,0.0132987567139623,1,0.824239385583441
"Hypermethylated in DIS","cg19436429",0.319889459633907,0.479117534464183,0.159228074830276,0.00980762826056505,1,0.824239385583441
"Hypermethylated in DIS","cg19764594",0.737952289907662,0.927414466740891,0.189462176833229,0.000636428610505045,1,0.824239385583441
"Hypermethylated in DIS","cg21946824",0.446533492729387,0.57374509989887,0.127211607169483,0.0149841473316819,1,0.824239385583441
"Hypermethylated in DIS","cg22620414",0.498047255899951,0.673977763797526,0.175930507897575,0.000122985693306972,1,0.824239385583441
"Hypermethylated in DIS","cg22843684",0.760049104216869,0.897466079103412,0.137416974886543,0.00304148463827283,1,0.824239385583441
"Hypermethylated in DIS","cg22993195",0.654791836966458,0.928663466203639,0.273871629237182,0.0143245889955437,1,0.824239385583441
"Hypermethylated in DIS","cg24576535",0.357387889378431,0.524748394291734,0.167360504913303,0.0269734737331657,1,0.824239385583441
"Hypermethylated in DIS","cg25262361",0.232997687518134,0.385203574375961,0.152205886857827,0.022089349926866,1,0.824239385583441
"Hypermethylated in DIS","cg26432350",0.665381743491133,0.817254250719902,0.151872507228769,0.0259852090761811,1,0.824239385583441
"Hypermethylated in DIS","cg05601456",0.116746820348401,0.272277380144535,0.155530559796134,0.00381908561279258,1,0.824239385583441
"Hypermethylated in DIS","cg07318204",0.791482420815007,0.951590688475423,0.160108267660417,0.0107678402392442,1,0.824239385583441
"Hypermethylated in DIS","cg08589776",0.495422082793355,0.599376921481703,0.103954838688348,0.0389948680938465,1,0.824239385583441
"Hypermethylated in DIS","cg10755899",0.847078905524564,0.953053397487567,0.105974491963002,0.0065113862345591,1,0.824239385583441
"Hypermethylated in DIS","cg13244559",0.5348188155487,0.638316306956461,0.103497491407761,0.0336131178095102,1,0.824239385583441
"Hypermethylated in DIS","cg20456258",0.443843760657969,0.729510757760464,0.285666997102495,0.0449324866700517,1,0.824239385583441
"Hypermethylated in DIS","cg20529645",0.439937816199045,0.602906848734511,0.162969032535465,0.0437645307150237,1,0.824239385583441
"Hypermethylated in DIS","cg20814179",0.381499348971506,0.58132201481561,0.199822665844104,0.0382876116971698,1,0.824239385583441
"Hypermethylated in DIS","cg23605991",0.364290011637494,0.491443786808084,0.12715377517059,0.0342974195038234,1,0.824239385583441
"Hypermethylated in DIS","cg23980776",0.741315067065842,0.907703229992743,0.166388162926901,0.0369330410687911,1,0.824239385583441
"Hypermethylated in DIS","cg24168538",0.779657653452036,0.920197686689121,0.140540033237085,0.00471015984510319,1,0.824239385583441
"Hypermethylated in DIS","cg00642460",0.245979597282479,0.719660636227589,0.47368103894511,0.00192643281318033,1,0.824239385583441
"Hypermethylated in DIS","cg01287088",0.704472787178595,0.940100518925003,0.235627731746408,0.000202473777971299,1,0.824239385583441
"Hypermethylated in DIS","cg04248271",0.180582205807722,0.397087893464683,0.216505687656961,0.003407258993934,1,0.824239385583441
"Hypermethylated in DIS","cg04664697",0.803132953464704,0.90580770929733,0.102674755832627,0.00688414952523474,1,0.824239385583441
"Hypermethylated in DIS","cg06495631",0.560702582135015,0.696272717363765,0.13557013522875,0.0318151107558468,1,0.824239385583441
"Hypermethylated in DIS","cg06660015",0.284728068873784,0.400637212122885,0.115909143249101,0.0183362824898751,1,0.824239385583441
"Hypermethylated in DIS","cg06847624",0.368014272859443,0.870109191222579,0.502094918363136,0.000129633521313093,1,0.824239385583441
"Hypermethylated in DIS","cg08714996",0.224310513203319,0.41655896104668,0.192248447843362,0.0486771347147866,1,0.824239385583441
"Hypermethylated in DIS","cg09068004",0.559477380594169,0.693355012411718,0.133877631817549,0.00464434511207924,1,0.824239385583441
"Hypermethylated in DIS","cg10200291",0.13288329324884,0.24800176359191,0.115118470343069,0.0241968891250039,1,0.824239385583441
"Hypermethylated in DIS","cg11123744",0.688959591630444,0.804160451103392,0.115200859472948,0.0157208997394408,1,0.824239385583441
"Hypermethylated in DIS","cg12180613",0.634236586898211,0.765979227186828,0.131742640288617,0.013101969218421,1,0.824239385583441
"Hypermethylated in DIS","cg12408990",0.622884986965276,0.792947370024095,0.170062383058819,0.0418058130166363,1,0.824239385583441
"Hypermethylated in DIS","cg12477903",0.179655714782527,0.447567491664862,0.267911776882335,0.00781601832525186,1,0.824239385583441
"Hypermethylated in DIS","cg14444751",0.580765719180567,0.750554921222587,0.16978920204202,0.0202170493057048,1,0.824239385583441
"Hypermethylated in DIS","cg16698038",0.302451274374469,0.471667348725229,0.16921607435076,0.00403894356879628,1,0.824239385583441
"Hypermethylated in DIS","cg17048610",0.713674975653807,0.841329280754592,0.127654305100784,0.0271449407219102,1,0.824239385583441
"Hypermethylated in DIS","cg17251423",0.447386268167598,0.547602212552192,0.100215944384594,0.0192322452344196,1,0.824239385583441
"Hypermethylated in DIS","cg18121224",0.558535053621254,0.75573565385445,0.197200600233196,0.0290164390151849,1,0.824239385583441
"Hypermethylated in DIS","cg19566586",0.808139439879297,0.931842745847881,0.123703305968584,0.0213284870378575,1,0.824239385583441
"Hypermethylated in DIS","cg19878214",0.641808401870046,0.788554977405473,0.146746575535427,0.026658747273161,1,0.824239385583441
"Hypermethylated in DIS","cg19978312",0.663695742996806,0.824062828714371,0.160367085717565,0.00451871520112562,1,0.824239385583441
"Hypermethylated in DIS","cg21722795",0.49828655769222,0.661503082099821,0.163216524407601,0.0394808376169646,1,0.824239385583441
"Hypermethylated in DIS","cg24942747",0.357241525105028,0.483694443420332,0.126452918315304,0.000457919719741609,1,0.824239385583441
"Hypermethylated in DIS","cg25087499",0.765452411247093,0.907637102659829,0.142184691412736,0.00236151379596366,1,0.824239385583441
"Hypermethylated in DIS","cg00084338",0.613353139757655,0.88183712487365,0.268483985115995,0.0136841184053604,1,0.824239385583441
"Hypermethylated in DIS","cg00142670",0.754798446015157,0.924921054951024,0.170122608935867,5.10146252308575e-05,1,0.824239385583441
"Hypermethylated in DIS","cg00525277",0.318326243255378,0.681027614038009,0.36270137078263,0.00583978028149754,1,0.824239385583441
"Hypermethylated in DIS","cg00872984",0.39013789896745,0.811593840276615,0.421455941309165,0.00470076799752644,1,0.824239385583441
"Hypermethylated in DIS","cg01076129",0.706443265287623,0.918123134422149,0.211679869134526,0.00452735761781013,1,0.824239385583441
"Hypermethylated in DIS","cg01286685",0.532001312295446,0.749188558640356,0.21718724634491,0.00292847129673665,1,0.824239385583441
"Hypermethylated in DIS","cg01337207",0.550611092158416,0.794174459942583,0.243563367784167,0.0247352166708369,1,0.824239385583441
"Hypermethylated in DIS","cg01569346",0.417624498450449,0.676395962472448,0.258771464021999,0.00411675914502555,1,0.824239385583441
"Hypermethylated in DIS","cg01652244",0.822452866748314,0.942734156336742,0.120281289588428,0.00693291251300335,1,0.824239385583441
"Hypermethylated in DIS","cg01992382",0.199792487425805,0.535850071144074,0.336057583718269,0.00326029301498876,1,0.824239385583441
"Hypermethylated in DIS","cg02188185",0.219591108207716,0.389539887562945,0.169948779355229,0.0247315986290073,1,0.824239385583441
"Hypermethylated in DIS","cg02447304",0.100859049080324,0.244993336282714,0.14413428720239,0.0288290128068771,1,0.824239385583441
"Hypermethylated in DIS","cg03078486",0.675752366248224,0.79891665165219,0.123164285403966,0.0211161697804239,1,0.824239385583441
"Hypermethylated in DIS","cg03293507",0.779790789445116,0.899478058698844,0.119687269253728,0.00659252617757698,1,0.824239385583441
"Hypermethylated in DIS","cg03556669",0.142253901293791,0.339757680979611,0.19750377968582,0.0134995176885201,1,0.824239385583441
"Hypermethylated in DIS","cg03926206",0.7429251055374,0.905485667014081,0.162560561476682,0.00561783249321099,1,0.824239385583441
"Hypermethylated in DIS","cg04142955",0.635214406677167,0.86006092983149,0.224846523154323,0.00498713789762834,1,0.824239385583441
"Hypermethylated in DIS","cg05210804",0.265074175949467,0.601378240276232,0.336304064326765,0.000474698765424046,1,0.824239385583441
"Hypermethylated in DIS","cg05563515",0.690241592032071,0.867702368732496,0.177460776700425,0.0367558824000084,1,0.824239385583441
"Hypermethylated in DIS","cg05920635",0.102707099006987,0.214320205826183,0.111613106819196,0.0189356881366304,1,0.824239385583441
"Hypermethylated in DIS","cg05943655",0.10156287678218,0.239473783666495,0.137910906884315,0.00368258445873783,1,0.824239385583441
"Hypermethylated in DIS","cg06670599",0.634951251406923,0.746787587184477,0.111836335777554,0.0254102372274527,1,0.824239385583441
"Hypermethylated in DIS","cg07518714",0.589374851630085,0.716875526517638,0.127500674887553,0.00211528611734459,1,0.824239385583441
"Hypermethylated in DIS","cg07524919",0.382523475460251,0.738162033050341,0.35563855759009,0.00286680577400188,1,0.824239385583441
"Hypermethylated in DIS","cg07710266",0.415946740476507,0.543835978446615,0.127889237970108,0.0311317553130974,1,0.824239385583441
"Hypermethylated in DIS","cg07895437",0.374512689141557,0.768533013049507,0.39402032390795,0.00105114807441373,1,0.824239385583441
"Hypermethylated in DIS","cg08516507",0.160402333690769,0.328179048490022,0.167776714799254,0.0393318262377102,1,0.824239385583441
"Hypermethylated in DIS","cg08650890",0.143070714280043,0.319691185564989,0.176620471284946,0.0218429500476461,1,0.824239385583441
"Hypermethylated in DIS","cg09613495",0.388344492657168,0.497841981940323,0.109497489283155,0.00731226773741671,1,0.824239385583441
"Hypermethylated in DIS","cg10110998",0.550638594403955,0.662572872380987,0.111934277977033,0.0220805765610886,1,0.824239385583441
"Hypermethylated in DIS","cg10890302",0.148050281119612,0.470684261505927,0.322633980386314,0.0364416278542856,1,0.824239385583441
"Hypermethylated in DIS","cg10923662",0.0813619698869006,0.453440754784915,0.372078784898014,0.0398017677477598,1,0.824239385583441
"Hypermethylated in DIS","cg12045875",0.786027450355678,0.927073999838813,0.141046549483135,0.00614239779926426,1,0.824239385583441
"Hypermethylated in DIS","cg12412902",0.819992146249552,0.921608170876731,0.101616024627179,0.00258817509578515,1,0.824239385583441
"Hypermethylated in DIS","cg12694372",0.12647430759919,0.502592565918089,0.376118258318899,0.0211301663379685,1,0.824239385583441
"Hypermethylated in DIS","cg12736877",0.833636367976731,0.944745337517719,0.111108969540988,0.0223456914358086,1,0.824239385583441
"Hypermethylated in DIS","cg12934258",0.759960163740658,0.895775811996272,0.135815648255614,0.0470502541209872,1,0.824239385583441
"Hypermethylated in DIS","cg13069441",0.441609859398753,0.670080466279775,0.228470606881022,0.000328953234108197,1,0.824239385583441
"Hypermethylated in DIS","cg13187827",0.619450493250015,0.817993480075341,0.198542986825326,0.00972929197633073,1,0.824239385583441
"Hypermethylated in DIS","cg13526264",0.358455620151724,0.574972031710076,0.216516411558352,0.0282396894379307,1,0.824239385583441
"Hypermethylated in DIS","cg14188106",0.365015364055708,0.793336403789538,0.42832103973383,0.00668486155822592,1,0.824239385583441
"Hypermethylated in DIS","cg14276083",0.719679792657642,0.842065222103405,0.122385429445763,0.0436592255112743,1,0.824239385583441
"Hypermethylated in DIS","cg14309283",0.197761837303197,0.518835756994578,0.321073919691381,0.00731873802592841,1,0.824239385583441
"Hypermethylated in DIS","cg14363494",0.137780022501825,0.311135485529767,0.173355463027941,0.0329916649780917,1,0.824239385583441
"Hypermethylated in DIS","cg14441480",0.523457416611529,0.78288834083161,0.259430924220081,0.0454926177485224,1,0.824239385583441
"Hypermethylated in DIS","cg14473643",0.335658684665274,0.626137386156207,0.290478701490933,0.00212194244873721,1,0.824239385583441
"Hypermethylated in DIS","cg14769991",0.573038737274814,0.694897409511325,0.121858672236511,0.022826784039158,1,0.824239385583441
"Hypermethylated in DIS","cg15265085",0.154012313002298,0.398875163431903,0.244862850429605,0.00299702552425812,1,0.824239385583441
"Hypermethylated in DIS","cg16582419",0.608257545812244,0.735121978686431,0.126864432874187,0.0488663034430595,1,0.824239385583441
"Hypermethylated in DIS","cg16834823",0.24924845988349,0.618400367108167,0.369151907224677,0.00233939562502837,1,0.824239385583441
"Hypermethylated in DIS","cg16908633",0.474860255026154,0.578429747764892,0.103569492738738,0.0223912990792936,1,0.824239385583441
"Hypermethylated in DIS","cg17384889",0.194480227607607,0.306441198384155,0.111960970776547,0.0231374160583302,1,0.824239385583441
"Hypermethylated in DIS","cg17662683",0.297015087649641,0.609334619339662,0.312319531690021,0.00294728789224193,1,0.824239385583441
"Hypermethylated in DIS","cg18460422",0.740231429893213,0.855322263082698,0.115090833189485,0.0264262469280163,1,0.824239385583441
"Hypermethylated in DIS","cg19267551",0.305988955616379,0.661621291772021,0.355632336155642,0.00284074568951756,1,0.824239385583441
"Hypermethylated in DIS","cg19579217",0.497321605731093,0.645153396958147,0.147831791227054,0.0447148150734389,1,0.824239385583441
"Hypermethylated in DIS","cg19593741",0.735128557931689,0.908193197387797,0.173064639456108,0.00311209871157303,1,0.824239385583441
"Hypermethylated in DIS","cg19687985",0.804719196830687,0.919483944346002,0.114764747515315,0.00105070400334014,1,0.824239385583441
"Hypermethylated in DIS","cg19980771",0.225675793568416,0.505513781644546,0.27983798807613,0.048051012541368,1,0.824239385583441
"Hypermethylated in DIS","cg20390711",0.859614022467847,0.972038406095185,0.112424383627338,0.0264633976455758,1,0.824239385583441
"Hypermethylated in DIS","cg20419110",0.810715846704447,0.949117517687371,0.138401670982925,0.00890295315697927,1,0.824239385583441
"Hypermethylated in DIS","cg21683708",0.161969508198149,0.345493623966279,0.183524115768131,0.00640280600084815,1,0.824239385583441
"Hypermethylated in DIS","cg22291762",0.643743795704096,0.772614862152186,0.128871066448089,0.0355302868122102,1,0.824239385583441
"Hypermethylated in DIS","cg22483030",0.387768287527237,0.550521744404203,0.162753456876965,0.0330398504772395,1,0.824239385583441
"Hypermethylated in DIS","cg22701603",0.64643410113318,0.780556948453173,0.134122847319992,0.0285386855847875,1,0.824239385583441
"Hypermethylated in DIS","cg22878489",0.558737985038625,0.78898248579851,0.230244500759885,0.0433330473620121,1,0.824239385583441
"Hypermethylated in DIS","cg23146472",0.449785858368347,0.561656104303186,0.111870245934839,0.000857631695641441,1,0.824239385583441
"Hypermethylated in DIS","cg23287992",0.573600759836565,0.727075254063065,0.1534744942265,0.0211081396268986,1,0.824239385583441
"Hypermethylated in DIS","cg23431175",0.660732499843782,0.85166018669789,0.190927686854108,0.00921995249785859,1,0.824239385583441
"Hypermethylated in DIS","cg24246628",0.290345951939129,0.520827849106641,0.230481897167512,0.0435075304911959,1,0.824239385583441
"Hypermethylated in DIS","cg24427850",0.68800906656198,0.81820545271952,0.13019638615754,0.0155861654084273,1,0.824239385583441
"Hypermethylated in DIS","cg24652615",0.65520413231823,0.921338234480529,0.2661341021623,8.59758088616385e-05,1,0.824239385583441
"Hypermethylated in DIS","cg24882324",0.0558773437722752,0.215921501263572,0.160044157491297,0.0270593983187248,1,0.824239385583441
"Hypermethylated in DIS","cg25521481",0.524744501142121,0.714613567874763,0.189869066732642,0.00305264330208613,1,0.824239385583441
"Hypermethylated in DIS","cg26266427",0.577103033363614,0.813937621566467,0.236834588202853,0.0202904188168465,1,0.824239385583441
"Hypermethylated in DIS","cg26327118",0.0967154131581675,0.218657288034297,0.12194187487613,0.0132900996470056,1,0.824239385583441
"Hypermethylated in DIS","cg26715042",0.583665491106977,0.845947446424266,0.262281955317288,0.0169032795737169,1,0.824239385583441
"Hypermethylated in DIS","cg26860970",0.203353120919294,0.341480282414379,0.138127161495085,0.0206646804423802,1,0.824239385583441
"Hypermethylated in DIS","cg27003765",0.692413935689069,0.845211232608035,0.152797296918966,0.00273164939495789,1,0.824239385583441
"Hypermethylated in DIS","cg27246129",0.584212554484422,0.831261833535575,0.247049279051152,0.000983952766920753,1,0.824239385583441
"Hypermethylated in DIS","cg27387193",0.466193192796303,0.785100595986602,0.318907403190299,0.00790571114520033,1,0.824239385583441
"Hypermethylated in DIS","cg00301762",0.624872586227376,0.778494195661586,0.15362160943421,0.00111422200076195,1,0.824239385583441
"Hypermethylated in DIS","cg00394725",0.665443541583625,0.787517990942396,0.122074449358771,0.0264103835468168,1,0.824239385583441
"Hypermethylated in DIS","cg00476243",0.0731020157679686,0.190775460966605,0.117673445198637,0.0295066044796287,1,0.824239385583441
"Hypermethylated in DIS","cg01785046",0.25123640117216,0.475331193607508,0.224094792435348,0.00662317013304333,1,0.824239385583441
"Hypermethylated in DIS","cg03368099",0.492501069313598,0.763773510297156,0.271272440983558,0.00747733509136401,1,0.824239385583441
"Hypermethylated in DIS","cg03453916",0.28184187378581,0.382658694155515,0.100816820369705,0.0231995675713995,1,0.824239385583441
"Hypermethylated in DIS","cg04795774",0.700990692201617,0.824965927696041,0.123975235494425,0.0462661922471994,1,0.824239385583441
"Hypermethylated in DIS","cg04896115",0.758766988287921,0.882299206498059,0.123532218210138,0.0355519204313252,1,0.824239385583441
"Hypermethylated in DIS","cg04996195",0.637751104486005,0.810264640928831,0.172513536442826,0.0459202735028862,1,0.824239385583441
"Hypermethylated in DIS","cg05017199",0.368751818562037,0.518371036538283,0.149619217976247,0.0274297223599025,1,0.824239385583441
"Hypermethylated in DIS","cg05069835",0.57060210600712,0.721829895508271,0.151227789501151,0.0386398151311799,1,0.824239385583441
"Hypermethylated in DIS","cg05666820",0.674836899657832,0.779111029035564,0.104274129377731,0.0484426279676123,1,0.824239385583441
"Hypermethylated in DIS","cg05822532",0.409593957536784,0.730015988866785,0.320422031330001,0.00395656437136328,1,0.824239385583441
"Hypermethylated in DIS","cg06145435",0.824202971398872,0.950103108796808,0.125900137397936,0.000547663532955942,1,0.824239385583441
"Hypermethylated in DIS","cg06942814",0.536726165687113,0.699374692655473,0.16264852696836,0.000129782516880235,1,0.824239385583441
"Hypermethylated in DIS","cg07027305",0.428730845302293,0.618162703520624,0.189431858218331,0.0301681833775498,1,0.824239385583441
"Hypermethylated in DIS","cg07075347",0.362915844348003,0.738285366044183,0.37536952169618,0.0242201322404125,1,0.824239385583441
"Hypermethylated in DIS","cg07211472",0.373029363907738,0.550502326682877,0.177472962775139,0.00450664185669972,1,0.824239385583441
"Hypermethylated in DIS","cg07788167",0.662514986450305,0.77325719426121,0.110742207810905,0.032963754751758,1,0.824239385583441
"Hypermethylated in DIS","cg08928675",0.447162175636381,0.630969307349698,0.183807131713317,0.0348261390667093,1,0.824239385583441
"Hypermethylated in DIS","cg10169462",0.294630600876495,0.496918363643344,0.202287762766849,0.0309125123713107,1,0.824239385583441
"Hypermethylated in DIS","cg10720000",0.601084856901828,0.775603134858292,0.174518277956464,0.0332532569805489,1,0.824239385583441
"Hypermethylated in DIS","cg11724970",0.769778086007409,0.921210396027813,0.151432310020404,0.0305312261507394,1,0.824239385583441
"Hypermethylated in DIS","cg14148253",0.690635579926313,0.835849861944906,0.145214282018594,0.0020536924638564,1,0.824239385583441
"Hypermethylated in DIS","cg14359292",0.32787075931449,0.529427962693686,0.201557203379196,0.00127070829427641,1,0.824239385583441
"Hypermethylated in DIS","cg14711997",0.45133451590693,0.68655147938144,0.23521696347451,0.0179418844178417,1,0.824239385583441
"Hypermethylated in DIS","cg14981253",0.567005841149245,0.69596756595759,0.128961724808346,0.0158760821622039,1,0.824239385583441
"Hypermethylated in DIS","cg16627090",0.38684915131183,0.705556958006171,0.318707806694341,0.0226456756233692,1,0.824239385583441
"Hypermethylated in DIS","cg17827650",0.691474263650059,0.863910468675176,0.172436205025117,0.00559042980939055,1,0.824239385583441
"Hypermethylated in DIS","cg18343290",0.269526636168214,0.40841079637584,0.138884160207625,0.0388599192714518,1,0.824239385583441
"Hypermethylated in DIS","cg19142026",0.474578658765832,0.769828852762291,0.295250193996459,0.00915135496168579,1,0.824239385583441
"Hypermethylated in DIS","cg19313311",0.625537622898943,0.823853260940007,0.198315638041063,0.00311906144331932,1,0.824239385583441
"Hypermethylated in DIS","cg19325139",0.469171941078186,0.670925718351173,0.201753777272987,0.00789004804327781,1,0.824239385583441
"Hypermethylated in DIS","cg22114489",0.326263845193366,0.553053531228644,0.226789686035278,0.0172676900052297,1,0.824239385583441
"Hypermethylated in DIS","cg22964985",0.0867133119184301,0.187159532653295,0.100446220734864,0.00359585188854864,1,0.824239385583441
"Hypermethylated in DIS","cg23305129",0.448755165291063,0.590907113435161,0.142151948144098,0.0208693188788046,1,0.824239385583441
"Hypermethylated in DIS","cg23752752",0.314865164977073,0.537907736567321,0.223042571590248,0.0276957906615176,1,0.824239385583441
"Hypermethylated in DIS","cg23884241",0.576841714154135,0.760775908727387,0.183934194573252,0.0125304074765499,1,0.824239385583441
"Hypermethylated in DIS","cg24040595",0.866523416930863,0.9720294268999,0.105506009969037,0.0375678889022954,1,0.824239385583441
"Hypermethylated in DIS","cg25817701",0.548434391884084,0.725967001848345,0.177532609964261,1.05476710051327e-05,1,0.731574406434856
"Hypermethylated in DIS","cg25823085",0.69009422869079,0.816462620589759,0.126368391898969,0.0446706839968195,1,0.824239385583441
"Hypermethylated in DIS","cg26647929",0.15389417470553,0.30937800487533,0.1554838301698,0.0380652553662354,1,0.824239385583441
"Hypermethylated in DIS","cg27209741",0.56487314434741,0.72371672838073,0.15884358403332,0.027707818184365,1,0.824239385583441
"Hypermethylated in DIS","cg01399317",0.487682964342463,0.816725367166875,0.329042402824412,0.0109804498221617,1,0.824239385583441
"Hypermethylated in DIS","cg02110858",0.757733853148866,0.862833167108891,0.105099313960025,0.0176108392701941,1,0.824239385583441
"Hypermethylated in DIS","cg05595301",0.394089222363124,0.543435929521336,0.149346707158212,0.011722739703964,1,0.824239385583441
"Hypermethylated in DIS","cg06398396",0.543573818505298,0.713293075593286,0.169719257087989,0.0308555698730965,1,0.824239385583441
"Hypermethylated in DIS","cg08224569",0.51234027075723,0.649095933154051,0.136755662396821,0.0308979752580356,1,0.824239385583441
"Hypermethylated in DIS","cg08302650",0.767512001979658,0.959035379898638,0.19152337791898,0.0186495443454014,1,0.824239385583441
"Hypermethylated in DIS","cg11205981",0.801237478513171,0.95463154306765,0.153394064554479,0.00189061583467497,1,0.824239385583441
"Hypermethylated in DIS","cg11471802",0.722746932481337,0.862923409639105,0.140176477157769,0.0030323872336664,1,0.824239385583441
"Hypermethylated in DIS","cg11931596",0.0981832672019465,0.353683633009286,0.255500365807339,0.0183056760056455,1,0.824239385583441
"Hypermethylated in DIS","cg12112870",0.342139673020159,0.523953542583587,0.181813869563427,0.0397669796544357,1,0.824239385583441
"Hypermethylated in DIS","cg13065228",0.738645574996498,0.900702490407424,0.162056915410925,0.0338824117171232,1,0.824239385583441
"Hypermethylated in DIS","cg13399544",0.653230732572025,0.847696174811092,0.194465442239067,0.00612151845830062,1,0.824239385583441
"Hypermethylated in DIS","cg13462219",0.634817007095166,0.86274225029582,0.227925243200654,0.0121180892469375,1,0.824239385583441
"Hypermethylated in DIS","cg13735469",0.460226972165725,0.752305208874415,0.29207823670869,0.0266730582381214,1,0.824239385583441
"Hypermethylated in DIS","cg15154047",0.617820383462569,0.743931314014924,0.126110930552356,0.00941454641124818,1,0.824239385583441
"Hypermethylated in DIS","cg19682134",0.467306247959672,0.769698502062603,0.302392254102931,0.00456490959278574,1,0.824239385583441
"Hypermethylated in DIS","cg20111321",0.67179045153655,0.948390015215798,0.276599563679248,0.0177195306599367,1,0.824239385583441
"Hypermethylated in DIS","cg20893180",0.735780747507915,0.863792474116936,0.128011726609021,0.0317394826986663,1,0.824239385583441
"Hypermethylated in DIS","cg20902757",0.635096658402497,0.826341187525654,0.191244529123157,0.00202761391665802,1,0.824239385583441
"Hypermethylated in DIS","cg21086940",0.453887858908793,0.595768135367192,0.141880276458399,0.00118502213405924,1,0.824239385583441
"Hypermethylated in DIS","cg21206652",0.286820778583166,0.544399180655011,0.257578402071845,0.0497124059742301,1,0.824239385583441
"Hypermethylated in DIS","cg21461564",0.584372298806002,0.73762252423404,0.153250225428038,0.000355361138389511,1,0.824239385583441
"Hypermethylated in DIS","cg21553145",0.40756455157724,0.641145300602563,0.233580749025322,0.0116501858133931,1,0.824239385583441
"Hypermethylated in DIS","cg22453529",0.642994321049789,0.868998530349982,0.226004209300193,0.00485054632809491,1,0.824239385583441
"Hypermethylated in DIS","cg22857963",0.194719781214788,0.574395681431287,0.379675900216499,0.0349498584162285,1,0.824239385583441
"Hypermethylated in DIS","cg24602417",0.131320834151244,0.280932179253838,0.149611345102594,0.0297612745075239,1,0.824239385583441
"Hypermethylated in DIS","cg25257677",0.708956890273961,0.821413967457715,0.112457077183754,0.0305962849433948,1,0.824239385583441
"Hypermethylated in DIS","cg25468618",0.64697973182376,0.964112182963345,0.317132451139584,0.0209982588970813,1,0.824239385583441
"Hypermethylated in DIS","cg26881863",0.790363028927758,0.911233918691862,0.120870889764104,0.0125042599285002,1,0.824239385583441
"Hypermethylated in DIS","cg27395654",0.255260739248695,0.394690440654526,0.13942970140583,0.0309485026114202,1,0.824239385583441
"Hypermethylated in DIS","cg13411784",0.484469086824539,0.757227279718087,0.272758192893548,0.00216242469624645,1,0.824239385583441
"Hypermethylated in DIS","cg13416866",0.299614137602833,0.428095934297925,0.128481796695092,0.0438184181196226,1,0.824239385583441
"Hypermethylated in DIS","cg13423383",0.565010434892833,0.886875749558309,0.321865314665476,0.000249004340744777,1,0.824239385583441
"Hypermethylated in DIS","cg13746854",0.375468412577756,0.932075453186873,0.556607040609117,0.000311968585310462,1,0.824239385583441
"Hypermethylated in DIS","cg13796381",0.413607090149985,0.571167255889389,0.157560165739403,0.0122089263022555,1,0.824239385583441
"Hypermethylated in DIS","cg13874425",0.199757382725286,0.584909856252607,0.385152473527321,0.00768109287477478,1,0.824239385583441
"Hypermethylated in DIS","cg13923371",0.435890387731286,0.705058394513924,0.269168006782638,0.0197900928009371,1,0.824239385583441
"Hypermethylated in DIS","cg13930651",0.163931900985353,0.404686413873003,0.24075451288765,0.0381176047052626,1,0.824239385583441
"Hypermethylated in DIS","cg13990947",0.125384974171406,0.245180007139578,0.119795032968172,0.014703925411691,1,0.824239385583441
"Hypermethylated in DIS","cg14035368",0.77081925914805,0.914460550075018,0.143641290926967,0.0274784424192315,1,0.824239385583441
"Hypermethylated in DIS","cg14250560",0.511921833710245,0.662424915941293,0.150503082231047,0.0407645128057178,1,0.824239385583441
"Hypermethylated in DIS","cg14316660",0.251086975974406,0.558250811824485,0.307163835850079,0.0148991163999117,1,0.824239385583441
"Hypermethylated in DIS","cg14342850",0.219558517812889,0.453771838188986,0.234213320376097,0.000520551564046748,1,0.824239385583441
"Hypermethylated in DIS","cg14511652",0.51663605377302,0.636737570917284,0.120101517144264,0.0346024593486691,1,0.824239385583441
"Hypermethylated in DIS","cg14517323",0.490031916871446,0.698203314479506,0.20817139760806,0.0253854570349662,1,0.824239385583441
"Hypermethylated in DIS","cg14614094",0.730031483052012,0.830823926133967,0.100792443081956,0.00671450466963682,1,0.824239385583441
"Hypermethylated in DIS","cg21241902",0.778726273016877,0.926998166446307,0.14827189342943,0.0011532251954433,1,0.824239385583441
"Hypermethylated in DIS","cg21251970",0.592916670051575,0.733609502903963,0.140692832852388,0.0136248717847921,1,0.824239385583441
"Hypermethylated in DIS","cg23928763",0.765487145192318,0.867917817920387,0.102430672728069,0.0497600199742148,1,0.824239385583441
"Hypermethylated in DIS","cg00561194",0.41297772256762,0.593983070090764,0.181005347523144,0.0112854188260623,1,0.824239385583441
"Hypermethylated in DIS","cg00912926",0.113973636233362,0.250798623740642,0.13682498750728,0.0392653374507177,1,0.824239385583441
"Hypermethylated in DIS","cg01175020",0.127036460596281,0.338726538708379,0.211690078112098,0.0128209835450615,1,0.824239385583441
"Hypermethylated in DIS","cg02393606",0.427275319680623,0.533121753271564,0.105846433590942,0.0179570191449221,1,0.824239385583441
"Hypermethylated in DIS","cg02613370",0.438995286777015,0.611405251802403,0.172409965025388,0.0241398888735821,1,0.824239385583441
"Hypermethylated in DIS","cg02698580",0.711298522903613,0.914300125600416,0.203001602696804,0.00639414842368966,1,0.824239385583441
"Hypermethylated in DIS","cg02721176",0.343516385784672,0.513563278872392,0.17004689308772,0.0462211286723625,1,0.824239385583441
"Hypermethylated in DIS","cg02722214",0.772795784667906,0.921425203293768,0.148629418625862,0.0101996776323505,1,0.824239385583441
"Hypermethylated in DIS","cg03444077",0.499297158426074,0.678527641195816,0.179230482769743,0.0322484441235138,1,0.824239385583441
"Hypermethylated in DIS","cg03677069",0.78104147945948,0.918379443868881,0.137337964409401,0.0244530514847909,1,0.824239385583441
"Hypermethylated in DIS","cg04406111",0.707287355490331,0.862547345957811,0.15525999046748,0.00142554819350254,1,0.824239385583441
"Hypermethylated in DIS","cg05265884",0.380269487411269,0.550386919341672,0.170117431930403,0.0409769011512758,1,0.824239385583441
"Hypermethylated in DIS","cg05524354",0.643391382996354,0.794998920733394,0.15160753773704,0.0309868932885093,1,0.824239385583441
"Hypermethylated in DIS","cg05593775",0.591612641634242,0.704756865783276,0.113144224149034,0.0421106192518546,1,0.824239385583441
"Hypermethylated in DIS","cg06188367",0.540501296633755,0.713282139705389,0.172780843071634,0.0189967074716447,1,0.824239385583441
"Hypermethylated in DIS","cg06382559",0.145578554539001,0.350415293772963,0.204836739233962,0.00819341656711544,1,0.824239385583441
"Hypermethylated in DIS","cg06972969",0.27960177501556,0.603336320983511,0.32373454596795,0.000367825086143505,1,0.824239385583441
"Hypermethylated in DIS","cg07089783",0.244977253295943,0.34736520374842,0.102387950452478,0.0323514057822933,1,0.824239385583441
"Hypermethylated in DIS","cg07370771",0.323174648196287,0.47118667690805,0.148012028711763,0.0383506948004569,1,0.824239385583441
"Hypermethylated in DIS","cg08584759",0.687887132501584,0.892110379306601,0.204223246805017,0.020973992249787,1,0.824239385583441
"Hypermethylated in DIS","cg09184467",0.265863981591035,0.369314637808637,0.103450656217602,0.00419908865460186,1,0.824239385583441
"Hypermethylated in DIS","cg09598552",0.741316014127461,0.880486517521272,0.13917050339381,0.000635739774900064,1,0.824239385583441
"Hypermethylated in DIS","cg10187894",0.792333911130901,0.898891856908612,0.106557945777711,0.0261715679075047,1,0.824239385583441
"Hypermethylated in DIS","cg10947831",0.193200097446485,0.396076351415599,0.202876253969114,0.0452762502267716,1,0.824239385583441
"Hypermethylated in DIS","cg11613559",0.849633637601921,0.964341694261586,0.114708056659666,0.0011515117411719,1,0.824239385583441
"Hypermethylated in DIS","cg12465710",0.296240463955904,0.400425517908089,0.104185053952185,0.0493633156439501,1,0.824239385583441
"Hypermethylated in DIS","cg12887581",0.786119406779061,0.890343770080475,0.104224363301414,0.0277284255785156,1,0.824239385583441
"Hypermethylated in DIS","cg13331196",0.283029545654002,0.497998041344296,0.214968495690295,0.00700388501970936,1,0.824239385583441
"Hypermethylated in DIS","cg13448197",0.170608350005447,0.368009965778153,0.197401615772706,0.00163064308612123,1,0.824239385583441
"Hypermethylated in DIS","cg13994504",0.670205627963088,0.832991929877192,0.162786301914104,0.0373750035016489,1,0.824239385583441
"Hypermethylated in DIS","cg14239307",0.64316138840746,0.808059324445898,0.164897936038438,0.0280637706242802,1,0.824239385583441
"Hypermethylated in DIS","cg14539179",0.0970128924827939,0.311016995203756,0.214004102720962,0.0187529263807324,1,0.824239385583441
"Hypermethylated in DIS","cg14896134",0.483871770982115,0.639787031142129,0.155915260160014,0.0156445927081907,1,0.824239385583441
"Hypermethylated in DIS","cg16461530",0.647031001351698,0.767049591026919,0.120018589675221,0.0142398115778763,1,0.824239385583441
"Hypermethylated in DIS","cg18107355",0.732923838360019,0.839815141698815,0.106891303338796,0.0410789289100525,1,0.824239385583441
"Hypermethylated in DIS","cg19317226",0.726469621421381,0.868452562606185,0.141982941184805,0.0420447844396852,1,0.824239385583441
"Hypermethylated in DIS","cg19511338",0.598098941479279,0.737352496083433,0.139253554604154,0.0064434688251029,1,0.824239385583441
"Hypermethylated in DIS","cg20120208",0.323013450630499,0.469324355443903,0.146310904813404,0.0287225269794223,1,0.824239385583441
"Hypermethylated in DIS","cg20386580",0.259941080341944,0.400877863573296,0.140936783231353,0.0372339227864889,1,0.824239385583441
"Hypermethylated in DIS","cg20638675",0.423883028588334,0.719555067803319,0.295672039214985,0.0203653648660922,1,0.824239385583441
"Hypermethylated in DIS","cg23916496",0.542351701760839,0.792103452698701,0.249751750937862,3.36517343910066e-05,1,0.742846114595751
"Hypermethylated in DIS","cg24969520",0.54864226411189,0.741763981894768,0.193121717782878,0.0151277246534666,1,0.824239385583441
"Hypermethylated in DIS","cg00414384",0.356863241425926,0.671711336779574,0.314848095353647,0.0261370314605071,1,0.824239385583441
"Hypermethylated in DIS","cg01794156",0.572445092189531,0.835938938727402,0.263493846537871,0.0353913243543835,1,0.824239385583441
"Hypermethylated in DIS","cg02493211",0.348237731672221,0.580498601019601,0.232260869347379,0.00114463902339596,1,0.824239385583441
"Hypermethylated in DIS","cg02841651",0.714483831644446,0.873754433390825,0.159270601746379,0.0319943137654214,1,0.824239385583441
"Hypermethylated in DIS","cg03022891",0.709354404159263,0.914247190306654,0.204892786147391,0.0109810647223638,1,0.824239385583441
"Hypermethylated in DIS","cg03780927",0.188272875821366,0.544063307075711,0.355790431254346,0.00289808958579131,1,0.824239385583441
"Hypermethylated in DIS","cg04044120",0.65671942074144,0.861132103421411,0.204412682679971,0.0325377188874254,1,0.824239385583441
"Hypermethylated in DIS","cg04726200",0.48705568014756,0.634359031298715,0.147303351151155,0.0317371049072234,1,0.824239385583441
"Hypermethylated in DIS","cg05543458",0.116962075814,0.324874705456792,0.207912629642793,0.0267457512480785,1,0.824239385583441
"Hypermethylated in DIS","cg06588556",0.55000489409529,0.811643463935788,0.261638569840498,0.00409181120648428,1,0.824239385583441
"Hypermethylated in DIS","cg06888460",0.682686077824987,0.912450405992033,0.229764328167047,0.00589729614462638,1,0.824239385583441
"Hypermethylated in DIS","cg07554011",0.256575630703291,0.370773694687731,0.11419806398444,0.000166031172681777,1,0.824239385583441
"Hypermethylated in DIS","cg10542562",0.233489804651557,0.488065308492492,0.254575503840935,0.000176456178011501,1,0.824239385583441
"Hypermethylated in DIS","cg10860860",0.548084601801487,0.654032900093455,0.105948298291968,0.000504006970308238,1,0.824239385583441
"Hypermethylated in DIS","cg11180199",0.482398596642307,0.609856509908972,0.127457913266665,0.0297357609207022,1,0.824239385583441
"Hypermethylated in DIS","cg11200963",0.754387677442443,0.858029752052567,0.103642074610123,0.0208434927832306,1,0.824239385583441
"Hypermethylated in DIS","cg11245990",0.404147666765546,0.517887636337649,0.113739969572102,0.0452641852454952,1,0.824239385583441
"Hypermethylated in DIS","cg11635197",0.808193299500234,0.973665357205553,0.165472057705318,0.000483397410455271,1,0.824239385583441
"Hypermethylated in DIS","cg11742103",0.13537219289042,0.47886871374018,0.343496520849761,0.00116595691732362,1,0.824239385583441
"Hypermethylated in DIS","cg12064373",0.262761959238851,0.512724553401431,0.249962594162581,0.00440756202129645,1,0.824239385583441
"Hypermethylated in DIS","cg12161971",0.718937597257226,0.918341312525926,0.1994037152687,0.00334512930513906,1,0.824239385583441
"Hypermethylated in DIS","cg12659626",0.290645199123028,0.406616047446739,0.115970848323711,0.00499131397926725,1,0.824239385583441
"Hypermethylated in DIS","cg13058214",0.427333508698571,0.695709955954782,0.268376447256211,0.02596475152137,1,0.824239385583441
"Hypermethylated in DIS","cg13298116",0.182008501516405,0.649513129668084,0.467504628151679,0.00933173851443141,1,0.824239385583441
"Hypermethylated in DIS","cg13529291",0.503963895181201,0.654932802874527,0.150968907693325,0.000681611004540557,1,0.824239385583441
"Hypermethylated in DIS","cg13860849",0.41848468115681,0.573511396169842,0.155026715013032,0.0367285974716084,1,0.824239385583441
"Hypermethylated in DIS","cg13987042",0.201752971859839,0.307477473224703,0.105724501364864,0.0433667712135173,1,0.824239385583441
"Hypermethylated in DIS","cg14409029",0.46435826013771,0.710385185327161,0.246026925189451,0.00752638029776519,1,0.824239385583441
"Hypermethylated in DIS","cg15124926",0.68436145021752,0.806780115216049,0.122418664998529,0.0346257080151651,1,0.824239385583441
"Hypermethylated in DIS","cg15243034",0.375953652264498,0.585920401966445,0.209966749701946,0.0437300171204225,1,0.824239385583441
"Hypermethylated in DIS","cg15463284",0.796705995096971,0.943644574150599,0.146938579053627,0.023353365833086,1,0.824239385583441
"Hypermethylated in DIS","cg16151451",0.361766346712975,0.46471542847085,0.102949081757875,0.00772255072803954,1,0.824239385583441
"Hypermethylated in DIS","cg17416644",0.635804954690332,0.832960959399384,0.197156004709051,0.00690186972580583,1,0.824239385583441
"Hypermethylated in DIS","cg17562763",0.0754912176379488,0.178891452709183,0.103400235071234,0.0319950545142142,1,0.824239385583441
"Hypermethylated in DIS","cg18888461",0.310409713352468,0.48947414880602,0.179064435453552,0.00124125098555463,1,0.824239385583441
"Hypermethylated in DIS","cg19497444",0.625687053403021,0.808338801886495,0.182651748483473,0.0179304137844002,1,0.824239385583441
"Hypermethylated in DIS","cg20092736",0.504732171779878,0.699486674771865,0.194754502991987,0.00909079864794858,1,0.824239385583441
"Hypermethylated in DIS","cg21999471",0.114991359169534,0.352341763448194,0.23735040427866,0.0322053272201227,1,0.824239385583441
"Hypermethylated in DIS","cg23884175",0.581457277796899,0.747653335572271,0.166196057775373,0.0302036675011926,1,0.824239385583441
"Hypermethylated in DIS","cg24637308",0.781148454889031,0.926871467889802,0.14572301300077,0.00875821941256792,1,0.824239385583441
"Hypermethylated in DIS","cg24996814",0.598613510752909,0.728184483015253,0.129570972262345,0.0104590646599458,1,0.824239385583441
"Hypermethylated in DIS","cg25132257",0.573164328460798,0.730080371819516,0.156916043358718,0.00766711109215005,1,0.824239385583441
"Hypermethylated in DIS","cg25258098",0.545021598339681,0.827569170790988,0.282547572451307,0.0349426551232929,1,0.824239385583441
"Hypermethylated in DIS","cg26811705",0.326915622311194,0.532491771541256,0.205576149230062,0.00369643060113568,1,0.824239385583441
"Hypermethylated in DIS","cg03307659",0.598182696554224,0.735995419113948,0.137812722559724,0.0337703854493131,1,0.824239385583441
"Hypermethylated in DIS","cg07134316",0.626264974592596,0.80772025557649,0.181455280983893,0.0203281487197141,1,0.824239385583441
"Hypermethylated in DIS","cg08726801",0.276367743813338,0.429851273039669,0.153483529226331,0.00692343445824824,1,0.824239385583441
"Hypermethylated in DIS","cg09049251",0.302749008110163,0.418281108870709,0.115532100760546,0.0255109053717612,1,0.824239385583441
"Hypermethylated in DIS","cg10082647",0.812720031468905,0.932176528250352,0.119456496781447,0.00732380681576212,1,0.824239385583441
"Hypermethylated in DIS","cg10832093",0.304653168632382,0.436459218848664,0.131806050216282,0.0494612528537405,1,0.824239385583441
"Hypermethylated in DIS","cg13031210",0.121975901722421,0.261970171316288,0.139994269593867,0.016032004149551,1,0.824239385583441
"Hypermethylated in DIS","cg15159017",0.326807226849581,0.459482160036225,0.132674933186644,0.016144378991756,1,0.824239385583441
"Hypermethylated in DIS","cg19787556",0.451717100430836,0.583793961041127,0.132076860610291,0.0167469086351413,1,0.824239385583441
"Hypermethylated in DIS","cg21053644",0.557599098740519,0.743950758829143,0.186351660088624,0.0259704377399178,1,0.824239385583441
"Hypermethylated in DIS","cg22958090",0.135759309578812,0.254820709277666,0.119061399698855,0.0365222809641626,1,0.824239385583441
"Hypermethylated in DIS","cg25027788",0.823965184493185,0.934745678129501,0.110780493636316,0.00498156169287947,1,0.824239385583441
"Hypermethylated in DIS","cg27649194",0.429208370750402,0.618855406774002,0.189647036023601,0.0475107113147597,1,0.824239385583441
"Hypermethylated in DIS","cg00557959",0.769779541832567,0.918341358037465,0.148561816204898,0.0206650992224136,1,0.824239385583441
"Hypermethylated in DIS","cg02113641",0.20396949669578,0.357995874604031,0.154026377908251,0.0335562193809406,1,0.824239385583441
"Hypermethylated in DIS","cg02291365",0.031642753628908,0.329266837284606,0.297624083655698,0.0341601759651473,1,0.824239385583441
"Hypermethylated in DIS","cg05656990",0.453558615604057,0.727893422842742,0.274334807238685,0.00388061452312026,1,0.824239385583441
"Hypermethylated in DIS","cg14646055",0.173449635995263,0.381116669969214,0.207667033973951,0.0441919882925422,1,0.824239385583441
"Hypermethylated in DIS","cg16134678",0.203862508642059,0.359704939390279,0.155842430748219,0.0393818685767019,1,0.824239385583441
"Hypermethylated in DIS","cg18582260",0.180365166254056,0.300014146266266,0.119648980012209,0.013604001414003,1,0.824239385583441
"Hypermethylated in DIS","cg18583910",0.182467314481646,0.344199830671097,0.161732516189452,0.0148052329473977,1,0.824239385583441
"Hypermethylated in DIS","cg19107655",0.722863801226417,0.822966285369715,0.100102484143298,0.0261346109191202,1,0.824239385583441
"Hypermethylated in DIS","cg22191606",0.458315502880533,0.620986067107061,0.162670564226528,0.000167932724893443,1,0.824239385583441
"Hypermethylated in DIS","cg22284043",0.0415670609123003,0.147288189109184,0.105721128196884,0.023898709050785,1,0.824239385583441
"Hypermethylated in DIS","cg23118561",0.662769270303025,0.92673839385095,0.263969123547925,0.0489407779246644,1,0.824239385583441
"Hypermethylated in DIS","cg26756769",0.551125875183607,0.67043071128516,0.119304836101552,0.0294732068290436,1,0.824239385583441
"Hypermethylated in DIS","cg00793719",0.394804813854334,0.561670239689612,0.166865425835278,0.00463740680259603,1,0.824239385583441
"Hypermethylated in DIS","cg01574481",0.25746640864616,0.540993775470049,0.283527366823889,0.0241261259715389,1,0.824239385583441
"Hypermethylated in DIS","cg01590338",0.503757337551647,0.722312007201771,0.218554669650125,0.0255118677791629,1,0.824239385583441
"Hypermethylated in DIS","cg04329125",0.413637887849759,0.7782136626075,0.364575774757741,0.0134574335661407,1,0.824239385583441
"Hypermethylated in DIS","cg04509559",0.228271801811277,0.398627402662191,0.170355600850914,0.0336357220549442,1,0.824239385583441
"Hypermethylated in DIS","cg04872848",0.649770146111206,0.793730901581174,0.143960755469968,0.0358850213290429,1,0.824239385583441
"Hypermethylated in DIS","cg04904561",0.5748067231543,0.816090191777929,0.241283468623629,0.0234472410489404,1,0.824239385583441
"Hypermethylated in DIS","cg05185038",0.724881109041031,0.891655197916089,0.166774088875059,0.0211701260998903,1,0.824239385583441
"Hypermethylated in DIS","cg06633543",0.804314932168676,0.920482306337842,0.116167374169165,0.000865241034847113,1,0.824239385583441
"Hypermethylated in DIS","cg10909152",0.774766505210033,0.922912492343515,0.148145987133482,0.00611161710747406,1,0.824239385583441
"Hypermethylated in DIS","cg12096447",0.765497849595578,0.897525013646196,0.132027164050618,0.00260359108663292,1,0.824239385583441
"Hypermethylated in DIS","cg13731605",0.144831923469637,0.267464267284432,0.122632343814795,0.00564767482223332,1,0.824239385583441
"Hypermethylated in DIS","cg14920289",0.23465478793085,0.380053373145935,0.145398585215085,0.00298240343469163,1,0.824239385583441
"Hypermethylated in DIS","cg15827779",0.236494511005204,0.435797834254451,0.199303323249248,0.00445217016113451,1,0.824239385583441
"Hypermethylated in DIS","cg16602316",0.175516380178479,0.419846755837729,0.24433037565925,0.0217540187844289,1,0.824239385583441
"Hypermethylated in DIS","cg18701685",0.273998359932967,0.397638565785263,0.123640205852295,0.00566927912666478,1,0.824239385583441
"Hypermethylated in DIS","cg19495714",0.630612883846724,0.908713242037452,0.278100358190728,0.00125010477819742,1,0.824239385583441
"Hypermethylated in DIS","cg24779941",0.277096848269336,0.447091445159144,0.169994596889808,0.0223031144141743,1,0.824239385583441
"Hypermethylated in DIS","cg27279301",0.608578503172907,0.854618355730068,0.24603985255716,0.00657998858378287,1,0.824239385583441
"Hypermethylated in DIS","cg00793843",0.103846911806152,0.22409669189584,0.120249780089688,0.021673989220118,1,0.824239385583441
"Hypermethylated in DIS","cg03455316",0.67012002180828,0.919158159142528,0.249038137334249,0.00165052779212822,1,0.824239385583441
"Hypermethylated in DIS","cg09214243",0.399724690143391,0.76161889571569,0.361894205572299,0.0196699305992089,1,0.824239385583441
"Hypermethylated in DIS","cg12414681",0.560263094888898,0.808130180357221,0.247867085468323,0.0173913760535298,1,0.824239385583441
"Hypermethylated in DIS","cg12630461",0.0923798585953494,0.217425117942179,0.125045259346829,0.0374444407720617,1,0.824239385583441
"Hypermethylated in DIS","cg12758090",0.525430842815747,0.672908770315448,0.1474779274997,0.00717887146755363,1,0.824239385583441
"Hypermethylated in DIS","cg13423098",0.495467495988012,0.630032233726769,0.134564737738757,0.0415258503887648,1,0.824239385583441
"Hypermethylated in DIS","cg13762474",0.758465506586732,0.868818783913064,0.110353277326332,0.00910786060779929,1,0.824239385583441
"Hypermethylated in DIS","cg15611336",0.162487673213009,0.266468153318597,0.103980480105588,0.0169005810906106,1,0.824239385583441
"Hypermethylated in DIS","cg16276982",0.313972128651395,0.615859026683004,0.30188689803161,0.017046130818717,1,0.824239385583441
"Hypermethylated in DIS","cg20314548",0.0756877925153677,0.23399984534664,0.158312052831272,0.0423871030004241,1,0.824239385583441
"Hypermethylated in DIS","cg20703122",0.211578006727166,0.346139028968028,0.134561022240862,0.0078670740877129,1,0.824239385583441
"Hypermethylated in DIS","cg00039463",0.758652029325813,0.861835842982149,0.103183813656336,0.0183942681746129,1,0.824239385583441
"Hypermethylated in DIS","cg00249383",0.336449333988041,0.587268396171133,0.250819062183093,0.028811707684043,1,0.824239385583441
"Hypermethylated in DIS","cg00253658",0.349704790337995,0.662822919685139,0.313118129347144,0.0233821570675362,1,0.824239385583441
"Hypermethylated in DIS","cg00481259",0.262571126134755,0.63982664813266,0.377255521997905,0.000252830520484329,1,0.824239385583441
"Hypermethylated in DIS","cg00770784",0.189926100900957,0.32009083041626,0.130164729515303,0.0300255101303242,1,0.824239385583441
"Hypermethylated in DIS","cg01754713",0.225360577275495,0.389058500731483,0.163697923455988,0.014831000353236,1,0.824239385583441
"Hypermethylated in DIS","cg01897156",0.634984067390427,0.773750147786107,0.138766080395681,0.0173471222697863,1,0.824239385583441
"Hypermethylated in DIS","cg02007567",0.680639893969559,0.841766524660111,0.161126630690553,0.0321725860263306,1,0.824239385583441
"Hypermethylated in DIS","cg02156899",0.675280796082676,0.915276259773155,0.239995463690478,0.000900972725105474,1,0.824239385583441
"Hypermethylated in DIS","cg02606058",0.794915020329218,0.934868350671918,0.1399533303427,0.0226045437542886,1,0.824239385583441
"Hypermethylated in DIS","cg02963119",0.381580250627303,0.697478126171263,0.31589787554396,0.00146431789269279,1,0.824239385583441
"Hypermethylated in DIS","cg03309770",0.329104521237392,0.52961318779315,0.200508666555758,0.0115292383728025,1,0.824239385583441
"Hypermethylated in DIS","cg03517083",0.514823136456597,0.737495936965012,0.222672800508416,0.0080032176764464,1,0.824239385583441
"Hypermethylated in DIS","cg03845626",0.1813734524097,0.28524163872052,0.10386818631082,0.0431712302635047,1,0.824239385583441
"Hypermethylated in DIS","cg04281019",0.455055114720931,0.679943175500631,0.2248880607797,0.0221865259030725,1,0.824239385583441
"Hypermethylated in DIS","cg04599341",0.423562864224001,0.73439425902119,0.31083139479719,0.0035715169930471,1,0.824239385583441
"Hypermethylated in DIS","cg05332854",0.657616447588525,0.809786069712511,0.152169622123986,0.0206526006828973,1,0.824239385583441
"Hypermethylated in DIS","cg05337711",0.351341453437026,0.505273682704025,0.153932229267,0.0485004889765226,1,0.824239385583441
"Hypermethylated in DIS","cg05351887",0.217123095046627,0.516515261919252,0.299392166872625,0.0038969101434618,1,0.824239385583441
"Hypermethylated in DIS","cg05457730",0.659383736961323,0.89912075039596,0.239737013434637,0.027450879959376,1,0.824239385583441
"Hypermethylated in DIS","cg05594286",0.484119835414101,0.586943418127198,0.102823582713097,0.0404240809623541,1,0.824239385583441
"Hypermethylated in DIS","cg05832869",0.516728999083611,0.635144245306453,0.118415246222842,0.0162277686001552,1,0.824239385583441
"Hypermethylated in DIS","cg05835346",0.657003435613917,0.767912958255697,0.11090952264178,0.0249768625004857,1,0.824239385583441
"Hypermethylated in DIS","cg05852052",0.702155461351639,0.809506995526192,0.107351534174554,0.0284099637891038,1,0.824239385583441
"Hypermethylated in DIS","cg05991492",0.309491495848881,0.667143562525291,0.357652066676411,0.00881524213430146,1,0.824239385583441
"Hypermethylated in DIS","cg06145800",0.708870508448297,0.865249477428949,0.156378968980653,0.00120864523760148,1,0.824239385583441
"Hypermethylated in DIS","cg06301726",0.567194016265633,0.701972632870738,0.134778616605105,0.0340775925696695,1,0.824239385583441
"Hypermethylated in DIS","cg06831064",0.820747298183073,0.942529050183042,0.121781751999969,0.00392331893299155,1,0.824239385583441
"Hypermethylated in DIS","cg06897661",0.763413216286951,0.890855789762132,0.127442573475181,0.00841423780923438,1,0.824239385583441
"Hypermethylated in DIS","cg07150862",0.217052610659979,0.39767297936975,0.180620368709771,0.0429559337748848,1,0.824239385583441
"Hypermethylated in DIS","cg07646362",0.555504274670971,0.728100572396599,0.172596297725628,0.0126825871213532,1,0.824239385583441
"Hypermethylated in DIS","cg07716847",0.634298759336781,0.75755218127363,0.123253421936849,0.0448358013804718,1,0.824239385583441
"Hypermethylated in DIS","cg07861603",0.440220672397751,0.720992610568464,0.280771938170713,0.00501137728348743,1,0.824239385583441
"Hypermethylated in DIS","cg07973095",0.177766725951709,0.704821898716033,0.527055172764323,0.00162557341303394,1,0.824239385583441
"Hypermethylated in DIS","cg08196561",0.648657416978911,0.870777927845444,0.222120510866532,0.0226193234096797,1,0.824239385583441
"Hypermethylated in DIS","cg08404702",0.816258493114481,0.933776295511007,0.117517802396527,0.00509347059951394,1,0.824239385583441
"Hypermethylated in DIS","cg08681685",0.344833042538997,0.639463485687002,0.294630443148004,0.040663911836453,1,0.824239385583441
"Hypermethylated in DIS","cg08690094",0.494532072095163,0.617962126422251,0.123430054327088,0.00136708282655242,1,0.824239385583441
"Hypermethylated in DIS","cg08899895",0.428975546993236,0.677635428238044,0.248659881244808,0.00194125618002545,1,0.824239385583441
"Hypermethylated in DIS","cg08980382",0.560439559538377,0.739756862352942,0.179317302814565,0.014278937044197,1,0.824239385583441
"Hypermethylated in DIS","cg09117114",0.735259926271989,0.846848540178025,0.111588613906036,0.0226714505219276,1,0.824239385583441
"Hypermethylated in DIS","cg09465703",0.106328736477895,0.36676470255908,0.260435966081185,0.00326025400744649,1,0.824239385583441
"Hypermethylated in DIS","cg09610767",0.518833906416497,0.636731806601918,0.117897900185421,0.0236270281078155,1,0.824239385583441
"Hypermethylated in DIS","cg09744766",0.0563395791862549,0.24059256489701,0.184252985710755,0.0401386246198846,1,0.824239385583441
"Hypermethylated in DIS","cg09780964",0.74591434025167,0.922809412086547,0.176895071834877,0.00161769289893529,1,0.824239385583441
"Hypermethylated in DIS","cg12064134",0.670006520245746,0.847514540208213,0.177508019962467,0.0277178242856873,1,0.824239385583441
"Hypermethylated in DIS","cg26603047",0.728340796835452,0.832264948765914,0.103924151930462,0.0475503569017341,1,0.824239385583441
"Hypermethylated in DIS","cg26657404",0.717621494209711,0.9053714377707,0.187749943560989,0.019669085223859,1,0.824239385583441
"Hypermethylated in DIS","cg26952618",0.39736619410741,0.572020805996524,0.174654611889115,0.0182454410486347,1,0.824239385583441
"Hypermethylated in DIS","cg27232078",0.744613630811376,0.915560997623934,0.170947366812557,0.000233624419710941,1,0.824239385583441
"Hypermethylated in DIS","cg27561907",0.804801808024129,0.929054273661149,0.12425246563702,0.0201046493161806,1,0.824239385583441
"Hypermethylated in DIS","cg00059374",0.504886631115454,0.720207122860736,0.215320491745282,0.0209899404559366,1,0.824239385583441
"Hypermethylated in DIS","cg00348467",0.447920364977084,0.603993421659178,0.156073056682094,0.041337380973928,1,0.824239385583441
"Hypermethylated in DIS","cg00744351",0.0660111280606873,0.201989872504391,0.135978744443703,0.0180139025887627,1,0.824239385583441
"Hypermethylated in DIS","cg01323777",0.252074695040198,0.747936333845177,0.495861638804978,0.000383367911085238,1,0.824239385583441
"Hypermethylated in DIS","cg01461856",0.172018130623321,0.279256235975632,0.107238105352312,0.0474753605006473,1,0.824239385583441
"Hypermethylated in DIS","cg01736243",0.538036845962331,0.701429048817906,0.163392202855575,0.0340487837191959,1,0.824239385583441
"Hypermethylated in DIS","cg02676175",0.45687614624136,0.848166860988165,0.391290714746805,0.00374226640403922,1,0.824239385583441
"Hypermethylated in DIS","cg02930419",0.270505185373672,0.388588903776498,0.118083718402826,0.0154732710889791,1,0.824239385583441
"Hypermethylated in DIS","cg03995300",0.234668417336737,0.52296790375136,0.288299486414623,0.0340438640897376,1,0.824239385583441
"Hypermethylated in DIS","cg04308185",0.631350950060026,0.774978047019701,0.143627096959674,0.0261274544513842,1,0.824239385583441
"Hypermethylated in DIS","cg05164926",0.249655398131671,0.493101477613686,0.243446079482016,0.0180953846448388,1,0.824239385583441
"Hypermethylated in DIS","cg06489606",0.694273237827327,0.847754024435603,0.153480786608276,0.0084942488348457,1,0.824239385583441
"Hypermethylated in DIS","cg06602723",0.222400636975281,0.372863704359647,0.150463067384366,0.0420555319018815,1,0.824239385583441
"Hypermethylated in DIS","cg06636541",0.314984030234878,0.561796661754285,0.246812631519407,0.0125036347305521,1,0.824239385583441
"Hypermethylated in DIS","cg06893273",0.531325450681599,0.664510706356647,0.133185255675048,0.0304771791645525,1,0.824239385583441
"Hypermethylated in DIS","cg07330481",0.704861687582337,0.815479232025716,0.110617544443378,0.0434512922267106,1,0.824239385583441
"Hypermethylated in DIS","cg08667128",0.186574954807874,0.438596606303878,0.252021651496005,0.0241615787110111,1,0.824239385583441
"Hypermethylated in DIS","cg09578319",0.51034464930437,0.626182614552149,0.115837965247779,0.0262208984284675,1,0.824239385583441
"Hypermethylated in DIS","cg10165801",0.525862769300023,0.713093458696457,0.187230689396434,0.0127409262316327,1,0.824239385583441
"Hypermethylated in DIS","cg10372920",0.19067322442658,0.341840486903197,0.151167262476616,0.0367261285470782,1,0.824239385583441
"Hypermethylated in DIS","cg10444806",0.485443594017622,0.66690931411537,0.181465720097748,0.0413288520818794,1,0.824239385583441
"Hypermethylated in DIS","cg10801328",0.0876533078511309,0.20033430926256,0.112681001411429,0.0310979176000524,1,0.824239385583441
"Hypermethylated in DIS","cg11521079",0.519789807622363,0.65263498431249,0.132845176690127,0.0488442280361793,1,0.824239385583441
"Hypermethylated in DIS","cg11976222",0.0929654276803138,0.238589222638554,0.14562379495824,0.0268870108770809,1,0.824239385583441
"Hypermethylated in DIS","cg12131208",0.714892072623829,0.883442719832238,0.16855064720841,0.0300257024276608,1,0.824239385583441
"Hypermethylated in DIS","cg12350592",0.498027189886535,0.681987825176082,0.183960635289547,0.00889275723830773,1,0.824239385583441
"Hypermethylated in DIS","cg12684052",0.66525762758742,0.785807278197114,0.120549650609694,0.0168817384766355,1,0.824239385583441
"Hypermethylated in DIS","cg13377102",0.438946875060248,0.83701688001648,0.398070004956232,0.00112650573825712,1,0.824239385583441
"Hypermethylated in DIS","cg13389502",0.564944155762919,0.695151192949247,0.130207037186328,0.00740118822808498,1,0.824239385583441
"Hypermethylated in DIS","cg13407335",0.298780219536987,0.748894343707443,0.450114124170456,0.000596379310069541,1,0.824239385583441
"Hypermethylated in DIS","cg13479204",0.419531272048862,0.692815907018878,0.273284634970017,0.0293674515543337,1,0.824239385583441
"Hypermethylated in DIS","cg13768953",0.703619831426162,0.856097118772772,0.15247728734661,0.00814442462481656,1,0.824239385583441
"Hypermethylated in DIS","cg14399930",0.105867764702525,0.329799440399809,0.223931675697284,0.0419294660265745,1,0.824239385583441
"Hypermethylated in DIS","cg14560110",0.589539608043442,0.86103801426701,0.271498406223568,0.0436752679732874,1,0.824239385583441
"Hypermethylated in DIS","cg15610667",0.238364306667237,0.356114567422826,0.117750260755589,0.00592932590328019,1,0.824239385583441
"Hypermethylated in DIS","cg15909132",0.304425708404311,0.687608737256321,0.38318302885201,0.017244832529612,1,0.824239385583441
"Hypermethylated in DIS","cg15951188",0.539601402207452,0.854242069690342,0.314640667482889,0.000666515930742351,1,0.824239385583441
"Hypermethylated in DIS","cg16464924",0.250377849440267,0.816624807852065,0.566246958411798,0.0290399727942625,1,0.824239385583441
"Hypermethylated in DIS","cg16513459",0.307725288088529,0.673103519238902,0.365378231150373,0.000537505041595508,1,0.824239385583441
"Hypermethylated in DIS","cg16591659",0.75548117062531,0.881976581280233,0.126495410654923,0.0316670466001341,1,0.824239385583441
"Hypermethylated in DIS","cg16779839",0.0595290205638296,0.174294040154702,0.114765019590873,0.000372739753853902,1,0.824239385583441
"Hypermethylated in DIS","cg17624802",0.0938839294547628,0.409856775708807,0.315972846254044,0.00667294606684869,1,0.824239385583441
"Hypermethylated in DIS","cg18050634",0.684561816589998,0.803823493834419,0.119261677244421,0.0296133745123059,1,0.824239385583441
"Hypermethylated in DIS","cg18223453",0.784764884144397,0.913749781328811,0.128984897184414,0.00356784043722884,1,0.824239385583441
"Hypermethylated in DIS","cg18318818",0.454156280981936,0.559686629277082,0.105530348295146,0.00951748016491035,1,0.824239385583441
"Hypermethylated in DIS","cg19935040",0.195255248462071,0.532197415630649,0.336942167168577,0.0356112507795705,1,0.824239385583441
"Hypermethylated in DIS","cg19950606",0.483478775030298,0.667490723980736,0.184011948950438,0.00255176517819203,1,0.824239385583441
"Hypermethylated in DIS","cg21017569",0.558602925675924,0.926106077884138,0.367503152208215,0.00488663142372256,1,0.824239385583441
"Hypermethylated in DIS","cg21186576",0.794372830662431,0.906165729880156,0.111792899217725,0.0199621831356385,1,0.824239385583441
"Hypermethylated in DIS","cg22361859",0.146445279831381,0.343033083695007,0.196587803863626,0.0146403861981998,1,0.824239385583441
"Hypermethylated in DIS","cg22894896",0.280655643069781,0.506929658630018,0.226274015560237,0.0410397820066465,1,0.824239385583441
"Hypermethylated in DIS","cg23365801",0.233358666119579,0.583973245314457,0.350614579194878,0.000847757009483631,1,0.824239385583441
"Hypermethylated in DIS","cg23591595",0.753058951893338,0.901473400431466,0.148414448538128,0.0148965715925281,1,0.824239385583441
"Hypermethylated in DIS","cg23766254",0.0304989756105512,0.340861441697788,0.310362466087237,0.0223576281032548,1,0.824239385583441
"Hypermethylated in DIS","cg23925513",0.738734187478141,0.83927869569651,0.100544508218369,0.0187559636073936,1,0.824239385583441
"Hypermethylated in DIS","cg25243008",0.65327480577584,0.794763100482991,0.141488294707151,0.00916952905092805,1,0.824239385583441
"Hypermethylated in DIS","cg26162794",0.7805864163267,0.913612245028189,0.133025828701489,0.0128604441564624,1,0.824239385583441
"Hypermethylated in DIS","cg26314966",0.783108242441957,0.918283075456092,0.135174833014135,0.0132314030545221,1,0.824239385583441
"Hypermethylated in DIS","cg26757221",0.551545075552173,0.769496721912112,0.21795164635994,0.00681910329504108,1,0.824239385583441
"Hypermethylated in DIS","cg26906998",0.172118221462421,0.322140613155924,0.150022391693503,0.00676696526116756,1,0.824239385583441
"Hypermethylated in DIS","cg27362525",0.126395417953457,0.307053449844472,0.180658031891015,0.0178217142201291,1,0.824239385583441
"Hypermethylated in DIS","cg13460311",0.62878175608232,0.810931310978048,0.182149554895728,0.00657836273303816,1,0.824239385583441
"Hypermethylated in DIS","cg14612068",0.300305850441773,0.411910829321671,0.111604978879898,0.0428673318114191,1,0.824239385583441
"Hypermethylated in DIS","cg14959820",0.528517134340499,0.642787087252908,0.114269952912409,0.0207283155476108,1,0.824239385583441
"Hypermethylated in DIS","cg18709881",0.783143610165651,0.946981187683761,0.16383757751811,0.0285245811417749,1,0.824239385583441
"Hypermethylated in DIS","cg19316407",0.522786181269401,0.627888911150621,0.10510272988122,0.0202509707090431,1,0.824239385583441
"Hypermethylated in DIS","cg20238412",0.223244713154558,0.454984344503057,0.2317396313485,0.0263425535662467,1,0.824239385583441
"Hypermethylated in DIS","cg22048216",0.254055484633367,0.386528013841889,0.132472529208522,0.0164710277395748,1,0.824239385583441
"Hypermethylated in DIS","cg24228532",0.467651493439987,0.700055828783253,0.232404335343266,0.0242453566693863,1,0.824239385583441
"Hypermethylated in DIS","cg27624471",0.564738714421218,0.728438280358241,0.163699565937023,0.0333404294845685,1,0.824239385583441
"Hypermethylated in DIS","cg00380835",0.704200870776316,0.84939248501324,0.145191614236924,0.0127480961188037,1,0.824239385583441
"Hypermethylated in DIS","cg00434573",0.184199074152087,0.39166430243462,0.207465228282533,0.013447068378298,1,0.824239385583441
"Hypermethylated in DIS","cg00590063",0.18029937869124,0.439270560884478,0.258971182193238,0.0432840209234422,1,0.824239385583441
"Hypermethylated in DIS","cg01405445",0.517325528915232,0.726640376305776,0.209314847390544,0.0105713480527238,1,0.824239385583441
"Hypermethylated in DIS","cg01632288",0.582409960708536,0.70741054246398,0.125000581755444,0.0199781511007628,1,0.824239385583441
"Hypermethylated in DIS","cg02010738",0.303540239362055,0.434213240889824,0.130673001527769,0.013225425771242,1,0.824239385583441
"Hypermethylated in DIS","cg02452966",0.0894616410272238,0.450857376193346,0.361395735166122,0.0334889118460577,1,0.824239385583441
"Hypermethylated in DIS","cg02784823",0.761137127356994,0.931196791350611,0.170059663993617,0.0231819164144174,1,0.824239385583441
"Hypermethylated in DIS","cg02999013",0.707480041809972,0.821005845898831,0.113525804088859,0.0320815272642872,1,0.824239385583441
"Hypermethylated in DIS","cg03270332",0.700916256774028,0.900088060526755,0.199171803752727,0.0164240440688776,1,0.824239385583441
"Hypermethylated in DIS","cg03337057",0.36510511439416,0.634801930110347,0.269696815716188,0.0308546445512345,1,0.824239385583441
"Hypermethylated in DIS","cg03344031",0.36455025339297,0.607430172229964,0.242879918836994,0.0120310669370433,1,0.824239385583441
"Hypermethylated in DIS","cg03630821",0.51266392748917,0.848706470055219,0.336042542566049,0.000578772301503838,1,0.824239385583441
"Hypermethylated in DIS","cg03716852",0.580979591051693,0.818117187180692,0.237137596129,0.0170469770295368,1,0.824239385583441
"Hypermethylated in DIS","cg04247135",0.691100111564881,0.797194063373424,0.106093951808543,0.0315324584645809,1,0.824239385583441
"Hypermethylated in DIS","cg04518195",0.707866560407093,0.861137339888183,0.15327077948109,0.0178767704946147,1,0.824239385583441
"Hypermethylated in DIS","cg04579398",0.451079822816029,0.633545149225417,0.182465326409388,0.0170360500069718,1,0.824239385583441
"Hypermethylated in DIS","cg04731926",0.184576791960746,0.308760856136851,0.124184064176105,0.0489762867998446,1,0.824239385583441
"Hypermethylated in DIS","cg05006231",0.152211223381602,0.531474745197465,0.379263521815863,0.00219660673148845,1,0.824239385583441
"Hypermethylated in DIS","cg05368740",0.202502706530657,0.459353913282317,0.25685120675166,0.00231856633194768,1,0.824239385583441
"Hypermethylated in DIS","cg06381803",0.40556053018389,0.555982636439271,0.150422106255381,0.0256434752971172,1,0.824239385583441
"Hypermethylated in DIS","cg06686742",0.578187409202168,0.776444424510864,0.198257015308695,0.0137192413216566,1,0.824239385583441
"Hypermethylated in DIS","cg06693983",0.751665606030934,0.933125805210197,0.181460199179263,0.0115917004622501,1,0.824239385583441
"Hypermethylated in DIS","cg07355926",0.128536478516881,0.4592159432424,0.330679464725519,0.00372610821917062,1,0.824239385583441
"Hypermethylated in DIS","cg07676517",0.329683055524233,0.443343263564721,0.113660208040488,0.0284523388526245,1,0.824239385583441
"Hypermethylated in DIS","cg07743231",0.480850826315981,0.641180267413857,0.160329441097876,0.004206599608373,1,0.824239385583441
"Hypermethylated in DIS","cg07785717",0.510193415377597,0.694991375278503,0.184797959900906,0.0237413078969085,1,0.824239385583441
"Hypermethylated in DIS","cg08043345",0.823756999001568,0.926670983862834,0.102913984861266,0.0129405583810597,1,0.824239385583441
"Hypermethylated in DIS","cg08404221",0.283299151144214,0.419568477994858,0.136269326850644,0.0385404821575603,1,0.824239385583441
"Hypermethylated in DIS","cg08610426",0.421928527418177,0.580874312408442,0.158945784990265,0.017796462341425,1,0.824239385583441
"Hypermethylated in DIS","cg08617160",0.496593520740948,0.780304235377351,0.283710714636404,0.0186353974871081,1,0.824239385583441
"Hypermethylated in DIS","cg08633479",0.670754364107635,0.832521343328853,0.161766979221218,0.0456732201351138,1,0.824239385583441
"Hypermethylated in DIS","cg08679971",0.745967524290898,0.91841570212025,0.172448177829352,0.0214789097813909,1,0.824239385583441
"Hypermethylated in DIS","cg08704562",0.180731627952882,0.395962574251293,0.21523094629841,0.00966394037079417,1,0.824239385583441
"Hypermethylated in DIS","cg08888354",0.604915204115531,0.822800249148452,0.217885045032921,0.00975137810861271,1,0.824239385583441
"Hypermethylated in DIS","cg09487449",0.66514377169902,0.902600480401307,0.237456708702288,0.0015200672303475,1,0.824239385583441
"Hypermethylated in DIS","cg09508496",0.104777302769589,0.420377119786414,0.315599817016825,0.000435312076158434,1,0.824239385583441
"Hypermethylated in DIS","cg09906922",0.193873363578617,0.339621047276062,0.145747683697444,0.00012193711825522,1,0.824239385583441
"Hypermethylated in DIS","cg10181414",0.631535369012306,0.835551385430859,0.204016016418553,0.0250420293657316,1,0.824239385583441
"Hypermethylated in DIS","cg10404009",0.487787445336105,0.669845094425079,0.182057649088974,0.00742150179417483,1,0.824239385583441
"Hypermethylated in DIS","cg10742957",0.306372645446848,0.565882828161962,0.259510182715114,0.00942384884727959,1,0.824239385583441
"Hypermethylated in DIS","cg10831285",0.189383461624715,0.331414409302496,0.142030947677781,0.0106365225039278,1,0.824239385583441
"Hypermethylated in DIS","cg11434705",0.121992006321493,0.424020866910822,0.302028860589329,0.000691030997249985,1,0.824239385583441
"Hypermethylated in DIS","cg11545720",0.447763644450921,0.688368474651226,0.240604830200305,0.00648675061561518,1,0.824239385583441
"Hypermethylated in DIS","cg11740068",0.544491931052965,0.698292438601335,0.153800507548371,0.00563656974549376,1,0.824239385583441
"Hypermethylated in DIS","cg12243267",0.790001949495783,0.927422796668673,0.137420847172891,0.033666312743616,1,0.824239385583441
"Hypermethylated in DIS","cg13382661",0.167977870342964,0.292057758367272,0.124079888024307,0.0191632665077946,1,0.824239385583441
"Hypermethylated in DIS","cg14106680",0.850877295936534,0.955015107620015,0.10413781168348,0.0197991841769222,1,0.824239385583441
"Hypermethylated in DIS","cg14126461",0.234215904368241,0.351724641205972,0.11750873683773,0.0481388763205559,1,0.824239385583441
"Hypermethylated in DIS","cg14206172",0.351809755229955,0.642588988149496,0.290779232919541,0.0239208671073456,1,0.824239385583441
"Hypermethylated in DIS","cg14542583",0.0885486573777725,0.209725444517457,0.121176787139685,0.00737326376864886,1,0.824239385583441
"Hypermethylated in DIS","cg14724749",0.667697367685474,0.829070854185218,0.161373486499744,0.0132206034785182,1,0.824239385583441
"Hypermethylated in DIS","cg14876077",0.565973400359278,0.722682812183836,0.156709411824558,0.0289811618693667,1,0.824239385583441
"Hypermethylated in DIS","cg15246590",0.402680315240056,0.594662051759825,0.19198173651977,0.0283888796527719,1,0.824239385583441
"Hypermethylated in DIS","cg15488009",0.150265239182648,0.490391474446108,0.34012623526346,0.00293679867923415,1,0.824239385583441
"Hypermethylated in DIS","cg15572907",0.41998034115645,0.715197824364597,0.295217483208148,0.00877729571819824,1,0.824239385583441
"Hypermethylated in DIS","cg15584071",0.681314491445651,0.792013034774371,0.11069854332872,0.0378828361339194,1,0.824239385583441
"Hypermethylated in DIS","cg15986919",0.359701785063727,0.505046923086287,0.14534513802256,0.0205538512055149,1,0.824239385583441
"Hypermethylated in DIS","cg16194588",0.652801083633912,0.884298074926477,0.231496991292565,0.0249546164717253,1,0.824239385583441
"Hypermethylated in DIS","cg16859884",0.0595419058454902,0.26250475573121,0.202962849885719,0.0040221417561034,1,0.824239385583441
"Hypermethylated in DIS","cg17344906",0.558050583211376,0.68551118582684,0.127460602615464,0.000465075648508903,1,0.824239385583441
"Hypermethylated in DIS","cg18055623",0.485903166865737,0.719979094909991,0.234075928044255,0.00599316818479501,1,0.824239385583441
"Hypermethylated in DIS","cg18225577",0.349395059486495,0.746914112641353,0.397519053154858,0.000620020012754541,1,0.824239385583441
"Hypermethylated in DIS","cg18229178",0.316807949026498,0.653240863625011,0.336432914598512,0.0097585650450899,1,0.824239385583441
"Hypermethylated in DIS","cg18363918",0.51079170367685,0.635567034628023,0.124775330951173,0.0216018934198506,1,0.824239385583441
"Hypermethylated in DIS","cg18383668",0.755364343556704,0.968433820216042,0.213069476659338,0.00665311786244872,1,0.824239385583441
"Hypermethylated in DIS","cg19389372",0.422753775238501,0.628670121352642,0.205916346114141,0.0404957770377674,1,0.824239385583441
"Hypermethylated in DIS","cg19402371",0.713816490418421,0.891074005286357,0.177257514867936,0.00959383361101294,1,0.824239385583441
"Hypermethylated in DIS","cg19648552",0.811129685096878,0.911480884681278,0.1003511995844,0.0435519943913317,1,0.824239385583441
"Hypermethylated in DIS","cg19851563",0.589085799994667,0.834544501373761,0.245458701379094,0.00938014538616836,1,0.824239385583441
"Hypermethylated in DIS","cg20458779",0.655588970704328,0.810403407818941,0.154814437114612,0.0233180422709768,1,0.824239385583441
"Hypermethylated in DIS","cg20716515",0.271384481224436,0.493017952322437,0.221633471098001,0.0207127112386569,1,0.824239385583441
"Hypermethylated in DIS","cg20724680",0.735589805535524,0.92032585494048,0.184736049404956,0.00532637815809782,1,0.824239385583441
"Hypermethylated in DIS","cg21073930",0.656378339044042,0.93471466718046,0.278336328136419,0.0206078300368093,1,0.824239385583441
"Hypermethylated in DIS","cg21542881",0.650297402208665,0.769558434500328,0.119261032291663,0.00584903961193832,1,0.824239385583441
"Hypermethylated in DIS","cg21977234",0.703084521675804,0.894311784319115,0.191227262643311,0.0162203086072531,1,0.824239385583441
"Hypermethylated in DIS","cg21994712",0.647899505583645,0.786704147224761,0.138804641641116,0.0287340317007642,1,0.824239385583441
"Hypermethylated in DIS","cg23332335",0.212798824980333,0.425631990145079,0.212833165164746,0.00905312184724943,1,0.824239385583441
"Hypermethylated in DIS","cg24118856",0.226907006103709,0.429854189164322,0.202947183060613,0.0135133525467298,1,0.824239385583441
"Hypermethylated in DIS","cg24324837",0.685648183275538,0.878823851127729,0.193175667852191,0.00633396669608219,1,0.824239385583441
"Hypermethylated in DIS","cg24402300",0.635667948652527,0.820009974765276,0.184342026112748,0.00328990560589561,1,0.824239385583441
"Hypermethylated in DIS","cg24699296",0.762296669641049,0.959080900711361,0.196784231070312,0.00493646476735873,1,0.824239385583441
"Hypermethylated in DIS","cg24840300",0.691844199530456,0.983977584496683,0.292133384966228,0.00977070425219302,1,0.824239385583441
"Hypermethylated in DIS","cg24860092",0.460546460909132,0.627196204700862,0.16664974379173,0.0243494092328822,1,0.824239385583441
"Hypermethylated in DIS","cg24864275",0.743340201263494,0.890020742701783,0.146680541438289,0.00463476388712652,1,0.824239385583441
"Hypermethylated in DIS","cg24900663",0.227269303730379,0.376773374863125,0.149504071132746,0.00764611660071569,1,0.824239385583441
"Hypermethylated in DIS","cg24923931",0.287466109449651,0.72016362945066,0.432697520001009,0.0155223593578916,1,0.824239385583441
"Hypermethylated in DIS","cg25293806",0.483828177218614,0.749725496358264,0.26589731913965,0.0119593146127664,1,0.824239385583441
"Hypermethylated in DIS","cg25293896",0.214559005557519,0.420474622775372,0.205915617217853,0.010931706552675,1,0.824239385583441
"Hypermethylated in DIS","cg25623524",0.720117120455731,0.926835683421742,0.206718562966012,0.00532549573559303,1,0.824239385583441
"Hypermethylated in DIS","cg26254045",0.135312933967417,0.354953686067767,0.21964075210035,0.00299694126533889,1,0.824239385583441
"Hypermethylated in DIS","cg26272443",0.317265046615066,0.429910660270558,0.112645613655492,0.000387747425582397,1,0.824239385583441
"Hypermethylated in DIS","cg26280727",0.792215854018045,0.892730846267777,0.100514992249732,0.0389309587507231,1,0.824239385583441
"Hypermethylated in DIS","cg26522743",0.585916635219001,0.703916229841368,0.117999594622367,0.0177868893524281,1,0.824239385583441
"Hypermethylated in DIS","cg26643967",0.500060520802155,0.714797191060376,0.214736670258222,0.00810890199152766,1,0.824239385583441
"Hypermethylated in DIS","cg26744682",0.407961461055784,0.645024478318166,0.237063017262382,0.00226037958251525,1,0.824239385583441
"Hypermethylated in DIS","cg26787220",0.151800512429391,0.315956470523004,0.164155958093612,0.000194504577374693,1,0.824239385583441
"Hypermethylated in DIS","cg26858144",0.307848229537063,0.469558485612098,0.161710256075035,0.0247589733394927,1,0.824239385583441
"Hypermethylated in DIS","cg27549878",0.0396214471590172,0.216531727294155,0.176910280135138,0.0281691353661307,1,0.824239385583441
"Hypermethylated in DIS","cg00859739",0.107562392328261,0.213328206900686,0.105765814572426,0.0386592362332811,1,0.824239385583441
"Hypermethylated in DIS","cg01235820",0.619812962711338,0.763905401801459,0.14409243909012,0.0219213895969487,1,0.824239385583441
"Hypermethylated in DIS","cg01463540",0.24389493078699,0.38255042908179,0.1386554982948,0.0317546883500581,1,0.824239385583441
"Hypermethylated in DIS","cg03711791",0.746291168953757,0.883018666504575,0.136727497550818,0.0132823754968671,1,0.824239385583441
"Hypermethylated in DIS","cg04632887",0.551876700012256,0.746692097998058,0.194815397985802,0.0340779008026261,1,0.824239385583441
"Hypermethylated in DIS","cg05825244",0.240276805490059,0.844988876652268,0.604712071162209,0.00180296558741025,1,0.824239385583441
"Hypermethylated in DIS","cg06060522",0.620386504469707,0.782313360661364,0.161926856191657,0.0403952546161598,1,0.824239385583441
"Hypermethylated in DIS","cg06575144",0.365412693962177,0.475084885023709,0.109672191061532,0.0188406665262712,1,0.824239385583441
"Hypermethylated in DIS","cg11837293",0.236983672500197,0.376555311749665,0.139571639249468,0.045741258145037,1,0.824239385583441
"Hypermethylated in DIS","cg11959399",0.217110897460496,0.433152120051555,0.216041222591059,0.0240338296002023,1,0.824239385583441
"Hypermethylated in DIS","cg12176783",0.742616892415065,0.936974585835328,0.194357693420263,0.000139325591937696,1,0.824239385583441
"Hypermethylated in DIS","cg14080585",0.651733171182162,0.80823376516977,0.156500593987608,0.0126951582000707,1,0.824239385583441
"Hypermethylated in DIS","cg14895298",0.628063971003604,0.781759201679245,0.153695230675641,0.0410496602338526,1,0.824239385583441
"Hypermethylated in DIS","cg16914370",0.467169998411117,0.675954359998922,0.208784361587805,0.0414319154040039,1,0.824239385583441
"Hypermethylated in DIS","cg17069396",0.0428318119899607,0.274162283602061,0.2313304716121,0.00841533585714165,1,0.824239385583441
"Hypermethylated in DIS","cg19037007",0.210109411283329,0.411658133269328,0.201548721985999,0.0215202434435579,1,0.824239385583441
"Hypermethylated in DIS","cg20482390",0.585311029875202,0.712523066626785,0.127212036751583,0.0202423177060759,1,0.824239385583441
"Hypermethylated in DIS","cg22595230",0.800261728911563,0.960768756887723,0.16050702797616,0.0425252606532313,1,0.824239385583441
"Hypermethylated in DIS","cg24263062",0.566701876591936,0.85538046768537,0.288678591093434,0.0359749683137652,1,0.824239385583441
"Hypermethylated in DIS","cg25006249",0.60316618105455,0.890385606095221,0.287219425040671,0.0305179583271948,1,0.824239385583441
"Hypermethylated in DIS","cg25356393",0.756922619750465,0.904221141359906,0.147298521609441,0.00188332881352551,1,0.824239385583441
"Hypermethylated in DIS","cg00994804",0.148133941147251,0.742854099081365,0.594720157934114,0.000314331133181467,1,0.824239385583441
"Hypermethylated in DIS","cg01664727",0.209601201172846,0.776984858124942,0.567383656952096,0.000102309833115641,1,0.824239385583441
"Hypermethylated in DIS","cg02869559",0.212356244521662,0.759108611592838,0.546752367071176,0.000355198908060064,1,0.824239385583441
"Hypermethylated in DIS","cg06758350",0.242093964762671,0.724169801886248,0.482075837123577,0.00117030653746113,1,0.824239385583441
"Hypermethylated in DIS","cg07397296",0.283810413194937,0.426984348266582,0.143173935071644,0.00953501273152841,1,0.824239385583441
"Hypermethylated in DIS","cg11359720",0.744742540514914,0.921007187788565,0.176264647273651,0.000616102808242312,1,0.824239385583441
"Hypermethylated in DIS","cg12477880",0.178678266764011,0.774689759219305,0.596011492455294,0.00100403763651495,1,0.824239385583441
"Hypermethylated in DIS","cg13695288",0.624391051915061,0.743470244142754,0.119079192227693,0.00728775563784418,1,0.824239385583441
"Hypermethylated in DIS","cg21053323",0.0343800510328744,0.148359838141998,0.113979787109123,0.0348768514164827,1,0.824239385583441
"Hypermethylated in DIS","cg00147172",0.777091357549739,0.909243543894652,0.132152186344913,0.0319534821654515,1,0.824239385583441
"Hypermethylated in DIS","cg00270625",0.705576428152895,0.958036042047436,0.252459613894541,0.00104020243564981,1,0.824239385583441
"Hypermethylated in DIS","cg01081346",0.821788152183927,0.978226317282289,0.156438165098362,0.0139750147892207,1,0.824239385583441
"Hypermethylated in DIS","cg04046669",0.203921854057718,0.3143145704925,0.110392716434782,0.00657369233801725,1,0.824239385583441
"Hypermethylated in DIS","cg04717802",0.082596235401285,0.188317854519739,0.105721619118454,0.03719481248257,1,0.824239385583441
"Hypermethylated in DIS","cg05064106",0.736745310009143,0.933415556077587,0.196670246068443,0.000189091187206907,1,0.824239385583441
"Hypermethylated in DIS","cg05156901",0.556216626200429,0.966505206903515,0.410288580703086,1.85045664113087e-05,1,0.735990498475448
"Hypermethylated in DIS","cg05742863",0.702086786716283,0.841758370312661,0.139671583596378,0.0303055783917599,1,0.824239385583441
"Hypermethylated in DIS","cg06530441",0.320539116655363,0.794612324908281,0.474073208252918,0.000150519140567722,1,0.824239385583441
"Hypermethylated in DIS","cg07774777",0.703431268440742,0.871540486325704,0.168109217884962,0.0101779095724638,1,0.824239385583441
"Hypermethylated in DIS","cg08178168",0.58942020597004,0.691657420116458,0.102237214146418,0.0252874991087036,1,0.824239385583441
"Hypermethylated in DIS","cg08260245",0.598649727697898,0.966276906704383,0.367627179006486,0.000499148223728673,1,0.824239385583441
"Hypermethylated in DIS","cg09246479",0.735111532833014,0.861366484795727,0.126254951962713,0.0139079900681702,1,0.824239385583441
"Hypermethylated in DIS","cg10384919",0.0952205056129526,0.256852299520821,0.161631793907869,0.0164925769205045,1,0.824239385583441
"Hypermethylated in DIS","cg10770023",0.487990444472837,0.943591800594638,0.455601356121801,5.37686354990402e-05,1,0.824239385583441
"Hypermethylated in DIS","cg10828284",0.636045724115377,0.888805494976534,0.252759770861158,0.000508095979789409,1,0.824239385583441
"Hypermethylated in DIS","cg13577505",0.0565675070029269,0.387923926916548,0.331356419913621,0.000487182688168754,1,0.824239385583441
"Hypermethylated in DIS","cg14509403",0.255750919822772,0.373198214177476,0.117447294354704,0.010703636084462,1,0.824239385583441
"Hypermethylated in DIS","cg15209808",0.309453911876018,0.465574450675431,0.156120538799413,0.00225502183469268,1,0.824239385583441
"Hypermethylated in DIS","cg15223899",0.7433971885731,0.870125218298831,0.126728029725731,0.0294571648662607,1,0.824239385583441
"Hypermethylated in DIS","cg15548613",0.163672241852117,0.369828296242407,0.20615605439029,0.00135994285637002,1,0.824239385583441
"Hypermethylated in DIS","cg15911859",0.309438209811042,0.477265793076281,0.167827583265239,0.0352622849492845,1,0.824239385583441
"Hypermethylated in DIS","cg16047117",0.595564862293893,0.806436578175162,0.21087171588127,0.0130257889616195,1,0.824239385583441
"Hypermethylated in DIS","cg16054907",0.84290396051093,0.988436488790965,0.145532528280035,0.00841916924797867,1,0.824239385583441
"Hypermethylated in DIS","cg18495047",0.690078421417077,0.805852290427856,0.115773869010779,0.0341614965011503,1,0.824239385583441
"Hypermethylated in DIS","cg19112186",0.519886249117744,0.960243580849603,0.440357331731859,3.01711108837122e-05,1,0.742846114595751
"Hypermethylated in DIS","cg20496314",0.491045890347729,0.665186224359022,0.174140334011293,0.0163107656057947,1,0.824239385583441
"Hypermethylated in DIS","cg22476848",0.0694226697312866,0.176988669294039,0.107565999562752,0.00124922410052149,1,0.824239385583441
"Hypermethylated in DIS","cg24049841",0.193532683894144,0.309581688235381,0.116049004341236,0.0424752891305991,1,0.824239385583441
"Hypermethylated in DIS","cg24363820",0.444254912068341,0.931023969940859,0.486769057872518,7.46354377447274e-05,1,0.824239385583441
"Hypermethylated in DIS","cg24977886",0.630470238662574,0.754366166653789,0.123895927991215,0.0125460917381055,1,0.824239385583441
"Hypermethylated in DIS","cg25937577",0.575053567764684,0.683309898908623,0.108256331143939,0.0491042391547453,1,0.824239385583441
"Hypermethylated in DIS","cg26038465",0.467293377499319,0.619195138472878,0.151901760973559,0.00102293149904783,1,0.824239385583441
"Hypermethylated in DIS","cg27502912",0.55920602114895,0.845211130656011,0.286005109507061,0.000190373904179193,1,0.824239385583441
"Hypermethylated in DIS","cg27610821",0.112544896606788,0.240286820111569,0.127741923504781,0.0123042297522739,1,0.824239385583441
"Hypermethylated in DIS","cg25012987",0.346015741201507,0.545399422000984,0.199383680799476,0.0167177689076086,1,0.824239385583441
"Hypermethylated in DIS","cg00221961",0.364220332703429,0.492393061969025,0.128172729265597,0.0480548730580243,1,0.824239385583441
"Hypermethylated in DIS","cg00679726",0.70616380416273,0.830815035331068,0.124651231168338,0.0258367156396219,1,0.824239385583441
"Hypermethylated in DIS","cg01112624",0.525007653634027,0.694049031062206,0.169041377428179,0.0104915165417005,1,0.824239385583441
"Hypermethylated in DIS","cg01851385",0.348291000760177,0.475212922132068,0.126921921371891,0.00654159811157144,1,0.824239385583441
"Hypermethylated in DIS","cg03273694",0.188369276239408,0.303599598232195,0.115230321992787,0.00315237607781375,1,0.824239385583441
"Hypermethylated in DIS","cg03810479",0.492804685884102,0.638957129736017,0.146152443851916,0.0431180202328416,1,0.824239385583441
"Hypermethylated in DIS","cg03972560",0.24917250293828,0.388124115064348,0.138951612126069,0.0333753605083565,1,0.824239385583441
"Hypermethylated in DIS","cg06457249",0.180196659713851,0.347699788304421,0.16750312859057,0.0155835237102897,1,0.824239385583441
"Hypermethylated in DIS","cg09665351",0.206504542618988,0.334211183114829,0.127706640495841,0.0272727914332012,1,0.824239385583441
"Hypermethylated in DIS","cg10208654",0.383058059118006,0.592338448691333,0.209280389573327,0.034018765397445,1,0.824239385583441
"Hypermethylated in DIS","cg10584819",0.580954833810448,0.68501342590147,0.104058592091022,0.0422349344630918,1,0.824239385583441
"Hypermethylated in DIS","cg14719055",0.571328063452421,0.737665751924748,0.166337688472327,0.0130242082910928,1,0.824239385583441
"Hypermethylated in DIS","cg15554694",0.358219035476029,0.508186073932378,0.149967038456349,0.0307911936749433,1,0.824239385583441
"Hypermethylated in DIS","cg16934986",0.278052450661779,0.401495164109945,0.123442713448166,0.0306391605393133,1,0.824239385583441
"Hypermethylated in DIS","cg16948369",0.254459032890173,0.363731540816314,0.109272507926141,0.0475626207415984,1,0.824239385583441
"Hypermethylated in DIS","cg19259802",0.0637788327385041,0.165129500843578,0.101350668105074,0.0325676961601266,1,0.824239385583441
"Hypermethylated in DIS","cg19885926",0.458784981204663,0.583536104636033,0.12475112343137,0.000691298237715003,1,0.824239385583441
"Hypermethylated in DIS","cg22985134",0.577745683043348,0.726534308315958,0.14878862527261,0.0084273913252568,1,0.824239385583441
"Hypermethylated in DIS","cg23282949",0.671330094224517,0.777336134315162,0.106006040090644,0.0109710569612204,1,0.824239385583441
"Hypermethylated in DIS","cg26965953",0.371889962965496,0.493297169143444,0.121407206177949,0.00129265240442265,1,0.824239385583441
"Hypermethylated in DIS","cg00026803",0.622933404124978,0.733527859617833,0.110594455492855,0.0195063852165258,1,0.824239385583441
"Hypermethylated in DIS","cg00078456",0.36135566987742,0.581196848256586,0.219841178379166,0.024933229370591,1,0.824239385583441
"Hypermethylated in DIS","cg00162064",0.248521096704516,0.40663755697651,0.158116460271994,0.00630576939896868,1,0.824239385583441
"Hypermethylated in DIS","cg00205605",0.417287667986157,0.539464840193613,0.122177172207456,0.00946656580982197,1,0.824239385583441
"Hypermethylated in DIS","cg00313914",0.303524555414053,0.745158757685047,0.441634202270994,0.00154924456316675,1,0.824239385583441
"Hypermethylated in DIS","cg00318631",0.607134058212587,0.736414575388714,0.129280517176127,0.0469495769798627,1,0.824239385583441
"Hypermethylated in DIS","cg00320094",0.636823714802297,0.758555824507324,0.121732109705027,0.0461537538087396,1,0.824239385583441
"Hypermethylated in DIS","cg00589617",0.483272430719795,0.818268661499956,0.334996230780161,0.000991254864187927,1,0.824239385583441
"Hypermethylated in DIS","cg00838423",0.109557147242237,0.315303936710568,0.205746789468331,0.0302052267538294,1,0.824239385583441
"Hypermethylated in DIS","cg00851518",0.789031758438822,0.91311500134269,0.124083242903868,0.0351553408849798,1,0.824239385583441
"Hypermethylated in DIS","cg00988037",0.549718464121324,0.700242991386861,0.150524527265537,0.0259276423755459,1,0.824239385583441
"Hypermethylated in DIS","cg01101380",0.112495015114924,0.255981145703733,0.143486130588809,0.00930017233186664,1,0.824239385583441
"Hypermethylated in DIS","cg01418153",0.38148106129946,0.505071749727532,0.123590688428072,0.0143280074463639,1,0.824239385583441
"Hypermethylated in DIS","cg01441698",0.5955491533505,0.720304752326614,0.124755598976114,0.0436624581165253,1,0.824239385583441
"Hypermethylated in DIS","cg01515136",0.672623423618819,0.848765573165281,0.176142149546462,0.0091300587345194,1,0.824239385583441
"Hypermethylated in DIS","cg01554474",0.453273686375071,0.584696146237261,0.13142245986219,0.039510822334811,1,0.824239385583441
"Hypermethylated in DIS","cg02138082",0.650274345872391,0.803601942421476,0.153327596549086,0.0415321057071667,1,0.824239385583441
"Hypermethylated in DIS","cg02330214",0.745403066519529,0.852914167396973,0.107511100877444,0.000461642089944299,1,0.824239385583441
"Hypermethylated in DIS","cg02341264",0.275385516250282,0.415748434208015,0.140362917957733,0.00123363795919912,1,0.824239385583441
"Hypermethylated in DIS","cg02483449",0.267462328174944,0.373266027398306,0.105803699223362,0.0334147558628801,1,0.824239385583441
"Hypermethylated in DIS","cg02673986",0.230342345390409,0.39432298199328,0.163980636602871,0.0144189407603592,1,0.824239385583441
"Hypermethylated in DIS","cg02850689",0.576564542855541,0.751208979768045,0.174644436912504,0.00414911407759873,1,0.824239385583441
"Hypermethylated in DIS","cg02897366",0.505621216805284,0.656495480465012,0.150874263659729,0.0250091598753774,1,0.824239385583441
"Hypermethylated in DIS","cg02947253",0.68850871511561,0.800226227208135,0.111717512092526,0.0117975688985751,1,0.824239385583441
"Hypermethylated in DIS","cg02993069",0.0644726378623639,0.381395366927133,0.316922729064769,0.0189771746097052,1,0.824239385583441
"Hypermethylated in DIS","cg03005851",0.353126231030208,0.492967123079514,0.139840892049307,0.0129195987630374,1,0.824239385583441
"Hypermethylated in DIS","cg03114471",0.579217055744069,0.716671504087196,0.137454448343127,0.00470610693455581,1,0.824239385583441
"Hypermethylated in DIS","cg03192897",0.645318881499677,0.857433098858347,0.212114217358671,0.00154127727524129,1,0.824239385583441
"Hypermethylated in DIS","cg03254146",0.734171666295394,0.83875296813895,0.104581301843556,0.0119127499480422,1,0.824239385583441
"Hypermethylated in DIS","cg03258665",0.695831471058559,0.814880328431932,0.119048857373373,0.0444942721977594,1,0.824239385583441
"Hypermethylated in DIS","cg03387723",0.667717048753742,0.79854628578812,0.130829237034379,0.0146074337057255,1,0.824239385583441
"Hypermethylated in DIS","cg03441844",0.365696409942564,0.665744713332154,0.30004830338959,0.0274070103546604,1,0.824239385583441
"Hypermethylated in DIS","cg03483626",0.612488685365704,0.728712263731286,0.116223578365582,0.0445676604729596,1,0.824239385583441
"Hypermethylated in DIS","cg03610604",0.504907445047218,0.636850694778712,0.131943249731495,0.0298017454669711,1,0.824239385583441
"Hypermethylated in DIS","cg03890167",0.392008146819113,0.559097322824501,0.167089176005388,0.000490874565434528,1,0.824239385583441
"Hypermethylated in DIS","cg03921839",0.712619941154496,0.923586486049002,0.210966544894505,0.000566058057500509,1,0.824239385583441
"Hypermethylated in DIS","cg04012535",0.352757610374295,0.542355013653031,0.189597403278735,0.0232074188132565,1,0.824239385583441
"Hypermethylated in DIS","cg04179952",0.139842656919369,0.618771831440554,0.478929174521185,0.00601515486154293,1,0.824239385583441
"Hypermethylated in DIS","cg04221461",0.568163519466564,0.711185115674051,0.143021596207488,0.0362800227980494,1,0.824239385583441
"Hypermethylated in DIS","cg04471507",0.323952115685606,0.448451147721199,0.124499032035593,0.0118014356061651,1,0.824239385583441
"Hypermethylated in DIS","cg04673462",0.527581574470416,0.693400480161458,0.165818905691043,0.0234310193513267,1,0.824239385583441
"Hypermethylated in DIS","cg04873053",0.49084055941357,0.654034982825521,0.163194423411951,0.0364977482080176,1,0.824239385583441
"Hypermethylated in DIS","cg05528623",0.627441557302649,0.790910857001589,0.16346929969894,0.0444407206931297,1,0.824239385583441
"Hypermethylated in DIS","cg05697274",0.474347498243363,0.759088434086556,0.284740935843192,4.4058921697785e-05,1,0.824239385583441
"Hypermethylated in DIS","cg05820241",0.623263045720886,0.793780164540295,0.170517118819409,0.0151229769302022,1,0.824239385583441
"Hypermethylated in DIS","cg06208270",0.522166471442516,0.705539200087323,0.183372728644806,0.0302808054720333,1,0.824239385583441
"Hypermethylated in DIS","cg06215416",0.520737773392414,0.64789968510063,0.127161911708215,0.0268917825807629,1,0.824239385583441
"Hypermethylated in DIS","cg06366791",0.193519956902231,0.358734451479481,0.16521449457725,0.0246633878072921,1,0.824239385583441
"Hypermethylated in DIS","cg06376715",0.397497510037316,0.568489048543773,0.170991538506457,0.00370508216000663,1,0.824239385583441
"Hypermethylated in DIS","cg06507987",0.223356843158685,0.387579603958758,0.164222760800073,0.00676828740828115,1,0.824239385583441
"Hypermethylated in DIS","cg06851000",0.293784282257083,0.421516786682344,0.127732504425261,0.0254324830018461,1,0.824239385583441
"Hypermethylated in DIS","cg06871074",0.0662898738704464,0.182526133156876,0.11623625928643,0.00832090788299451,1,0.824239385583441
"Hypermethylated in DIS","cg06965803",0.52936445010223,0.640502743211632,0.111138293109401,0.015713914317757,1,0.824239385583441
"Hypermethylated in DIS","cg07077978",0.700987041594087,0.816769983385097,0.115782941791011,0.0350289049908704,1,0.824239385583441
"Hypermethylated in DIS","cg07106927",0.792214054102927,0.902844376307772,0.110630322204845,0.0324703218099933,1,0.824239385583441
"Hypermethylated in DIS","cg07342322",0.330399242260392,0.463310545225466,0.132911302965074,0.0386448960355837,1,0.824239385583441
"Hypermethylated in DIS","cg07356549",0.405068565470986,0.516666626489379,0.111598061018394,0.0254820245482669,1,0.824239385583441
"Hypermethylated in DIS","cg07504763",0.603158234689737,0.739948548887523,0.136790314197785,0.0205389180427333,1,0.824239385583441
"Hypermethylated in DIS","cg07507951",0.657584467353108,0.789174025708078,0.13158955835497,0.027429379508614,1,0.824239385583441
"Hypermethylated in DIS","cg07584620",0.549129958397362,0.921950702466621,0.372820744069259,0.0454824528618194,1,0.824239385583441
"Hypermethylated in DIS","cg07594531",0.631527930570634,0.790000868208536,0.158472937637902,0.00187106464030395,1,0.824239385583441
"Hypermethylated in DIS","cg07946633",0.272404971079346,0.391204743505304,0.118799772425958,0.00249012773522461,1,0.824239385583441
"Hypermethylated in DIS","cg07951355",0.458804508852842,0.566860456811485,0.108055947958643,0.0227919689763475,1,0.824239385583441
"Hypermethylated in DIS","cg08158976",0.383159183425664,0.600229298058979,0.217070114633316,0.0230591559742285,1,0.824239385583441
"Hypermethylated in DIS","cg08361238",0.649145326365066,0.751107017890712,0.101961691525646,0.012729616656075,1,0.824239385583441
"Hypermethylated in DIS","cg08422645",0.533363088020695,0.675369188884775,0.14200610086408,0.0250608830183436,1,0.824239385583441
"Hypermethylated in DIS","cg08615111",0.616126721953477,0.746990602739747,0.13086388078627,0.02828108804678,1,0.824239385583441
"Hypermethylated in DIS","cg08634082",0.733831286250779,0.868128412709256,0.134297126458477,0.00649891491655902,1,0.824239385583441
"Hypermethylated in DIS","cg08706567",0.433574437198855,0.672241441198286,0.238667003999431,0.0192643401342886,1,0.824239385583441
"Hypermethylated in DIS","cg08847140",0.31157403209417,0.436962584637767,0.125388552543597,0.00891447348627047,1,0.824239385583441
"Hypermethylated in DIS","cg08883485",0.331391550697164,0.656796027173847,0.325404476476683,0.00782472659328742,1,0.824239385583441
"Hypermethylated in DIS","cg09008080",0.231727847225477,0.343215204149064,0.111487356923587,0.0241070753392904,1,0.824239385583441
"Hypermethylated in DIS","cg09119043",0.433956053439406,0.656341459860879,0.222385406421473,0.00329321217663463,1,0.824239385583441
"Hypermethylated in DIS","cg09180564",0.122631093825795,0.241340147902711,0.118709054076916,0.00260235334238256,1,0.824239385583441
"Hypermethylated in DIS","cg09248714",0.458712412754404,0.581113548140334,0.12240113538593,0.0100155709181272,1,0.824239385583441
"Hypermethylated in DIS","cg09358973",0.100097881675605,0.360448487282799,0.260350605607194,0.00407490646675604,1,0.824239385583441
"Hypermethylated in DIS","cg09364688",0.148392290561858,0.262199772620273,0.113807482058414,0.00769249372707294,1,0.824239385583441
"Hypermethylated in DIS","cg09514174",0.591538964364193,0.767822336312326,0.176283371948133,0.0285250886466413,1,0.824239385583441
"Hypermethylated in DIS","cg09573658",0.578704470714404,0.754470493033703,0.1757660223193,0.00353200226207887,1,0.824239385583441
"Hypermethylated in DIS","cg09845604",0.181047715686126,0.358729222952594,0.177681507266468,0.0109434294011188,1,0.824239385583441
"Hypermethylated in DIS","cg09846895",0.734323075578882,0.883336044001629,0.149012968422747,0.0069079209956129,1,0.824239385583441
"Hypermethylated in DIS","cg09847153",0.492865099965801,0.766237117022034,0.273372017056233,0.0231712604646527,1,0.824239385583441
"Hypermethylated in DIS","cg10096893",0.237032127982297,0.435016980997687,0.19798485301539,0.0309034156308332,1,0.824239385583441
"Hypermethylated in DIS","cg10321404",0.558384546917277,0.715289394672608,0.156904847755331,0.0264176477938618,1,0.824239385583441
"Hypermethylated in DIS","cg10379418",0.508070584240555,0.643630680452051,0.135560096211496,0.0213773086819212,1,0.824239385583441
"Hypermethylated in DIS","cg10708898",0.594346317291635,0.747584668318859,0.153238351027224,0.0168934430785614,1,0.824239385583441
"Hypermethylated in DIS","cg11314684",0.519841301664223,0.641808004231094,0.121966702566871,0.0157564370829701,1,0.824239385583441
"Hypermethylated in DIS","cg11592082",0.790108939397606,0.895704875697953,0.105595936300347,0.0349901726194967,1,0.824239385583441
"Hypermethylated in DIS","cg11596009",0.559715456748068,0.688005893559657,0.128290436811589,0.0472473386042979,1,0.824239385583441
"Hypermethylated in DIS","cg11673291",0.147899346105552,0.412811205750282,0.26491185964473,0.0160707949683094,1,0.824239385583441
"Hypermethylated in DIS","cg11692820",0.179160486781585,0.280212001877974,0.101051515096389,0.0371637097778343,1,0.824239385583441
"Hypermethylated in DIS","cg11842367",0.360291066616154,0.496548337267952,0.136257270651798,0.0111432292381372,1,0.824239385583441
"Hypermethylated in DIS","cg12097989",0.43354892843694,0.594894275887437,0.161345347450497,0.00995369124930891,1,0.824239385583441
"Hypermethylated in DIS","cg12303813",0.429733430501035,0.662243497622497,0.232510067121462,0.000535401933469642,1,0.824239385583441
"Hypermethylated in DIS","cg12500707",0.658517925913977,0.819360794814219,0.160842868900242,0.00157215247736471,1,0.824239385583441
"Hypermethylated in DIS","cg12526197",0.608467020386786,0.712113116772102,0.103646096385316,0.0434330494034449,1,0.824239385583441
"Hypermethylated in DIS","cg12630576",0.498118698569246,0.657118736158338,0.159000037589092,0.0170896320394503,1,0.824239385583441
"Hypermethylated in DIS","cg12664038",0.203474141037404,0.311454218746879,0.107980077709475,0.0450459543838243,1,0.824239385583441
"Hypermethylated in DIS","cg12679760",0.0634110117547632,0.35083681302063,0.287425801265866,0.043477761237339,1,0.824239385583441
"Hypermethylated in DIS","cg12723026",0.722638708370432,0.840218525762644,0.117579817392212,0.00367455434414121,1,0.824239385583441
"Hypermethylated in DIS","cg12813768",0.140086368485016,0.318623848656052,0.178537480171037,0.000612071494008597,1,0.824239385583441
"Hypermethylated in DIS","cg13100600",0.51966170212396,0.668448392342816,0.148786690218856,0.0266875154053813,1,0.824239385583441
"Hypermethylated in DIS","cg13110283",0.463086152600329,0.638880408377191,0.175794255776862,0.0314706709531448,1,0.824239385583441
"Hypermethylated in DIS","cg13222036",0.131158095441456,0.234317714252045,0.103159618810589,0.0238350932704873,1,0.824239385583441
"Hypermethylated in DIS","cg13224583",0.294278284387188,0.660780073856613,0.366501789469425,0.0008387137062131,1,0.824239385583441
"Hypermethylated in DIS","cg13393721",0.492583030696356,0.804220057638486,0.31163702694213,0.0139100341801813,1,0.824239385583441
"Hypermethylated in DIS","cg13558810",0.36973209226613,0.535775960921993,0.166043868655863,0.0116758761469237,1,0.824239385583441
"Hypermethylated in DIS","cg14270725",0.215819103723008,0.329591938051662,0.113772834328654,0.0413590712264225,1,0.824239385583441
"Hypermethylated in DIS","cg14920846",0.304208744053667,0.626399243963831,0.322190499910164,0.00403694240143961,1,0.824239385583441
"Hypermethylated in DIS","cg15594585",0.329379057256783,0.457687922883934,0.128308865627151,0.0299031284559567,1,0.824239385583441
"Hypermethylated in DIS","cg15677293",0.220430440782749,0.343372607726079,0.12294216694333,0.00169290916766933,1,0.824239385583441
"Hypermethylated in DIS","cg16164356",0.232408189060607,0.393591143338998,0.16118295427839,0.0115913477933767,1,0.824239385583441
"Hypermethylated in DIS","cg16394551",0.352502766192669,0.555269110965325,0.202766344772656,0.0274327180867033,1,0.824239385583441
"Hypermethylated in DIS","cg16602500",0.244266956829084,0.383200776957771,0.138933820128687,0.0407674444935275,1,0.824239385583441
"Hypermethylated in DIS","cg16731083",0.370840356623338,0.483030146972896,0.112189790349558,0.0142765650015159,1,0.824239385583441
"Hypermethylated in DIS","cg16879052",0.540900269126946,0.666547762219562,0.125647493092616,0.0465309832024215,1,0.824239385583441
"Hypermethylated in DIS","cg16902087",0.609132434912396,0.722046750769099,0.112914315856703,0.0108484650490756,1,0.824239385583441
"Hypermethylated in DIS","cg17139085",0.506426563189785,0.732533910818493,0.226107347628708,0.00858748175428694,1,0.824239385583441
"Hypermethylated in DIS","cg17220161",0.415053962938775,0.681954025206366,0.266900062267591,0.000707759731330347,1,0.824239385583441
"Hypermethylated in DIS","cg17403995",0.391542387425613,0.511027456671411,0.119485069245798,0.0421704683254527,1,0.824239385583441
"Hypermethylated in DIS","cg17500055",0.224667167576753,0.390808238206808,0.166141070630055,0.00447757629937218,1,0.824239385583441
"Hypermethylated in DIS","cg17815049",0.495318790325609,0.623763681682775,0.128444891357166,0.0422464791220292,1,0.824239385583441
"Hypermethylated in DIS","cg17822325",0.327803228710277,0.526695512829758,0.198892284119481,0.0278138349818393,1,0.824239385583441
"Hypermethylated in DIS","cg17868936",0.43127681622084,0.536599576819507,0.105322760598667,0.00399685088480565,1,0.824239385583441
"Hypermethylated in DIS","cg17942851",0.139810532957472,0.260722825116203,0.120912292158731,0.0387856023984789,1,0.824239385583441
"Hypermethylated in DIS","cg17954142",0.728681081224676,0.836580044298641,0.107898963073965,0.000629569591113152,1,0.824239385583441
"Hypermethylated in DIS","cg18020547",0.669761833978172,0.791356815989424,0.121594982011252,0.0172342314292924,1,0.824239385583441
"Hypermethylated in DIS","cg18025409",0.251385362266086,0.443584070524374,0.192198708258288,0.0119049846290129,1,0.824239385583441
"Hypermethylated in DIS","cg18086868",0.470692993072118,0.61527794429248,0.144584951220362,0.00724881260765575,1,0.824239385583441
"Hypermethylated in DIS","cg18087326",0.688582236912975,0.800570804583705,0.11198856767073,0.017398828022711,1,0.824239385583441
"Hypermethylated in DIS","cg18143792",0.536093876488632,0.641897645751517,0.105803769262885,0.0353557436714951,1,0.824239385583441
"Hypermethylated in DIS","cg18236464",0.148803677157152,0.251388784420838,0.102585107263686,0.0322024784440433,1,0.824239385583441
"Hypermethylated in DIS","cg18396987",0.132671579568143,0.273727108163571,0.141055528595428,0.0428003938354352,1,0.824239385583441
"Hypermethylated in DIS","cg18592459",0.267645465060649,0.41227100151238,0.144625536451731,0.0335245279918603,1,0.824239385583441
"Hypermethylated in DIS","cg18852096",0.301824060978055,0.487055830257691,0.185231769279636,0.019990621100133,1,0.824239385583441
"Hypermethylated in DIS","cg19303898",0.530521628927955,0.718475262871984,0.187953633944029,0.0102133706288746,1,0.824239385583441
"Hypermethylated in DIS","cg19320294",0.595548909715085,0.733160302264474,0.137611392549389,0.0261572569292639,1,0.824239385583441
"Hypermethylated in DIS","cg19727396",0.781493096657565,0.899247206366208,0.117754109708643,0.0280976783043878,1,0.824239385583441
"Hypermethylated in DIS","cg20000805",0.590440430179688,0.697266072794441,0.106825642614753,0.0459283459125071,1,0.824239385583441
"Hypermethylated in DIS","cg20168837",0.477586032718118,0.599284745729324,0.121698713011206,0.0178232904042515,1,0.824239385583441
"Hypermethylated in DIS","cg20288565",0.179808331526481,0.338992625135522,0.159184293609041,0.00180635984692275,1,0.824239385583441
"Hypermethylated in DIS","cg20300514",0.28707461393362,0.525205735776448,0.238131121842829,0.0274227364065707,1,0.824239385583441
"Hypermethylated in DIS","cg20671649",0.317518322878571,0.433943795985285,0.116425473106715,0.00350107587780591,1,0.824239385583441
"Hypermethylated in DIS","cg20768358",0.437720895686695,0.69123322850321,0.253512332816515,0.0217518967703879,1,0.824239385583441
"Hypermethylated in DIS","cg20791007",0.391561975366042,0.506297375190076,0.114735399824034,0.0148046036230482,1,0.824239385583441
"Hypermethylated in DIS","cg20933713",0.590194849522015,0.705891300717845,0.115696451195829,0.00687799416101044,1,0.824239385583441
"Hypermethylated in DIS","cg21219903",0.20357685867213,0.312807912586073,0.109231053913943,0.0278539952079457,1,0.824239385583441
"Hypermethylated in DIS","cg21692516",0.405692321080696,0.541148195489111,0.135455874408415,0.0332382157152401,1,0.824239385583441
"Hypermethylated in DIS","cg21929761",0.531401614846652,0.635315334340188,0.103913719493536,0.00889729233625819,1,0.824239385583441
"Hypermethylated in DIS","cg22077361",0.653071667234577,0.792007652484907,0.13893598525033,0.0426665114975277,1,0.824239385583441
"Hypermethylated in DIS","cg22234962",0.32716328937336,0.453475535532681,0.126312246159321,0.00717637403484687,1,0.824239385583441
"Hypermethylated in DIS","cg22510139",0.393758418270714,0.615552598268846,0.221794179998132,0.0129770556949061,1,0.824239385583441
"Hypermethylated in DIS","cg22585988",0.738148142839815,0.860552569075049,0.122404426235233,0.0422597511945007,1,0.824239385583441
"Hypermethylated in DIS","cg22787719",0.33763804557223,0.473249005896242,0.135610960324012,0.0376031639022379,1,0.824239385583441
"Hypermethylated in DIS","cg22867719",0.418575807329857,0.573619296579374,0.155043489249516,0.0472652552815836,1,0.824239385583441
"Hypermethylated in DIS","cg22948959",0.308711786664328,0.47078214121248,0.162070354548151,0.0320431364385078,1,0.824239385583441
"Hypermethylated in DIS","cg23430652",0.29095345818162,0.41309609376917,0.12214263558755,0.00886234216442496,1,0.824239385583441
"Hypermethylated in DIS","cg23445321",0.603404313404476,0.841657845824907,0.238253532420431,0.00125480762454004,1,0.824239385583441
"Hypermethylated in DIS","cg23672278",0.341779212888212,0.514658186826064,0.172878973937852,0.00765537506284281,1,0.824239385583441
"Hypermethylated in DIS","cg23803022",0.343438996783556,0.47657408169433,0.133135084910773,0.00382914995397414,1,0.824239385583441
"Hypermethylated in DIS","cg23889047",0.469464518511409,0.605195016655983,0.135730498144574,0.0378468620449962,1,0.824239385583441
"Hypermethylated in DIS","cg23915527",0.329144376970001,0.599618107664156,0.270473730694155,0.0134970940881406,1,0.824239385583441
"Hypermethylated in DIS","cg24003955",0.496392914526244,0.700467927099307,0.204075012573063,0.0320241437885845,1,0.824239385583441
"Hypermethylated in DIS","cg24591105",0.642095078783193,0.814745126347873,0.17265004756468,0.0104507046126614,1,0.824239385583441
"Hypermethylated in DIS","cg24642169",0.355177932400814,0.548456744553668,0.193278812152855,0.00269466505785435,1,0.824239385583441
"Hypermethylated in DIS","cg24723561",0.431066149736796,0.725114950614919,0.294048800878123,0.0015832806345064,1,0.824239385583441
"Hypermethylated in DIS","cg24792360",0.448085604995196,0.567677465367312,0.119591860372115,0.0230140021843261,1,0.824239385583441
"Hypermethylated in DIS","cg24995976",0.577686063841505,0.712123673471181,0.134437609629675,0.0173661810345911,1,0.824239385583441
"Hypermethylated in DIS","cg25215890",0.413581948279016,0.541918499794301,0.128336551515285,0.0150386395629118,1,0.824239385583441
"Hypermethylated in DIS","cg25310233",0.348925074506631,0.458596302726032,0.109671228219401,0.0327825541804412,1,0.824239385583441
"Hypermethylated in DIS","cg25599129",0.510736587596579,0.667439950404897,0.156703362808318,0.0254281044700593,1,0.824239385583441
"Hypermethylated in DIS","cg25614875",0.740241547319515,0.859475996001975,0.11923444868246,0.00183407309316757,1,0.824239385583441
"Hypermethylated in DIS","cg26372517",0.124616638892046,0.367592765354916,0.24297612646287,0.00678551100712101,1,0.824239385583441
"Hypermethylated in DIS","cg26407558",0.241496400108077,0.429549235800662,0.188052835692584,0.0230268768253642,1,0.824239385583441
"Hypermethylated in DIS","cg26536593",0.422543174063809,0.571554838192775,0.149011664128966,0.00379595219332153,1,0.824239385583441
"Hypermethylated in DIS","cg27187555",0.582490204997228,0.754876069956006,0.172385864958778,0.0235066681211779,1,0.824239385583441
"Hypermethylated in DIS","cg27304328",0.752904884795459,0.86518025300383,0.112275368208371,0.0274555468613347,1,0.824239385583441
"Hypermethylated in DIS","ch.1.180997836R",0.128988880310986,0.235977363257831,0.106988482946845,0.0128464307242208,1,0.824239385583441
"Hypermethylated in DIS","cg00217953",0.577826828867079,0.732261872102111,0.154435043235033,0.0486961260602156,1,0.824239385583441
"Hypermethylated in DIS","cg00483304",0.329929536956559,0.471546233228886,0.141616696272327,0.0033119945297612,1,0.824239385583441
"Hypermethylated in DIS","cg00566209",0.547416445009221,0.689884077622743,0.142467632613521,0.0208762509614829,1,0.824239385583441
"Hypermethylated in DIS","cg00712943",0.615937484181656,0.784176297169944,0.168238812988288,0.0294263747442121,1,0.824239385583441
"Hypermethylated in DIS","cg00717180",0.587946409161749,0.693774181867324,0.105827772705575,0.0320338691366697,1,0.824239385583441
"Hypermethylated in DIS","cg00839584",0.629598831292488,0.813747985453416,0.184149154160928,0.0010399845649427,1,0.824239385583441
"Hypermethylated in DIS","cg01343041",0.500952965171139,0.602466206186692,0.101513241015553,0.0486291597359373,1,0.824239385583441
"Hypermethylated in DIS","cg01568492",0.409793813496355,0.566218904591149,0.156425091094794,0.0141724090683269,1,0.824239385583441
"Hypermethylated in DIS","cg01620785",0.300568246375296,0.404479055679779,0.103910809304483,0.0154009927487299,1,0.824239385583441
"Hypermethylated in DIS","cg01621716",0.284884842167442,0.406707054696786,0.121822212529344,0.00232802691811797,1,0.824239385583441
"Hypermethylated in DIS","cg01805732",0.204242245374484,0.352459268580862,0.148217023206378,0.0160193749458001,1,0.824239385583441
"Hypermethylated in DIS","cg01940273",0.572061548994023,0.735248632214697,0.163187083220674,0.0418414199961027,1,0.824239385583441
"Hypermethylated in DIS","cg02196655",0.360041768785619,0.517194159145904,0.157152390360285,0.048729684635113,1,0.824239385583441
"Hypermethylated in DIS","cg02323356",0.151153474877382,0.275728988193905,0.124575513316523,0.0117861458383593,1,0.824239385583441
"Hypermethylated in DIS","cg02690256",0.451755045400706,0.592834994237685,0.141079948836979,0.0247539111196364,1,0.824239385583441
"Hypermethylated in DIS","cg02966102",0.751333952069958,0.869855222151335,0.118521270081377,0.0126479196784056,1,0.824239385583441
"Hypermethylated in DIS","cg03028337",0.473219974428744,0.612525965811721,0.139305991382977,0.0101857667846168,1,0.824239385583441
"Hypermethylated in DIS","cg03329539",0.364538796888865,0.476209891332718,0.111671094443854,0.0146206197548821,1,0.824239385583441
"Hypermethylated in DIS","cg03647559",0.259835174307215,0.370726695336937,0.110891521029722,0.00994677424426575,1,0.824239385583441
"Hypermethylated in DIS","cg03979788",0.825595086199085,0.926420641000663,0.100825554801578,0.0314072810704686,1,0.824239385583441
"Hypermethylated in DIS","cg04088932",0.524610201163455,0.684161651737587,0.159551450574132,0.044106959546637,1,0.824239385583441
"Hypermethylated in DIS","cg04177132",0.290955684791891,0.430191340628835,0.139235655836944,0.0155688256299849,1,0.824239385583441
"Hypermethylated in DIS","cg04391048",0.537306100344854,0.739776330936068,0.202470230591214,0.00314234986662446,1,0.824239385583441
"Hypermethylated in DIS","cg04527918",0.602719967551915,0.730131521773834,0.127411554221919,0.0454284681413142,1,0.824239385583441
"Hypermethylated in DIS","cg04656051",0.258835962576637,0.366229244283338,0.107393281706701,0.0436771486059525,1,0.824239385583441
"Hypermethylated in DIS","cg05025332",0.613326820611592,0.730285362713164,0.116958542101572,0.0343735113100442,1,0.824239385583441
"Hypermethylated in DIS","cg05100067",0.713028677356958,0.854103505456878,0.14107482809992,0.0239979926618954,1,0.824239385583441
"Hypermethylated in DIS","cg05136531",0.277890264449567,0.495620656654306,0.217730392204739,0.038748265479067,1,0.824239385583441
"Hypermethylated in DIS","cg05231308",0.553986777499834,0.720137601082233,0.166150823582399,0.000933916396057514,1,0.824239385583441
"Hypermethylated in DIS","cg05590818",0.292116880941577,0.428584108167433,0.136467227225855,0.0117832584589362,1,0.824239385583441
"Hypermethylated in DIS","cg05772104",0.672536008732689,0.843461660330436,0.170925651597747,0.00325162093186038,1,0.824239385583441
"Hypermethylated in DIS","cg05774672",0.345393081084371,0.491957400822718,0.146564319738347,0.00532395010431417,1,0.824239385583441
"Hypermethylated in DIS","cg05901357",0.142332969036729,0.243809032142702,0.101476063105974,0.00218726448909587,1,0.824239385583441
"Hypermethylated in DIS","cg05935827",0.253616236679134,0.410932820199555,0.157316583520422,0.0102957243558426,1,0.824239385583441
"Hypermethylated in DIS","cg05951221",0.300921195624248,0.493644812524632,0.192723616900384,0.00098211108230074,1,0.824239385583441
"Hypermethylated in DIS","cg05962382",0.606014923974935,0.814187984467335,0.2081730604924,0.0360700626744479,1,0.824239385583441
"Hypermethylated in DIS","cg06162038",0.42538702812299,0.633612741365134,0.208225713242144,0.0482772824906382,1,0.824239385583441
"Hypermethylated in DIS","cg06442723",0.474402245922114,0.598977173432233,0.124574927510119,0.012112930699938,1,0.824239385583441
"Hypermethylated in DIS","cg06804210",0.287906405244414,0.410679467030536,0.122773061786122,0.0115157262099247,1,0.824239385583441
"Hypermethylated in DIS","cg07058971",0.347893820201375,0.506127469240169,0.158233649038795,0.00129243614026791,1,0.824239385583441
"Hypermethylated in DIS","cg07160871",0.393018845625305,0.639260200987668,0.246241355362363,0.00441567465649326,1,0.824239385583441
"Hypermethylated in DIS","cg07173688",0.545446702587763,0.682379915856573,0.13693321326881,0.0320287033480258,1,0.824239385583441
"Hypermethylated in DIS","cg07412254",0.757426604066333,0.870163117605253,0.11273651353892,0.0421832881471341,1,0.824239385583441
"Hypermethylated in DIS","cg07504727",0.343535538282788,0.484561535453387,0.1410259971706,0.0232552699695106,1,0.824239385583441
"Hypermethylated in DIS","cg08092258",0.64719837030215,0.78045667910591,0.13325830880376,0.017970084425232,1,0.824239385583441
"Hypermethylated in DIS","cg08151442",0.397661591916113,0.519544872038323,0.12188328012221,0.00855692355449731,1,0.824239385583441
"Hypermethylated in DIS","cg08687025",0.446779014388613,0.593975957913311,0.147196943524698,0.0296632263299703,1,0.824239385583441
"Hypermethylated in DIS","cg08719380",0.525285296559171,0.626641904605865,0.101356608046694,0.0487443389763826,1,0.824239385583441
"Hypermethylated in DIS","cg08818385",0.449311419598296,0.57037882460943,0.121067405011134,0.0094751132064379,1,0.824239385583441
"Hypermethylated in DIS","cg08894761",0.151095900173071,0.327100449067304,0.176004548894233,0.00269091516555202,1,0.824239385583441
"Hypermethylated in DIS","cg09071896",0.375454150002369,0.565234926525091,0.189780776522723,0.0172166383057294,1,0.824239385583441
"Hypermethylated in DIS","cg09343667",0.378078947553598,0.608744967147679,0.230666019594081,0.00816247666788463,1,0.824239385583441
"Hypermethylated in DIS","cg09408902",0.518863819311567,0.713776495237135,0.194912675925568,0.0207571177012373,1,0.824239385583441
"Hypermethylated in DIS","cg09499095",0.160832571798873,0.282355260687856,0.121522688888984,0.00846613045697443,1,0.824239385583441
"Hypermethylated in DIS","cg09570614",0.539244700960715,0.682440894258211,0.143196193297496,0.0448436488584288,1,0.824239385583441
"Hypermethylated in DIS","cg09596131",0.544588306749088,0.700612814248557,0.156024507499469,0.00521792666288538,1,0.824239385583441
"Hypermethylated in DIS","cg09757595",0.679391294071717,0.799535204598851,0.120143910527134,0.00103167974864452,1,0.824239385583441
"Hypermethylated in DIS","cg09759994",0.273011935080972,0.468577977628021,0.195566042547049,0.00254817777001561,1,0.824239385583441
"Hypermethylated in DIS","cg09772299",0.495345170122033,0.599827645681804,0.104482475559771,0.00325879029722543,1,0.824239385583441
"Hypermethylated in DIS","cg09834706",0.755941393295705,0.890333728156389,0.134392334860684,0.0315468822050312,1,0.824239385583441
"Hypermethylated in DIS","cg09916336",0.633689477414456,0.7517437218096,0.118054244395145,0.0462306318344869,1,0.824239385583441
"Hypermethylated in DIS","cg10265016",0.446400786294157,0.561552314810701,0.115151528516544,0.0376210398650262,1,0.824239385583441
"Hypermethylated in DIS","cg10493506",0.718807126735062,0.84050353915395,0.121696412418888,0.000699241067941448,1,0.824239385583441
"Hypermethylated in DIS","cg10536276",0.59937613618713,0.799961418387051,0.200585282199921,0.00472887154208111,1,0.824239385583441
"Hypermethylated in DIS","cg10637955",0.37984518249093,0.510826214628327,0.130981032137398,0.0166803113247427,1,0.824239385583441
"Hypermethylated in DIS","cg10813980",0.215512065608827,0.319085592290766,0.103573526681939,0.0353904866252018,1,0.824239385583441
"Hypermethylated in DIS","cg11025974",0.409475116219391,0.51795661997444,0.108481503755049,0.0110580325326459,1,0.824239385583441
"Hypermethylated in DIS","cg11455444",0.540199654004348,0.721498163902193,0.181298509897845,0.0262017019253017,1,0.824239385583441
"Hypermethylated in DIS","cg11464438",0.360553957863528,0.544235216005908,0.18368125814238,0.00388775838336231,1,0.824239385583441
"Hypermethylated in DIS","cg11469308",0.760204051293811,0.860325111251878,0.100121059958067,0.0169452678273484,1,0.824239385583441
"Hypermethylated in DIS","cg11491537",0.790394719227893,0.90623797102645,0.115843251798557,0.0327629554990428,1,0.824239385583441
"Hypermethylated in DIS","cg11792671",0.290197683343988,0.477699926971329,0.187502243627342,0.00444515940358279,1,0.824239385583441
"Hypermethylated in DIS","cg12055515",0.41427756622364,0.626513594403458,0.212236028179818,0.00104143299718393,1,0.824239385583441
"Hypermethylated in DIS","cg12074150",0.0954650985611544,0.266984462331564,0.171519363770409,0.0378720756886856,1,0.824239385583441
"Hypermethylated in DIS","cg12366772",0.492704341762523,0.598767915515706,0.106063573753183,0.0465986222582721,1,0.824239385583441
"Hypermethylated in DIS","cg12666976",0.495723974299962,0.67398626792785,0.178262293627888,0.00841861699428217,1,0.824239385583441
"Hypermethylated in DIS","cg13170076",0.67221044988997,0.800201081748145,0.127990631858175,0.0151813551969533,1,0.824239385583441
"Hypermethylated in DIS","cg13349472",0.57062143990626,0.82717598066498,0.256554540758721,0.00166701176603718,1,0.824239385583441
"Hypermethylated in DIS","cg13430552",0.609414919309501,0.796717582247261,0.18730266293776,0.00495003655340759,1,0.824239385583441
"Hypermethylated in DIS","cg13812393",0.669057577522247,0.790951163272248,0.121893585750001,0.00865908775251353,1,0.824239385583441
"Hypermethylated in DIS","cg14190151",0.466079433902378,0.575537408707733,0.109457974805355,0.0265408844955693,1,0.824239385583441
"Hypermethylated in DIS","cg14416623",0.15599635224965,0.270811128734378,0.114814776484728,0.00457763011876387,1,0.824239385583441
"Hypermethylated in DIS","cg14636804",0.240953155417555,0.437783316013348,0.196830160595793,0.044188453136775,1,0.824239385583441
"Hypermethylated in DIS","cg14676702",0.185187411121773,0.302200976849664,0.117013565727891,0.0447672536460035,1,0.824239385583441
"Hypermethylated in DIS","cg14731570",0.489094657279817,0.612657417375334,0.123562760095517,0.0274388152023261,1,0.824239385583441
"Hypermethylated in DIS","cg14803009",0.0302176520727797,0.266838025887221,0.236620373814441,0.0423208593779325,1,0.824239385583441
"Hypermethylated in DIS","cg15705865",0.503124628963573,0.730570574067474,0.227445945103901,0.00217540373364472,1,0.824239385583441
"Hypermethylated in DIS","cg15837943",0.366792156549842,0.775791680187437,0.408999523637595,0.0371569605474679,1,0.824239385583441
"Hypermethylated in DIS","cg16116321",0.689706142364975,0.827515131527352,0.137808989162376,0.000640609531021122,1,0.824239385583441
"Hypermethylated in DIS","cg16530165",0.641173375812188,0.7629225323238,0.121749156511612,0.00316636678564753,1,0.824239385583441
"Hypermethylated in DIS","cg16573374",0.260901492975788,0.362792582664824,0.101891089689036,0.0432365535190022,1,0.824239385583441
"Hypermethylated in DIS","cg16938369",0.282359864247476,0.443335462092777,0.1609755978453,0.0225054309343614,1,0.824239385583441
"Hypermethylated in DIS","cg17204652",0.608578588457295,0.816167910687491,0.207589322230196,0.049826677448271,1,0.824239385583441
"Hypermethylated in DIS","cg17214295",0.290343505400936,0.411702773001012,0.121359267600076,0.0259528655528822,1,0.824239385583441
"Hypermethylated in DIS","cg17332091",0.635094064682323,0.77659228615622,0.141498221473896,0.028906789807601,1,0.824239385583441
"Hypermethylated in DIS","cg17338146",0.417941910030463,0.615768018208716,0.197826108178253,0.00857621568421561,1,0.824239385583441
"Hypermethylated in DIS","cg17375248",0.130830589261093,0.260274186182197,0.129443596921103,0.0108765300074677,1,0.824239385583441
"Hypermethylated in DIS","cg17459182",0.497477674950514,0.614211980472571,0.116734305522058,0.0415777771732724,1,0.824239385583441
"Hypermethylated in DIS","cg17801352",0.582642938693371,0.770179323931719,0.187536385238347,0.00464286536578033,1,0.824239385583441
"Hypermethylated in DIS","cg18152887",0.553793244463129,0.7184794974041,0.164686252940972,0.0255230279814956,1,0.824239385583441
"Hypermethylated in DIS","cg18612167",0.343302048816371,0.479469515834007,0.136167467017636,0.00437199708486415,1,0.824239385583441
"Hypermethylated in DIS","cg18823499",0.706498087747007,0.821457133273914,0.114959045526906,0.00600819667439047,1,0.824239385583441
"Hypermethylated in DIS","cg19182557",0.624382981567135,0.826088085722437,0.201705104155302,0.0152878196293585,1,0.824239385583441
"Hypermethylated in DIS","cg19410791",0.490058768841984,0.615791914280356,0.125733145438372,0.0385065652381812,1,0.824239385583441
"Hypermethylated in DIS","cg19570154",0.243348100508415,0.483881026619003,0.240532926110589,0.0175524298955813,1,0.824239385583441
"Hypermethylated in DIS","cg19590598",0.467324928115451,0.573101054507581,0.10577612639213,0.0455861805421948,1,0.824239385583441
"Hypermethylated in DIS","cg19710238",0.523240690364877,0.692073774110676,0.168833083745799,0.00385964800234172,1,0.824239385583441
"Hypermethylated in DIS","cg19743545",0.424660804890662,0.545983570102622,0.12132276521196,0.0162210433598945,1,0.824239385583441
"Hypermethylated in DIS","cg19744498",0.642391858888688,0.760901616453639,0.118509757564951,0.00685603635139007,1,0.824239385583441
"Hypermethylated in DIS","cg20028470",0.365876752480614,0.468820654620433,0.102943902139819,0.0372131120738469,1,0.824239385583441
"Hypermethylated in DIS","cg20313969",0.387390643829328,0.573150334630732,0.185759690801404,0.00227047150452962,1,0.824239385583441
"Hypermethylated in DIS","cg20510474",0.387892378546706,0.583509195669353,0.195616817122647,0.0102571636387793,1,0.824239385583441
"Hypermethylated in DIS","cg20668221",0.334741179457645,0.504634777175683,0.169893597718037,0.0181642262803715,1,0.824239385583441
"Hypermethylated in DIS","cg20948740",0.489601467029986,0.591316479073848,0.101715012043861,0.00406135232657727,1,0.824239385583441
"Hypermethylated in DIS","cg21790715",0.476941969344293,0.667379348153101,0.190437378808808,0.0123708927978036,1,0.824239385583441
"Hypermethylated in DIS","cg21992932",0.405048924353312,0.534485572266128,0.129436647912817,0.0345462489907226,1,0.824239385583441
"Hypermethylated in DIS","cg22367310",0.139194214393586,0.270211429867463,0.131017215473877,0.0302239230505671,1,0.824239385583441
"Hypermethylated in DIS","cg22448304",0.423042213662317,0.554006722786625,0.130964509124308,0.0214310083050514,1,0.824239385583441
"Hypermethylated in DIS","cg22979368",0.472773385911471,0.67649511638705,0.203721730475579,0.0186864279269388,1,0.824239385583441
"Hypermethylated in DIS","cg23063807",0.390183305586759,0.551396701497397,0.161213395910638,0.0254786931927577,1,0.824239385583441
"Hypermethylated in DIS","cg23112609",0.604383506652277,0.712262800526483,0.107879293874207,0.0129646668762935,1,0.824239385583441
"Hypermethylated in DIS","cg23157190",0.461510055379536,0.594864962423241,0.133354907043705,0.0276804303742842,1,0.824239385583441
"Hypermethylated in DIS","cg23288337",0.280024873879547,0.395224162064548,0.115199288185001,0.0204937675685012,1,0.824239385583441
"Hypermethylated in DIS","cg23452259",0.65303189639505,0.772793845394469,0.119761948999419,0.0324658177067898,1,0.824239385583441
"Hypermethylated in DIS","cg23486701",0.295269909926912,0.510690732389544,0.215420822462632,0.00198781505656496,1,0.824239385583441
"Hypermethylated in DIS","cg23841608",0.54769716252007,0.684447589593598,0.136750427073529,0.049710730016425,1,0.824239385583441
"Hypermethylated in DIS","cg23973310",0.596872860065232,0.774020241227876,0.177147381162644,0.0493085565844223,1,0.824239385583441
"Hypermethylated in DIS","cg23998478",0.312468970668266,0.518768693410659,0.206299722742393,0.000821513435593374,1,0.824239385583441
"Hypermethylated in DIS","cg24485927",0.550201707040737,0.723638447192792,0.173436740152054,0.0184862138356406,1,0.824239385583441
"Hypermethylated in DIS","cg24587297",0.322837757667326,0.494245158026882,0.171407400359556,0.0183645907535471,1,0.824239385583441
"Hypermethylated in DIS","cg24913794",0.296225860214264,0.416547489003037,0.120321628788773,0.0334306343781628,1,0.824239385583441
"Hypermethylated in DIS","cg25651505",0.168488825221647,0.368171172751339,0.199682347529693,0.038478893231754,1,0.824239385583441
"Hypermethylated in DIS","cg26152419",0.397591637630551,0.633409415989098,0.235817778358547,0.0444049935155309,1,0.824239385583441
"Hypermethylated in DIS","cg26386673",0.148467977427249,0.271546256030734,0.123078278603485,0.00729034005606714,1,0.824239385583441
"Hypermethylated in DIS","cg26784300",0.680682995354019,0.799131572812861,0.118448577458842,0.0117052051777991,1,0.824239385583441
"Hypermethylated in DIS","cg27241845",0.697010645481724,0.822067739293787,0.125057093812064,0.00866005743482139,1,0.824239385583441
"Hypermethylated in DIS","cg27337894",0.271199603042049,0.436701535153,0.165501932110951,0.00169216383532168,1,0.824239385583441
"Hypermethylated in DIS","cg27409015",0.286387680178391,0.434384400821753,0.147996720643362,0.0311779250743826,1,0.824239385583441
"Hypermethylated in DIS","cg27481559",0.294144568568243,0.441576175711505,0.147431607143262,0.0114162642308669,1,0.824239385583441
"Hypermethylated in DIS","cg27582124",0.351492131891999,0.484022512965117,0.132530381073119,0.0461431330991984,1,0.824239385583441
"Hypermethylated in DIS","cg27640316",0.612010392636392,0.726648851940146,0.114638459303754,0.014699552316466,1,0.824239385583441
"Hypermethylated in DIS","cg00119073",0.400362445431004,0.503719938566445,0.10335749313544,0.0352955450965101,1,0.824239385583441
"Hypermethylated in DIS","cg00936626",0.59867844449913,0.763782696298724,0.165104251799594,0.030709437182074,1,0.824239385583441
"Hypermethylated in DIS","cg01271129",0.446722976827724,0.564864534265985,0.118141557438261,0.0096515197425567,1,0.824239385583441
"Hypermethylated in DIS","cg01310397",0.728708962127248,0.875248740168796,0.146539778041548,0.0347240893287795,1,0.824239385583441
"Hypermethylated in DIS","cg01563071",0.518606485598691,0.629062362360473,0.110455876761782,0.0278423049651394,1,0.824239385583441
"Hypermethylated in DIS","cg01565777",0.361516584774617,0.475019087059361,0.113502502284744,0.0276245855503979,1,0.824239385583441
"Hypermethylated in DIS","cg01601299",0.381012941895436,0.559869166465622,0.178856224570186,0.0155866358998575,1,0.824239385583441
"Hypermethylated in DIS","cg01990997",0.348173026116304,0.45596725762753,0.107794231511227,0.0276281064429943,1,0.824239385583441
"Hypermethylated in DIS","cg01995815",0.538572962760078,0.668737138639362,0.130164175879285,0.0304328168866019,1,0.824239385583441
"Hypermethylated in DIS","cg02534363",0.153111721832274,0.273035861865398,0.119924140033123,0.042079772166384,1,0.824239385583441
"Hypermethylated in DIS","cg02718966",0.315871249654897,0.419132368515506,0.103261118860609,0.0102843025459615,1,0.824239385583441
"Hypermethylated in DIS","cg02725398",0.182535848036329,0.800304972980383,0.617769124944054,0.00114281598614294,1,0.824239385583441
"Hypermethylated in DIS","cg02802029",0.594796186558037,0.713253370601762,0.118457184043725,0.047290694796172,1,0.824239385583441
"Hypermethylated in DIS","cg02900978",0.295293964284136,0.425682084197858,0.130388119913722,0.0370016456017694,1,0.824239385583441
"Hypermethylated in DIS","cg02905245",0.660324628647186,0.79350074381828,0.133176115171095,0.0346984743976341,1,0.824239385583441
"Hypermethylated in DIS","cg03223076",0.587521829092379,0.856829942921242,0.269308113828863,0.000460929077435212,1,0.824239385583441
"Hypermethylated in DIS","cg03599590",0.187732417097719,0.327375071773831,0.139642654676113,0.000807054210003157,1,0.824239385583441
"Hypermethylated in DIS","cg04012282",0.715758155180927,0.837235840349048,0.121477685168121,0.0198684728831333,1,0.824239385583441
"Hypermethylated in DIS","cg04446653",0.124810773511363,0.261181865615428,0.136371092104065,0.00189900257142349,1,0.824239385583441
"Hypermethylated in DIS","cg04490945",0.541585154605222,0.773657733866582,0.23207257926136,0.00100622034902854,1,0.824239385583441
"Hypermethylated in DIS","cg04506190",0.264660033365228,0.392986697603995,0.128326664238767,0.0263096374475018,1,0.824239385583441
"Hypermethylated in DIS","cg04535236",0.598268245446481,0.782093746430414,0.183825500983933,0.00471545433833007,1,0.824239385583441
"Hypermethylated in DIS","cg04873861",0.356623373435599,0.478253009037802,0.121629635602202,0.000305408160448946,1,0.824239385583441
"Hypermethylated in DIS","cg05129081",0.505159002314172,0.646290385347478,0.141131383033306,0.0130635594224995,1,0.824239385583441
"Hypermethylated in DIS","cg05891759",0.784240405371148,0.89759358533334,0.113353179962192,0.0106458312798031,1,0.824239385583441
"Hypermethylated in DIS","cg06042395",0.287484289243691,0.468235411051329,0.180751121807638,0.000988936471538002,1,0.824239385583441
"Hypermethylated in DIS","cg06162423",0.11702486436779,0.218511558029098,0.101486693661308,0.0463188813618354,1,0.824239385583441
"Hypermethylated in DIS","cg06180356",0.196213693665313,0.328580142087181,0.132366448421868,0.0148990624700698,1,0.824239385583441
"Hypermethylated in DIS","cg06288131",0.39592919564674,0.517027286833826,0.121098091187086,0.0176427898142231,1,0.824239385583441
"Hypermethylated in DIS","cg07344338",0.57310955708599,0.723075364413137,0.149965807327147,0.0258582911162496,1,0.824239385583441
"Hypermethylated in DIS","cg07414525",0.615424797082317,0.806601507683576,0.191176710601258,0.0255449550121683,1,0.824239385583441
"Hypermethylated in DIS","cg07633701",0.671292998900005,0.783833528331814,0.112540529431809,0.0182764082677486,1,0.824239385583441
"Hypermethylated in DIS","cg07772781",0.517469239462721,0.654125404105816,0.136656164643094,0.0177661704557404,1,0.824239385583441
"Hypermethylated in DIS","cg08292024",0.27147737664065,0.390646610351479,0.119169233710828,0.0158488046081641,1,0.824239385583441
"Hypermethylated in DIS","cg08364654",0.633549282802334,0.745633743652291,0.112084460849957,0.0161595712367774,1,0.824239385583441
"Hypermethylated in DIS","cg08411860",0.385892958073627,0.551876992017116,0.165984033943489,0.0070322132095866,1,0.824239385583441
"Hypermethylated in DIS","cg08640901",0.532582728215832,0.767079097587612,0.23449636937178,0.00944317835646452,1,0.824239385583441
"Hypermethylated in DIS","cg09397359",0.665027834925828,0.872251982681776,0.207224147755948,0.0107618605337568,1,0.824239385583441
"Hypermethylated in DIS","cg09616647",0.58225523016151,0.750017280507996,0.167762050346485,0.0226642926209879,1,0.824239385583441
"Hypermethylated in DIS","cg09856367",0.629694639899218,0.741533755104864,0.111839115205647,0.0365116772724909,1,0.824239385583441
"Hypermethylated in DIS","cg10557828",0.2072847276533,0.401677703989857,0.194392976336556,0.0356725849904504,1,0.824239385583441
"Hypermethylated in DIS","cg10585661",0.431364739159595,0.555327806781538,0.123963067621943,0.0448128110622828,1,0.824239385583441
"Hypermethylated in DIS","cg10770076",0.220369008456548,0.347114835295236,0.126745826838688,0.0145740966023796,1,0.824239385583441
"Hypermethylated in DIS","cg11197061",0.271922853927128,0.578032375154943,0.306109521227815,0.0027042191695516,1,0.824239385583441
"Hypermethylated in DIS","cg11496559",0.092031053501593,0.207980079195202,0.115949025693609,0.00634961093226778,1,0.824239385583441
"Hypermethylated in DIS","cg12113356",0.334341466248276,0.497701828416604,0.163360362168328,0.00746386815300098,1,0.824239385583441
"Hypermethylated in DIS","cg12325605",0.597396702021409,0.698673480160918,0.101276778139509,0.0435319383987867,1,0.824239385583441
"Hypermethylated in DIS","cg13925692",0.224002679896994,0.400792856659069,0.176790176762075,0.0446646478097347,1,0.824239385583441
"Hypermethylated in DIS","cg14018079",0.442250452647649,0.643587634375511,0.201337181727862,0.00205671888735601,1,0.824239385583441
"Hypermethylated in DIS","cg14451730",0.448056974310276,0.582935045991679,0.134878071681403,0.0465178634933636,1,0.824239385583441
"Hypermethylated in DIS","cg14921522",0.658539624108114,0.797356977862609,0.138817353754495,0.018140417345462,1,0.824239385583441
"Hypermethylated in DIS","cg15284635",0.464963975003434,0.585148207726218,0.120184232722784,0.00284163388717965,1,0.824239385583441
"Hypermethylated in DIS","cg15367212",0.47398781873515,0.622371592892188,0.148383774157037,0.0357572571962324,1,0.824239385583441
"Hypermethylated in DIS","cg16625004",0.399924556237593,0.531836242831121,0.131911686593528,0.00443685779282742,1,0.824239385583441
"Hypermethylated in DIS","cg16868095",0.645730615654705,0.747422440130012,0.101691824475307,0.0432822704834183,1,0.824239385583441
"Hypermethylated in DIS","cg17009978",0.714596421570726,0.82857828237441,0.113981860803684,0.0253517604978282,1,0.824239385583441
"Hypermethylated in DIS","cg17338821",0.592779152529186,0.695324401196721,0.102545248667534,0.00493014064067608,1,0.824239385583441
"Hypermethylated in DIS","cg17546649",0.335184711417971,0.45485729733813,0.119672585920159,0.0128831866174035,1,0.824239385583441
"Hypermethylated in DIS","cg17762146",0.229070049644551,0.402705583855736,0.173635534211185,0.0123148483751632,1,0.824239385583441
"Hypermethylated in DIS","cg18025831",0.611892081232498,0.801822361134874,0.189930279902376,0.00187766280239277,1,0.824239385583441
"Hypermethylated in DIS","cg18532215",0.448339040555171,0.596061435340905,0.147722394785734,0.0391666551842248,1,0.824239385583441
"Hypermethylated in DIS","cg18713687",0.773012362296932,0.919144222865664,0.146131860568732,0.0250082931764133,1,0.824239385583441
"Hypermethylated in DIS","cg18766210",0.703539231491157,0.809956492163302,0.106417260672144,0.0220208125245294,1,0.824239385583441
"Hypermethylated in DIS","cg18918831",0.505379218433588,0.802108290750289,0.296729072316701,0.0232552019475154,1,0.824239385583441
"Hypermethylated in DIS","cg19013391",0.52513083236407,0.630670367482098,0.105539535118028,0.0115378045985023,1,0.824239385583441
"Hypermethylated in DIS","cg19280206",0.715872375040857,0.835603629516373,0.119731254475516,0.0307933827479258,1,0.824239385583441
"Hypermethylated in DIS","cg19953917",0.69084300658011,0.822721754454623,0.131878747874513,0.00146930279601962,1,0.824239385583441
"Hypermethylated in DIS","cg20587808",0.228861793947026,0.341967851210249,0.113106057263223,0.0167530891288646,1,0.824239385583441
"Hypermethylated in DIS","cg21104412",0.582312995313678,0.741346083702254,0.159033088388576,0.012598557988197,1,0.824239385583441
"Hypermethylated in DIS","cg21145686",0.599113933456229,0.708247631296293,0.109133697840064,0.0457978210089075,1,0.824239385583441
"Hypermethylated in DIS","cg21255605",0.326828665063073,0.489334281341307,0.162505616278233,0.0402219708068253,1,0.824239385583441
"Hypermethylated in DIS","cg21545762",0.535329352460792,0.740311347203384,0.204981994742591,0.000767655099491627,1,0.824239385583441
"Hypermethylated in DIS","cg22081832",0.288397311340696,0.396925131652069,0.108527820311373,0.0492092441742418,1,0.824239385583441
"Hypermethylated in DIS","cg22919728",0.511498893892452,0.673983095292342,0.16248420139989,0.0372191560239033,1,0.824239385583441
"Hypermethylated in DIS","cg23091302",0.251178698370881,0.449650997570606,0.198472299199724,0.0209861613674658,1,0.824239385583441
"Hypermethylated in DIS","cg23170091",0.593547918235641,0.736668464977224,0.143120546741583,0.0255246056916405,1,0.824239385583441
"Hypermethylated in DIS","cg24019851",0.518527553368192,0.71082068245046,0.192293129082268,0.00390016101279618,1,0.824239385583441
"Hypermethylated in DIS","cg24364668",0.433153233499242,0.583968372915311,0.150815139416069,0.0263737131628329,1,0.824239385583441
"Hypermethylated in DIS","cg24790788",0.474765365336357,0.607900241680627,0.13313487634427,0.0347794782202348,1,0.824239385583441
"Hypermethylated in DIS","cg24879335",0.113537758955551,0.253814492801156,0.140276733845605,0.000471084110575592,1,0.824239385583441
"Hypermethylated in DIS","cg25415932",0.413951928035455,0.533535378443805,0.11958345040835,0.0427690639636802,1,0.824239385583441
"Hypermethylated in DIS","cg25471071",0.459801548861931,0.620089243554935,0.160287694693004,0.000576164022360518,1,0.824239385583441
"Hypermethylated in DIS","cg25607670",0.709502561534527,0.834066954125546,0.124564392591019,0.0100120913402663,1,0.824239385583441
"Hypermethylated in DIS","cg25821399",0.739609497587347,0.840176106938907,0.10056660935156,0.00750433892587666,1,0.824239385583441
"Hypermethylated in DIS","cg26221543",0.50542571181584,0.623584081907176,0.118158370091336,0.0411818345022247,1,0.824239385583441
"Hypermethylated in DIS","cg26434197",0.311840768782716,0.463551392580102,0.151710623797387,0.0403900615632441,1,0.824239385583441
"Hypermethylated in DIS","cg27558387",0.402247088882078,0.536724069178278,0.1344769802962,0.0132251903235391,1,0.824239385583441
"Hypermethylated in DIS","cg00076653",0.556013983641483,0.713063993701839,0.157050010060356,0.0380244446628903,1,0.824239385583441
"Hypermethylated in DIS","cg00404717",0.616971175307006,0.773491890307646,0.15652071500064,0.0317275990477851,1,0.824239385583441
"Hypermethylated in DIS","cg01217350",0.54832598031417,0.692206187610413,0.143880207296243,0.00224390606437868,1,0.824239385583441
"Hypermethylated in DIS","cg01363474",0.395913205018078,0.550567993645855,0.154654788627777,0.0454921144421345,1,0.824239385583441
"Hypermethylated in DIS","cg01883540",0.696348624208944,0.843062903126474,0.146714278917529,0.03194534533599,1,0.824239385583441
"Hypermethylated in DIS","cg02060584",0.152502786364589,0.274793006087444,0.122290219722855,0.00557236479597122,1,0.824239385583441
"Hypermethylated in DIS","cg02524475",0.440792523854758,0.740059309715976,0.299266785861217,0.00531160713971158,1,0.824239385583441
"Hypermethylated in DIS","cg02877261",0.0409265756359745,0.600821677990861,0.559895102354886,0.00298975124134975,1,0.824239385583441
"Hypermethylated in DIS","cg03209412",0.483029519559874,0.680876978589658,0.197847459029785,0.0352386838140596,1,0.824239385583441
"Hypermethylated in DIS","cg03450635",0.454667904300854,0.611259767080191,0.156591862779337,0.000856840021116496,1,0.824239385583441
"Hypermethylated in DIS","cg03460109",0.49800244920599,0.635142899432825,0.137140450226835,0.0196357391796034,1,0.824239385583441
"Hypermethylated in DIS","cg03877332",0.308949963889347,0.457264725452437,0.148314761563091,0.0130641477805431,1,0.824239385583441
"Hypermethylated in DIS","cg04733933",0.71634622457881,0.817907911436701,0.101561686857891,0.0292441016157259,1,0.824239385583441
"Hypermethylated in DIS","cg05160558",0.211733502503533,0.323366187702557,0.111632685199024,0.044469140551664,1,0.824239385583441
"Hypermethylated in DIS","cg05369942",0.233591201493942,0.338630239424737,0.105039037930796,0.0156961726171769,1,0.824239385583441
"Hypermethylated in DIS","cg05641529",0.239278922955599,0.350220735833915,0.110941812878316,0.0370383216366797,1,0.824239385583441
"Hypermethylated in DIS","cg05750542",0.623787516779846,0.764332073361872,0.140544556582026,0.02284580441814,1,0.824239385583441
"Hypermethylated in DIS","cg06773116",0.513574105560297,0.650607047617915,0.137032942057619,0.0127523067843883,1,0.824239385583441
"Hypermethylated in DIS","cg07990556",0.504975750959132,0.629409514137411,0.124433763178279,0.0198623478857063,1,0.824239385583441
"Hypermethylated in DIS","cg08167110",0.596804380071213,0.698682108162468,0.101877728091255,0.00653581999572303,1,0.824239385583441
"Hypermethylated in DIS","cg08817983",0.664579848122163,0.856602848686028,0.192023000563864,0.00770954729321225,1,0.824239385583441
"Hypermethylated in DIS","cg09571713",0.46717421619472,0.615222275927643,0.148048059732924,0.00227963253075706,1,0.824239385583441
"Hypermethylated in DIS","cg09907542",0.587197665449598,0.796262600242182,0.209064934792585,0.019488389425937,1,0.824239385583441
"Hypermethylated in DIS","cg10136560",0.695951225186262,0.823314678001251,0.127363452814989,0.0229171449007353,1,0.824239385583441
"Hypermethylated in DIS","cg10150824",0.525161017385435,0.711502879303163,0.186341861917728,0.00830196618476711,1,0.824239385583441
"Hypermethylated in DIS","cg10742523",0.752151338093795,0.869513263741754,0.117361925647959,0.0240485254990422,1,0.824239385583441
"Hypermethylated in DIS","cg10843276",0.708421526561156,0.838319058689702,0.129897532128546,0.0298676003317947,1,0.824239385583441
"Hypermethylated in DIS","cg10906108",0.44729665094754,0.562943479523329,0.115646828575789,0.00993938806321093,1,0.824239385583441
"Hypermethylated in DIS","cg11037477",0.232157275516662,0.377085544913962,0.144928269397299,0.0264401830261375,1,0.824239385583441
"Hypermethylated in DIS","cg11491436",0.408371068294464,0.530077493789671,0.121706425495207,0.0106596002512766,1,0.824239385583441
"Hypermethylated in DIS","cg11547273",0.143117500988013,0.244909947555952,0.101792446567939,0.00773607299354258,1,0.824239385583441
"Hypermethylated in DIS","cg11939399",0.289242866751579,0.465270734754676,0.176027868003097,0.00513665275850652,1,0.824239385583441
"Hypermethylated in DIS","cg11950778",0.638162575425076,0.762225239238491,0.124062663813415,0.00624039450158191,1,0.824239385583441
"Hypermethylated in DIS","cg12214451",0.37094051468969,0.568575941377345,0.197635426687655,0.000910971747324865,1,0.824239385583441
"Hypermethylated in DIS","cg12342753",0.574706501799951,0.702367224601446,0.127660722801495,0.0335111499543279,1,0.824239385583441
"Hypermethylated in DIS","cg13749822",0.239455052435551,0.455694814003892,0.216239761568341,0.00590429219273519,1,0.824239385583441
"Hypermethylated in DIS","cg14107488",0.700615840251488,0.806335502260366,0.105719662008878,0.0486316606846344,1,0.824239385583441
"Hypermethylated in DIS","cg14855679",0.27574508053544,0.450147235996301,0.174402155460861,0.00486173521744766,1,0.824239385583441
"Hypermethylated in DIS","cg15633390",0.255270841327853,0.528742853202641,0.273472011874788,0.0143191255315802,1,0.824239385583441
"Hypermethylated in DIS","cg15867164",0.379701895434696,0.482849922413357,0.103148026978661,0.0483306950311891,1,0.824239385583441
"Hypermethylated in DIS","cg16895261",0.301377307575869,0.443131750534179,0.141754442958311,0.0126228019015324,1,0.824239385583441
"Hypermethylated in DIS","cg16931969",0.61016739932722,0.765506337101866,0.155338937774645,0.0166068911560061,1,0.824239385583441
"Hypermethylated in DIS","cg16955704",0.407705815674553,0.554295664726188,0.146589849051634,0.00347376596110763,1,0.824239385583441
"Hypermethylated in DIS","cg17177660",0.322472585002908,0.439315393299482,0.116842808296574,0.0237783153621898,1,0.824239385583441
"Hypermethylated in DIS","cg17459778",0.489554759958513,0.591799665405689,0.102244905447175,0.0365225009913735,1,0.824239385583441
"Hypermethylated in DIS","cg17795695",0.593494452399587,0.712292699359633,0.118798246960046,0.0184014874683708,1,0.824239385583441
"Hypermethylated in DIS","cg17872261",0.18245118557559,0.292050994243669,0.109599808668079,0.00988697625484976,1,0.824239385583441
"Hypermethylated in DIS","cg18075755",0.0682012122119028,0.649971309367206,0.581770097155303,0.0067555800110926,1,0.824239385583441
"Hypermethylated in DIS","cg18127012",0.285972579580222,0.401732728735404,0.115760149155182,0.0239301335999353,1,0.824239385583441
"Hypermethylated in DIS","cg18825766",0.287611829017096,0.436558354702436,0.148946525685341,0.0172831347031885,1,0.824239385583441
"Hypermethylated in DIS","cg18994250",0.542755364758636,0.668927000940311,0.126171636181675,0.04123693776642,1,0.824239385583441
"Hypermethylated in DIS","cg20332195",0.400400269102885,0.538238666168889,0.137838397066004,0.00951241284079039,1,0.824239385583441
"Hypermethylated in DIS","cg20793532",0.611704756791031,0.800673969250981,0.18896921245995,0.00644492717859611,1,0.824239385583441
"Hypermethylated in DIS","cg22744079",0.538929876769968,0.712717649517164,0.173787772747196,0.0366660727543417,1,0.824239385583441
"Hypermethylated in DIS","cg24491749",0.460179582047202,0.567476791174456,0.107297209127255,0.045178625310238,1,0.824239385583441
"Hypermethylated in DIS","cg24556382",0.645127434110671,0.830635395261926,0.185507961151255,0.00193892852958829,1,0.824239385583441
"Hypermethylated in DIS","cg25976440",0.239126314454975,0.422343654204692,0.183217339749717,0.0244717176301173,1,0.824239385583441
"Hypermethylated in DIS","cg26621699",0.138583907415615,0.253228499542441,0.114644592126826,0.00316752916069922,1,0.824239385583441
"Hypermethylated in DIS","cg27111250",0.794048527454647,0.91092502255589,0.116876495101243,0.00695188674810087,1,0.824239385583441
"Hypermethylated in DIS","cg27341708",0.378336872902757,0.792056830955738,0.413719958052981,0.0463011557600446,1,0.824239385583441
"Hypermethylated in DIS","cg27634344",0.136322530592736,0.26201217009294,0.125689639500204,0.037413149810305,1,0.824239385583441
"Hypermethylated in DIS","cg27635485",0.748598838800502,0.853680151195566,0.105081312395064,0.0256146238075125,1,0.824239385583441
"Hypermethylated in DIS","cg27639662",0.764436173561315,0.879540640172962,0.115104466611647,0.005962715009246,1,0.824239385583441
"Hypermethylated in DIS","cg00075920",0.182266972836891,0.304817929623649,0.122550956786758,0.0160632496617963,1,0.824239385583441
"Hypermethylated in DIS","cg00082140",0.419374332985486,0.592987432999898,0.173613100014412,0.00479057632902448,1,0.824239385583441
"Hypermethylated in DIS","cg00099094",0.452037555403792,0.770329902688159,0.318292347284367,0.00829200791001,1,0.824239385583441
"Hypermethylated in DIS","cg00254017",0.608623132238579,0.729411087590226,0.120787955351648,0.00442646320926146,1,0.824239385583441
"Hypermethylated in DIS","cg00594129",0.244400969842593,0.52231470714842,0.277913737305827,0.0222222235533616,1,0.824239385583441
"Hypermethylated in DIS","cg00603340",0.598162466304899,0.761292804519134,0.163130338214235,0.0141322094755497,1,0.824239385583441
"Hypermethylated in DIS","cg01281157",0.165784507562166,0.443807032022449,0.278022524460283,0.048251187601563,1,0.824239385583441
"Hypermethylated in DIS","cg01914314",0.31663940908596,0.510588914729763,0.193949505643803,0.0137192326647476,1,0.824239385583441
"Hypermethylated in DIS","cg01990593",0.680767161704866,0.837120791690067,0.156353629985201,0.0466425647094438,1,0.824239385583441
"Hypermethylated in DIS","cg02502307",0.229678923335677,0.356533236892966,0.126854313557289,0.0448673385350957,1,0.824239385583441
"Hypermethylated in DIS","cg02666302",0.391904916474785,0.493397448236799,0.101492531762014,0.0103037486913676,1,0.824239385583441
"Hypermethylated in DIS","cg03086707",0.242250398420394,0.417780721622221,0.175530323201827,0.0125418532773362,1,0.824239385583441
"Hypermethylated in DIS","cg03421353",0.489617615391718,0.6467396049361,0.157121989544382,0.0209148369604556,1,0.824239385583441
"Hypermethylated in DIS","cg04284530",0.401024104096268,0.552874659108015,0.151850555011746,0.0137592040406089,1,0.824239385583441
"Hypermethylated in DIS","cg04467093",0.453917606762957,0.610313500906508,0.156395894143551,0.010459848324389,1,0.824239385583441
"Hypermethylated in DIS","cg04832019",0.750425770700757,0.877055049439716,0.126629278738958,0.00812136120981693,1,0.824239385583441
"Hypermethylated in DIS","cg05935520",0.23744026741365,0.381485986874226,0.144045719460577,0.0234427334510947,1,0.824239385583441
"Hypermethylated in DIS","cg06405317",0.300723275150703,0.439174762784505,0.138451487633802,0.0414853236200495,1,0.824239385583441
"Hypermethylated in DIS","cg06477464",0.755124112218944,0.863954641055195,0.108830528836251,0.0133676055071944,1,0.824239385583441
"Hypermethylated in DIS","cg07225509",0.349312957322155,0.7221219730724,0.372809015750245,0.0130674722553725,1,0.824239385583441
"Hypermethylated in DIS","cg07469926",0.655764177050195,0.813525843043798,0.157761665993603,0.0153337796825302,1,0.824239385583441
"Hypermethylated in DIS","cg07733851",0.319695872688508,0.438587996910744,0.118892124222236,0.0122516478430233,1,0.824239385583441
"Hypermethylated in DIS","cg08352755",0.452607990571625,0.59255982132196,0.139951830750335,0.000452493671950955,1,0.824239385583441
"Hypermethylated in DIS","cg08528934",0.60520952321009,0.711040325283862,0.105830802073772,0.0104818064317932,1,0.824239385583441
"Hypermethylated in DIS","cg08578734",0.135783772015755,0.246654643352123,0.110870871336368,0.00206621750727204,1,0.824239385583441
"Hypermethylated in DIS","cg08951638",0.5287509918499,0.696945676945521,0.168194685095622,0.0407633667819563,1,0.824239385583441
"Hypermethylated in DIS","cg09134760",0.479859223926846,0.580860285904397,0.101001061977551,0.0373427358751187,1,0.824239385583441
"Hypermethylated in DIS","cg09134819",0.205543221558135,0.352655956635485,0.147112735077349,0.000847941184254269,1,0.824239385583441
"Hypermethylated in DIS","cg09179845",0.390846809918002,0.541162895480777,0.150316085562775,0.0495797617248452,1,0.824239385583441
"Hypermethylated in DIS","cg09782097",0.398440987001057,0.564578368136095,0.166137381135039,0.0192215523253039,1,0.824239385583441
"Hypermethylated in DIS","cg09936799",0.471111494007043,0.642164047011265,0.171052553004222,0.0257870444851137,1,0.824239385583441
"Hypermethylated in DIS","cg10426370",0.713464014979333,0.818583518290857,0.105119503311524,0.0348719910731674,1,0.824239385583441
"Hypermethylated in DIS","cg10514770",0.619087393773289,0.770048386806468,0.150960993033179,0.0088566005400861,1,0.824239385583441
"Hypermethylated in DIS","cg10561067",0.1948461800044,0.311503645687005,0.116657465682606,0.0470258884443332,1,0.824239385583441
"Hypermethylated in DIS","cg10598711",0.309582419769554,0.455273512050633,0.145691092281079,0.0428248627815488,1,0.824239385583441
"Hypermethylated in DIS","cg10931792",0.612825190168277,0.758953723060584,0.146128532892307,0.00933365407283812,1,0.824239385583441
"Hypermethylated in DIS","cg10981942",0.399081665020192,0.613521572163969,0.214439907143777,0.0376918847963525,1,0.824239385583441
"Hypermethylated in DIS","cg11144555",0.409600046356493,0.616222732855405,0.206622686498912,0.0147222389328472,1,0.824239385583441
"Hypermethylated in DIS","cg11334165",0.413711068922892,0.560072301182507,0.146361232259615,0.0153640665911549,1,0.824239385583441
"Hypermethylated in DIS","cg11346718",0.660875349070207,0.832927672068946,0.172052322998739,0.0351382398637086,1,0.824239385583441
"Hypermethylated in DIS","cg12152566",0.402696887163014,0.513687933152058,0.110991045989044,0.0137845519131432,1,0.824239385583441
"Hypermethylated in DIS","cg13334727",0.379853514044419,0.572119443058444,0.192265929014025,0.0173204911352578,1,0.824239385583441
"Hypermethylated in DIS","cg13560436",0.461652637849111,0.594710064220368,0.133057426371256,0.0403157384552408,1,0.824239385583441
"Hypermethylated in DIS","cg13963033",0.699636354995588,0.810277136246791,0.110640781251203,0.0232524319154971,1,0.824239385583441
"Hypermethylated in DIS","cg13967811",0.178828162008357,0.462383803616194,0.283555641607836,0.0012372183807424,1,0.824239385583441
"Hypermethylated in DIS","cg14859460",0.138553896223701,0.257123768130159,0.118569871906458,0.0454982859360098,1,0.824239385583441
"Hypermethylated in DIS","cg15123573",0.614434671945223,0.785127406792486,0.170692734847263,0.00368030014878118,1,0.824239385583441
"Hypermethylated in DIS","cg15574301",0.459568582312326,0.625746396669819,0.166177814357493,0.0348281893286953,1,0.824239385583441
"Hypermethylated in DIS","cg16185299",0.477007004526437,0.58389847411474,0.106891469588303,0.0310470927710411,1,0.824239385583441
"Hypermethylated in DIS","cg16296536",0.220025689049052,0.372894964853477,0.152869275804424,0.00439687404562076,1,0.824239385583441
"Hypermethylated in DIS","cg16541222",0.428947841449681,0.644298881038763,0.215351039589082,0.0223077475158504,1,0.824239385583441
"Hypermethylated in DIS","cg16579158",0.48548112909216,0.694123697935446,0.208642568843286,0.0142968474065197,1,0.824239385583441
"Hypermethylated in DIS","cg17093478",0.600158086261413,0.701718526469072,0.101560440207659,0.0480361573359915,1,0.824239385583441
"Hypermethylated in DIS","cg17393458",0.675493152368516,0.789512841850759,0.114019689482243,0.000456031215236342,1,0.824239385583441
"Hypermethylated in DIS","cg17503389",0.436715649860473,0.580635916039563,0.14392026617909,0.0234459417269232,1,0.824239385583441
"Hypermethylated in DIS","cg17760318",0.382662364245593,0.573821758143158,0.191159393897564,0.00963265842071457,1,0.824239385583441
"Hypermethylated in DIS","cg17921412",0.499985212124535,0.642356318684583,0.142371106560048,0.017279318441985,1,0.824239385583441
"Hypermethylated in DIS","cg18181571",0.181614556481967,0.34011339473218,0.158498838250213,0.00550420755594299,1,0.824239385583441
"Hypermethylated in DIS","cg18713748",0.333351913270151,0.440156003167,0.106804089896848,0.00291807535946931,1,0.824239385583441
"Hypermethylated in DIS","cg19408140",0.440741430345329,0.590023649663389,0.14928221931806,0.00955479926231604,1,0.824239385583441
"Hypermethylated in DIS","cg19518672",0.404365623154537,0.671293144720381,0.266927521565845,0.00961133962624515,1,0.824239385583441
"Hypermethylated in DIS","cg19910648",0.354660613161056,0.461754373218281,0.107093760057225,0.0028756114735577,1,0.824239385583441
"Hypermethylated in DIS","cg20683267",0.211061785504384,0.421494897159602,0.210433111655218,0.0208670436234656,1,0.824239385583441
"Hypermethylated in DIS","cg20717585",0.454149012086661,0.612570300984308,0.158421288897647,0.0195893657804801,1,0.824239385583441
"Hypermethylated in DIS","cg21145980",0.532767006027178,0.780692565005459,0.247925558978281,0.00559679088122772,1,0.824239385583441
"Hypermethylated in DIS","cg21743597",0.146975778382263,0.260382622526466,0.113406844144202,0.00562770873654545,1,0.824239385583441
"Hypermethylated in DIS","cg21949355",0.587514577508712,0.693259108209012,0.1057445307003,0.0326838712519589,1,0.824239385583441
"Hypermethylated in DIS","cg22158051",0.147293785386796,0.282383691380732,0.135089905993935,0.0309441272228653,1,0.824239385583441
"Hypermethylated in DIS","cg22547775",0.674416001115789,0.836897146248125,0.162481145132336,0.0246849598543775,1,0.824239385583441
"Hypermethylated in DIS","cg22705225",0.380500536029902,0.544614917382175,0.164114381352273,0.0134992975002275,1,0.824239385583441
"Hypermethylated in DIS","cg23077575",0.255698427927401,0.414963639727119,0.159265211799718,0.0338890857215357,1,0.824239385583441
"Hypermethylated in DIS","cg23211470",0.4179836486649,0.54495655573175,0.12697290706685,0.017231010364854,1,0.824239385583441
"Hypermethylated in DIS","cg23268783",0.613047811137257,0.722818804589652,0.109770993452396,0.0123178523347186,1,0.824239385583441
"Hypermethylated in DIS","cg23470729",0.50659579779658,0.68686027665947,0.18026447886289,0.0271933139327629,1,0.824239385583441
"Hypermethylated in DIS","cg23488198",0.367200693887385,0.582632340375942,0.215431646488557,0.0114548191758745,1,0.824239385583441
"Hypermethylated in DIS","cg23502298",0.225968854873965,0.336847475695813,0.110878620821848,0.0352130025978263,1,0.824239385583441
"Hypermethylated in DIS","cg23974473",0.652673391159682,0.794644445711449,0.141971054551767,0.013320243373111,1,0.824239385583441
"Hypermethylated in DIS","cg23994191",0.514107519460037,0.642508488009459,0.128400968549422,0.0383513335904048,1,0.824239385583441
"Hypermethylated in DIS","cg24536824",0.747417968081024,0.867722956320891,0.120304988239868,0.0352603717408431,1,0.824239385583441
"Hypermethylated in DIS","cg25233672",0.314986776844438,0.529484767584206,0.214497990739768,0.0271388069504893,1,0.824239385583441
"Hypermethylated in DIS","cg25423752",0.0909720399504741,0.330540572435464,0.23956853248499,0.00180241273018277,1,0.824239385583441
"Hypermethylated in DIS","cg25842356",0.727659160982748,0.845110835307013,0.117451674324266,0.0133785005987694,1,0.824239385583441
"Hypermethylated in DIS","cg27128941",0.681187306947769,0.796386328080058,0.11519902113229,0.0310495883555649,1,0.824239385583441
"Hypermethylated in DIS","cg27309611",0.368757858162739,0.56414385249271,0.195385994329971,0.0380765470609891,1,0.824239385583441
"Hypermethylated in DIS","cg27328673",0.587174559900275,0.724498696433523,0.137324136533248,0.0392078575836208,1,0.824239385583441
"Hypermethylated in DIS","cg27628536",0.204575086821314,0.315138433011785,0.110563346190471,0.0055108789957568,1,0.824239385583441
"Hypermethylated in DIS","cg00007420",0.458097418344016,0.589643517702292,0.131546099358276,0.00530782045058783,1,0.824239385583441
"Hypermethylated in DIS","cg00049595",0.510965225734971,0.692038621257312,0.181073395522341,0.0152525126050381,1,0.824239385583441
"Hypermethylated in DIS","cg00151370",0.118811620993672,0.285621557730357,0.166809936736685,0.0209759466319017,1,0.824239385583441
"Hypermethylated in DIS","cg00403478",0.197075245199611,0.473807837944775,0.276732592745164,0.0143910912879119,1,0.824239385583441
"Hypermethylated in DIS","cg00424690",0.77121504310481,0.888284158382156,0.117069115277346,0.000320402146529493,1,0.824239385583441
"Hypermethylated in DIS","cg00598125",0.134435878058357,0.342035113508207,0.20759923544985,0.00890100692794834,1,0.824239385583441
"Hypermethylated in DIS","cg00778993",0.677964344888148,0.780070338104586,0.102105993216438,0.0476919947636738,1,0.824239385583441
"Hypermethylated in DIS","cg00794673",0.209141434118726,0.317064525615438,0.107923091496712,0.00217401800909199,1,0.824239385583441
"Hypermethylated in DIS","cg00798281",0.244436013853849,0.414828561813175,0.170392547959327,0.000724332348681845,1,0.824239385583441
"Hypermethylated in DIS","cg00848392",0.288734933440997,0.407421524989186,0.118686591548188,0.0383403740310506,1,0.824239385583441
"Hypermethylated in DIS","cg01210642",0.521084919200003,0.631171448400773,0.11008652920077,0.0297656638436,1,0.824239385583441
"Hypermethylated in DIS","cg01234945",0.393132491464508,0.547083762457901,0.153951270993393,0.01302421811874,1,0.824239385583441
"Hypermethylated in DIS","cg01474544",0.469879543631264,0.572534654874524,0.10265511124326,0.0334744819310166,1,0.824239385583441
"Hypermethylated in DIS","cg01883195",0.479949310342604,0.584310116454262,0.104360806111658,0.0292150691970537,1,0.824239385583441
"Hypermethylated in DIS","cg02247838",0.649806702726815,0.758273002708044,0.108466299981229,0.0402485915111211,1,0.824239385583441
"Hypermethylated in DIS","cg02286081",0.325954171437924,0.548225121129609,0.222270949691685,0.0488154827121529,1,0.824239385583441
"Hypermethylated in DIS","cg02548777",0.524821081384568,0.702269405818675,0.177448324434107,0.0360611707450056,1,0.824239385583441
"Hypermethylated in DIS","cg02691325",0.284641270134121,0.437169828772746,0.152528558638625,0.00488733295500244,1,0.824239385583441
"Hypermethylated in DIS","cg02710168",0.584010231240448,0.712497843642467,0.128487612402019,0.0428336382765447,1,0.824239385583441
"Hypermethylated in DIS","cg02931604",0.567085460122691,0.711305052257987,0.144219592135295,0.0079657432857283,1,0.824239385583441
"Hypermethylated in DIS","cg03051880",0.633597969092915,0.78111614530305,0.147518176210135,0.00859813115787464,1,0.824239385583441
"Hypermethylated in DIS","cg03127244",0.631946591098292,0.780213890859987,0.148267299761695,0.00857423182415405,1,0.824239385583441
"Hypermethylated in DIS","cg03203274",0.743397180577475,0.867043533329085,0.12364635275161,0.000196821274203604,1,0.824239385583441
"Hypermethylated in DIS","cg03278811",0.471828972093417,0.610314401141015,0.138485429047597,0.0239993013403448,1,0.824239385583441
"Hypermethylated in DIS","cg03421270",0.555660043955766,0.732090828318512,0.176430784362745,0.0132329771672003,1,0.824239385583441
"Hypermethylated in DIS","cg03498886",0.070906411031241,0.273519430502861,0.20261301947162,0.0123593285864371,1,0.824239385583441
"Hypermethylated in DIS","cg03531211",0.63942436151259,0.791138285458911,0.151713923946321,0.023742774918347,1,0.824239385583441
"Hypermethylated in DIS","cg03638120",0.428228214921107,0.583300125713051,0.155071910791944,0.0246868429547668,1,0.824239385583441
"Hypermethylated in DIS","cg03754044",0.409173846406273,0.577891844498348,0.168717998092075,0.00523433627131841,1,0.824239385583441
"Hypermethylated in DIS","cg03780648",0.757752489521919,0.858143419896221,0.100390930374302,0.00861238072399466,1,0.824239385583441
"Hypermethylated in DIS","cg04037640",0.526729422165065,0.627135878208131,0.100406456043066,0.00961639094978431,1,0.824239385583441
"Hypermethylated in DIS","cg04149916",0.387378700588899,0.573043507675118,0.185664807086218,0.000682708973147567,1,0.824239385583441
"Hypermethylated in DIS","cg04273431",0.613405734218052,0.743299605160761,0.129893870942709,0.0261412490366195,1,0.824239385583441
"Hypermethylated in DIS","cg04334496",0.219619638867439,0.324659455902489,0.10503981703505,0.0430282197518915,1,0.824239385583441
"Hypermethylated in DIS","cg04467832",0.703584300934556,0.807622640835905,0.104038339901349,0.010218365920643,1,0.824239385583441
"Hypermethylated in DIS","cg04580344",0.671010107830044,0.911269750710788,0.240259642880744,0.0343011212604477,1,0.824239385583441
"Hypermethylated in DIS","cg04595372",0.64795814482135,0.806821931625033,0.158863786803683,0.00914834343042825,1,0.824239385583441
"Hypermethylated in DIS","cg04637454",0.330109080578677,0.440146319231649,0.110037238652972,0.0227923636023669,1,0.824239385583441
"Hypermethylated in DIS","cg04665604",0.350268854853878,0.480984500357189,0.130715645503311,0.00511528352340249,1,0.824239385583441
"Hypermethylated in DIS","cg04753078",0.3737938624627,0.543798037488872,0.170004175026172,0.0176482864979711,1,0.824239385583441
"Hypermethylated in DIS","cg04856022",0.584000932580653,0.711976012655708,0.127975080075055,0.00352983995699221,1,0.824239385583441
"Hypermethylated in DIS","cg05429527",0.325382603595312,0.504783015010214,0.179400411414902,0.00864338802187787,1,0.824239385583441
"Hypermethylated in DIS","cg05791862",0.709613467447294,0.810884650680588,0.101271183233294,0.0189023066667261,1,0.824239385583441
"Hypermethylated in DIS","cg05826295",0.355384445329711,0.577824722990404,0.222440277660693,0.0106863684119449,1,0.824239385583441
"Hypermethylated in DIS","cg06329225",0.666300237843607,0.796278438690059,0.129978200846452,0.00017407363321298,1,0.824239385583441
"Hypermethylated in DIS","cg06892912",0.74943540302379,0.853093535086232,0.103658132062442,0.00860152340157022,1,0.824239385583441
"Hypermethylated in DIS","cg07007382",0.0836728756508458,0.275926150273513,0.192253274622667,0.0274499063299887,1,0.824239385583441
"Hypermethylated in DIS","cg07086945",0.229096214987177,0.401809100036833,0.172712885049655,0.030489215462402,1,0.824239385583441
"Hypermethylated in DIS","cg07363637",0.739637866545095,0.869742030297225,0.13010416375213,0.0214530655328591,1,0.824239385583441
"Hypermethylated in DIS","cg07570394",0.449165980043225,0.597375397982671,0.148209417939446,0.0224142511943219,1,0.824239385583441
"Hypermethylated in DIS","cg07740095",0.249989803409568,0.362091348332463,0.112101544922896,0.0442374788926207,1,0.824239385583441
"Hypermethylated in DIS","cg07904452",0.335715044358949,0.595606051730389,0.25989100737144,0.0282544316837736,1,0.824239385583441
"Hypermethylated in DIS","cg08481967",0.352571735510525,0.50725477409896,0.154683038588436,0.00153403906589418,1,0.824239385583441
"Hypermethylated in DIS","cg08621445",0.661687917790628,0.806380260625708,0.14469234283508,0.00711393112292505,1,0.824239385583441
"Hypermethylated in DIS","cg08735211",0.239258366235146,0.350211612272932,0.110953246037786,0.0151075696346404,1,0.824239385583441
"Hypermethylated in DIS","cg08771019",0.566223001271987,0.797719426353023,0.231496425081036,0.00396756624358865,1,0.824239385583441
"Hypermethylated in DIS","cg08882472",0.169076813116199,0.321336656663166,0.152259843546968,0.0161257059180692,1,0.824239385583441
"Hypermethylated in DIS","cg09071762",0.743809844366465,0.872601739377625,0.12879189501116,0.0154304239250583,1,0.824239385583441
"Hypermethylated in DIS","cg09245698",0.578312951590772,0.737138631189884,0.158825679599111,0.018111717318158,1,0.824239385583441
"Hypermethylated in DIS","cg09286468",0.577234187951069,0.786035118650128,0.208800930699059,0.0176055329530214,1,0.824239385583441
"Hypermethylated in DIS","cg09314434",0.371129289597717,0.487333900145666,0.116204610547949,0.0306614858509171,1,0.824239385583441
"Hypermethylated in DIS","cg09349343",0.425450399366838,0.546432752234328,0.12098235286749,0.0203079903742104,1,0.824239385583441
"Hypermethylated in DIS","cg09357589",0.611667792434789,0.750394087836496,0.138726295401707,0.00288999363021294,1,0.824239385583441
"Hypermethylated in DIS","cg09630142",0.738645099253241,0.842659330094181,0.104014230840939,0.0320242801886564,1,0.824239385583441
"Hypermethylated in DIS","cg09678939",0.131030452392402,0.361202929276542,0.230172476884141,0.0241727038336033,1,0.824239385583441
"Hypermethylated in DIS","cg10095777",0.670006178030842,0.865450487352631,0.195444309321789,0.00872376231257309,1,0.824239385583441
"Hypermethylated in DIS","cg10189661",0.677847744360542,0.807760959779231,0.129913215418689,0.0020006401064421,1,0.824239385583441
"Hypermethylated in DIS","cg10376053",0.349460074038043,0.563032845718978,0.213572771680934,0.00110574141254897,1,0.824239385583441
"Hypermethylated in DIS","cg10447080",0.569928985409683,0.678058165712534,0.108129180302851,0.0284267627486014,1,0.824239385583441
"Hypermethylated in DIS","cg10863737",0.657282171039402,0.88832186054819,0.231039689508788,0.0466216481822991,1,0.824239385583441
"Hypermethylated in DIS","cg10914467",0.540943125377763,0.757057261003818,0.216114135626055,0.0404472193224336,1,0.824239385583441
"Hypermethylated in DIS","cg11012965",0.318224684291738,0.610802723748212,0.292578039456473,0.000946714520592898,1,0.824239385583441
"Hypermethylated in DIS","cg11025918",0.591923834046246,0.724830761134034,0.132906927087788,0.0310982216775714,1,0.824239385583441
"Hypermethylated in DIS","cg11342453",0.198873480211938,0.409837151396347,0.210963671184409,0.0472403687887248,1,0.824239385583441
"Hypermethylated in DIS","cg11811828",0.549904374956847,0.704692378650139,0.154788003693291,0.0243219595667587,1,0.824239385583441
"Hypermethylated in DIS","cg11917542",0.551650491455407,0.715384973216936,0.163734481761529,0.0050388963826419,1,0.824239385583441
"Hypermethylated in DIS","cg11953311",0.389356928209796,0.521511385603603,0.132154457393807,0.0139936875881955,1,0.824239385583441
"Hypermethylated in DIS","cg12341018",0.303575540656675,0.444835763908608,0.141260223251933,0.0391386538966047,1,0.824239385583441
"Hypermethylated in DIS","cg12365667",0.0991362348393822,0.274409637893428,0.175273403054046,0.0097387466598704,1,0.824239385583441
"Hypermethylated in DIS","cg12577411",0.626652087819734,0.760433998407215,0.133781910587482,0.0300802717133918,1,0.824239385583441
"Hypermethylated in DIS","cg12939283",0.328913490825306,0.482266785625535,0.153353294800229,0.0178096246448976,1,0.824239385583441
"Hypermethylated in DIS","cg12988118",0.308007753214059,0.434157821038393,0.126150067824334,0.0357071846495046,1,0.824239385583441
"Hypermethylated in DIS","cg13073566",0.63374921109631,0.735633639087642,0.101884427991332,0.0487501944255619,1,0.824239385583441
"Hypermethylated in DIS","cg13136655",0.0748372828321012,0.187364308358383,0.112527025526281,0.0108480762908985,1,0.824239385583441
"Hypermethylated in DIS","cg13541970",0.359059663057369,0.492693372648136,0.133633709590766,0.0313027896696132,1,0.824239385583441
"Hypermethylated in DIS","cg13858611",0.212862690552292,0.369776097797809,0.156913407245516,0.0222105347894891,1,0.824239385583441
"Hypermethylated in DIS","cg13906813",0.247942216081167,0.480123251484971,0.232181035403804,0.0349858682520269,1,0.824239385583441
"Hypermethylated in DIS","cg14079463",0.635661325933454,0.894922428039384,0.25926110210593,0.0319866367854623,1,0.824239385583441
"Hypermethylated in DIS","cg14255617",0.785801175538755,0.914619252502918,0.128818076964164,0.0267014405859145,1,0.824239385583441
"Hypermethylated in DIS","cg14288848",0.470585630934485,0.709843332128481,0.239257701193997,0.00272232217918334,1,0.824239385583441
"Hypermethylated in DIS","cg14356799",0.21485413824655,0.439528184187823,0.224674045941273,0.0416644202456555,1,0.824239385583441
"Hypermethylated in DIS","cg14663533",0.611445519935247,0.718055217255519,0.106609697320271,0.00336559023401979,1,0.824239385583441
"Hypermethylated in DIS","cg14673415",0.677207844868808,0.793186166882608,0.1159783220138,0.00716119583744605,1,0.824239385583441
"Hypermethylated in DIS","cg14726583",0.546592802942746,0.765332388969882,0.218739586027136,0.000934790037855705,1,0.824239385583441
"Hypermethylated in DIS","cg14997592",0.630092103306861,0.787727384938371,0.15763528163151,0.0347803496111489,1,0.824239385583441
"Hypermethylated in DIS","cg15029183",0.282559824033292,0.711887898984902,0.42932807495161,0.0274097691842713,1,0.824239385583441
"Hypermethylated in DIS","cg15253861",0.385093944112871,0.546409593871428,0.161315649758556,0.0352700068428077,1,0.824239385583441
"Hypermethylated in DIS","cg15630950",0.610524459849177,0.764866970372174,0.154342510522996,0.00504020576206297,1,0.824239385583441
"Hypermethylated in DIS","cg15934191",0.658055664355047,0.8664656506683,0.208409986313252,0.00041354810254705,1,0.824239385583441
"Hypermethylated in DIS","cg16190718",0.597747552252221,0.746605432661778,0.148857880409556,0.00199685016612555,1,0.824239385583441
"Hypermethylated in DIS","cg16236263",0.0841098280634012,0.187186894330466,0.103077066267064,0.000127392855501651,1,0.824239385583441
"Hypermethylated in DIS","cg16292132",0.724044307732442,0.870145815577157,0.146101507844715,0.00533552379940183,1,0.824239385583441
"Hypermethylated in DIS","cg16453794",0.5713058143182,0.698460072181711,0.127154257863511,0.0497005160444805,1,0.824239385583441
"Hypermethylated in DIS","cg16704889",0.733371989288701,0.860051738416852,0.126679749128151,0.00714198738557944,1,0.824239385583441
"Hypermethylated in DIS","cg16707400",0.761315683306083,0.870208599472085,0.108892916166002,0.0126594163582427,1,0.824239385583441
"Hypermethylated in DIS","cg16935061",0.510453952430902,0.658897805165926,0.148443852735025,0.030287466376178,1,0.824239385583441
"Hypermethylated in DIS","cg17022232",0.480724008235145,0.650445709033065,0.16972170079792,0.00236263868206568,1,0.824239385583441
"Hypermethylated in DIS","cg17055704",0.410965724603174,0.635836122090566,0.224870397487393,0.00187343063615673,1,0.824239385583441
"Hypermethylated in DIS","cg17066403",0.532416395194234,0.667843037684341,0.135426642490107,0.0493731793641808,1,0.824239385583441
"Hypermethylated in DIS","cg17103217",0.395810954197545,0.521425113565455,0.125614159367911,0.0387458497120899,1,0.824239385583441
"Hypermethylated in DIS","cg17181653",0.486090025083352,0.645399437991688,0.159309412908336,0.0184757667786994,1,0.824239385583441
"Hypermethylated in DIS","cg17200690",0.524219439579967,0.667549049294843,0.143329609714876,0.0364667406462005,1,0.824239385583441
"Hypermethylated in DIS","cg17323040",0.381489056949164,0.60845745461303,0.226968397663866,0.0452938091370714,1,0.824239385583441
"Hypermethylated in DIS","cg17391620",0.735972588243893,0.840489889565516,0.104517301321623,0.0456004055409928,1,0.824239385583441
"Hypermethylated in DIS","cg17422460",0.362195630654821,0.469695476931953,0.107499846277133,0.00179169259633073,1,0.824239385583441
"Hypermethylated in DIS","cg17768600",0.631081674269667,0.732961303130193,0.101879628860526,0.0454352669130021,1,0.824239385583441
"Hypermethylated in DIS","cg18068140",0.750190114045918,0.863449791668807,0.113259677622889,0.0120106977857487,1,0.824239385583441
"Hypermethylated in DIS","cg18102337",0.287018935762604,0.408771235692839,0.121752299930235,0.00307885253825006,1,0.824239385583441
"Hypermethylated in DIS","cg18144560",0.611881309715253,0.76935935951346,0.157478049798206,0.0191554758148944,1,0.824239385583441
"Hypermethylated in DIS","cg18951352",0.131849867687467,0.29600274550549,0.164152877818023,0.0482065158079249,1,0.824239385583441
"Hypermethylated in DIS","cg18954479",0.494391266343962,0.664332040605567,0.169940774261605,0.0027163044187175,1,0.824239385583441
"Hypermethylated in DIS","cg19490609",0.629324182088689,0.772792114695422,0.143467932606733,0.0325652767429251,1,0.824239385583441
"Hypermethylated in DIS","cg19592898",0.484584310683142,0.621083697607597,0.136499386924454,0.0253744194989555,1,0.824239385583441
"Hypermethylated in DIS","cg19750282",0.340204475860759,0.481772144857474,0.141567668996715,0.0328201995053756,1,0.824239385583441
"Hypermethylated in DIS","cg19884950",0.327276405917017,0.583360068147536,0.25608366223052,0.00251231906119571,1,0.824239385583441
"Hypermethylated in DIS","cg20019720",0.373552475201978,0.623337440377629,0.249784965175651,0.0285603275040182,1,0.824239385583441
"Hypermethylated in DIS","cg20194050",0.772652190059188,0.92142155489094,0.148769364831752,0.0152335365538431,1,0.824239385583441
"Hypermethylated in DIS","cg21251018",0.544829930315822,0.661075032866133,0.116245102550311,0.047285887241905,1,0.824239385583441
"Hypermethylated in DIS","cg21286967",0.527723282790764,0.686010793620812,0.158287510830048,0.0044340643823451,1,0.824239385583441
"Hypermethylated in DIS","cg21462693",0.411204316401818,0.51750562603059,0.106301309628772,0.0391914002879022,1,0.824239385583441
"Hypermethylated in DIS","cg22324029",0.111343700294842,0.231304899229811,0.119961198934969,0.000724088342454275,1,0.824239385583441
"Hypermethylated in DIS","cg22743002",0.551533556426965,0.67370603459011,0.122172478163146,0.00558934324952564,1,0.824239385583441
"Hypermethylated in DIS","cg23326313",0.152282903214802,0.256442349721256,0.104159446506455,0.0356352658951751,1,0.824239385583441
"Hypermethylated in DIS","cg23331433",0.173473100939555,0.524212574598894,0.350739473659339,0.0155372878491964,1,0.824239385583441
"Hypermethylated in DIS","cg23526676",0.507375623665175,0.659857837972821,0.152482214307646,0.0173021285056971,1,0.824239385583441
"Hypermethylated in DIS","cg23534802",0.481347478315027,0.601657756799293,0.120310278484267,0.00645106116108963,1,0.824239385583441
"Hypermethylated in DIS","cg23906067",0.564523389404346,0.75991398421118,0.195390594806834,0.00475781933674847,1,0.824239385583441
"Hypermethylated in DIS","cg24243753",0.243531107639308,0.3458044608926,0.102273353253292,0.028609577596041,1,0.824239385583441
"Hypermethylated in DIS","cg24358785",0.547299298501059,0.665708905188033,0.118409606686975,0.0360860459751818,1,0.824239385583441
"Hypermethylated in DIS","cg24389034",0.613289986371153,0.769239464799766,0.155949478428613,0.0309911660421135,1,0.824239385583441
"Hypermethylated in DIS","cg24631428",0.287138115620788,0.401719396306246,0.114581280685458,0.0399578599683441,1,0.824239385583441
"Hypermethylated in DIS","cg24787138",0.317836185669467,0.454739815087246,0.136903629417779,0.0267744791450455,1,0.824239385583441
"Hypermethylated in DIS","cg24790356",0.672960906225598,0.863322677765126,0.190361771539529,0.00838281287804733,1,0.824239385583441
"Hypermethylated in DIS","cg25019378",0.706263658364584,0.81363313693967,0.107369478575086,0.0318619799059642,1,0.824239385583441
"Hypermethylated in DIS","cg25264948",0.519705059526152,0.694356396032118,0.174651336505965,0.0101511072182477,1,0.824239385583441
"Hypermethylated in DIS","cg25641533",0.771322764657029,0.8751295187571,0.10380675410007,0.00605133389606307,1,0.824239385583441
"Hypermethylated in DIS","cg25661892",0.658231861466625,0.7588490211454,0.100617159678775,0.0126272715827945,1,0.824239385583441
"Hypermethylated in DIS","cg25824217",0.41358019232402,0.582860348315827,0.169280155991807,0.0457125317641499,1,0.824239385583441
"Hypermethylated in DIS","cg26350754",0.326816498029926,0.457594394926624,0.130777896896698,0.0240596667987719,1,0.824239385583441
"Hypermethylated in DIS","cg26476939",0.451621744896761,0.568033690328642,0.116411945431882,0.0226658779500454,1,0.824239385583441
"Hypermethylated in DIS","cg26646118",0.82964120474656,0.942716254594628,0.113075049848068,0.0147598555644229,1,0.824239385583441
"Hypermethylated in DIS","cg26729204",0.465371070485767,0.618677397691283,0.153306327205516,0.0211383671893802,1,0.824239385583441
"Hypermethylated in DIS","cg26730543",0.379588553137072,0.524018832762595,0.144430279625523,0.0284069545932655,1,0.824239385583441
"Hypermethylated in DIS","cg26818629",0.639860174508296,0.75512742401304,0.115267249504743,0.0362012439218018,1,0.824239385583441
"Hypermethylated in DIS","cg27095915",0.496225203940586,0.643292573072084,0.147067369131498,0.0409822608372605,1,0.824239385583441
"Hypermethylated in DIS","cg27547543",0.623620767782453,0.726448379751303,0.102827611968851,0.00848680844470544,1,0.824239385583441
"Hypermethylated in DIS","cg27631817",0.205859078247636,0.366274827234711,0.160415748987076,0.0462679706629868,1,0.824239385583441
"Hypermethylated in DIS","cg00601727",0.650619446701113,0.754007859109037,0.103388412407923,0.0394065009303177,1,0.824239385583441
"Hypermethylated in DIS","cg00700487",0.593998939767275,0.697980037534161,0.103981097766886,0.0264439804028406,1,0.824239385583441
"Hypermethylated in DIS","cg00861497",0.15556115968125,0.270403775526913,0.114842615845662,0.0355436579762008,1,0.824239385583441
"Hypermethylated in DIS","cg00969405",0.730721713423555,0.878789044357389,0.148067330933833,0.0353411398058566,1,0.824239385583441
"Hypermethylated in DIS","cg01219135",0.477674067144474,0.670017984731393,0.192343917586919,0.00844578083867548,1,0.824239385583441
"Hypermethylated in DIS","cg01370449",0.69568493796872,0.874840650134055,0.179155712165335,0.0162455692353257,1,0.824239385583441
"Hypermethylated in DIS","cg01620739",0.332462331128756,0.442931446936819,0.110469115808063,0.0232931950554035,1,0.824239385583441
"Hypermethylated in DIS","cg01670430",0.522383602092651,0.631733894409975,0.109350292317324,0.00904640810347924,1,0.824239385583441
"Hypermethylated in DIS","cg01696605",0.684271249016237,0.854379465235257,0.170108216219021,0.0089683879204024,1,0.824239385583441
"Hypermethylated in DIS","cg01830073",0.621691581456974,0.739281631182418,0.117590049725443,0.0324126928504256,1,0.824239385583441
"Hypermethylated in DIS","cg02005600",0.677563110700852,0.896912047642846,0.219348936941994,0.0319327065425172,1,0.824239385583441
"Hypermethylated in DIS","cg02027878",0.325506004861971,0.528903335567426,0.203397330705455,0.00712424368986199,1,0.824239385583441
"Hypermethylated in DIS","cg02106682",0.549957768467991,0.731194001542515,0.181236233074524,0.00359362617147041,1,0.824239385583441
"Hypermethylated in DIS","cg02305113",0.557416391464754,0.692063482703315,0.134647091238561,0.0245466646404885,1,0.824239385583441
"Hypermethylated in DIS","cg02413092",0.658148506627823,0.793013206166239,0.134864699538416,0.0206513927484052,1,0.824239385583441
"Hypermethylated in DIS","cg02798848",0.61625126913644,0.75216497938703,0.135913710250591,0.0193406436589181,1,0.824239385583441
"Hypermethylated in DIS","cg02916332",0.634516227306519,0.874958050252243,0.240441822945723,0.0120982942678556,1,0.824239385583441
"Hypermethylated in DIS","cg02964324",0.302822302083662,0.570932718487512,0.268110416403851,0.0180268534971448,1,0.824239385583441
"Hypermethylated in DIS","cg02985539",0.674805071096684,0.798380971882301,0.123575900785617,0.0127128295028284,1,0.824239385583441
"Hypermethylated in DIS","cg03059073",0.289931446788254,0.462982903401515,0.173051456613261,0.0468981930725357,1,0.824239385583441
"Hypermethylated in DIS","cg03226887",0.343231116664537,0.472628731885352,0.129397615220815,0.0441259081203599,1,0.824239385583441
"Hypermethylated in DIS","cg03249917",0.655275301582174,0.840889811691623,0.185614510109449,0.00692754019924767,1,0.824239385583441
"Hypermethylated in DIS","cg03461110",0.306149002676055,0.460166347105059,0.154017344429003,0.0275437169209352,1,0.824239385583441
"Hypermethylated in DIS","cg03470754",0.148958677237964,0.391895261016525,0.242936583778561,0.0343139889812161,1,0.824239385583441
"Hypermethylated in DIS","cg03695236",0.285244294520216,0.407002256295591,0.121757961775375,0.0135857006604553,1,0.824239385583441
"Hypermethylated in DIS","cg03724423",0.403523917770993,0.602209651075784,0.198685733304791,0.0126890303602877,1,0.824239385583441
"Hypermethylated in DIS","cg04180046",0.533824540697479,0.727511548591422,0.193687007893944,0.000527608900219884,1,0.824239385583441
"Hypermethylated in DIS","cg04263702",0.220705534001907,0.379661863797889,0.158956329795982,0.0345440320987672,1,0.824239385583441
"Hypermethylated in DIS","cg04317399",0.354860178676006,0.550403897116472,0.195543718440466,0.0241601520439943,1,0.824239385583441
"Hypermethylated in DIS","cg04321618",0.365780379974307,0.56266215412149,0.196881774147184,0.00338122965229763,1,0.824239385583441
"Hypermethylated in DIS","cg04386614",0.421464004049902,0.535332517401326,0.113868513351424,0.0480566104731496,1,0.824239385583441
"Hypermethylated in DIS","cg04612959",0.787504183414297,0.906823729528947,0.11931954611465,0.00518356029444069,1,0.824239385583441
"Hypermethylated in DIS","cg04821993",0.253998054734391,0.423679728322541,0.16968167358815,0.0371918502073782,1,0.824239385583441
"Hypermethylated in DIS","cg04863892",0.663822306274553,0.816523913551429,0.152701607276876,0.0409169700839579,1,0.824239385583441
"Hypermethylated in DIS","cg05076221",0.544399481324949,0.799771353686821,0.255371872361872,0.0135791025871527,1,0.824239385583441
"Hypermethylated in DIS","cg05765796",0.592045759524218,0.70593238129213,0.113886621767912,0.014778098504619,1,0.824239385583441
"Hypermethylated in DIS","cg05774699",0.746476588947352,0.850030448592665,0.103553859645313,0.0406717761512505,1,0.824239385583441
"Hypermethylated in DIS","cg05807420",0.585558821692347,0.735322968431485,0.149764146739137,0.0192348030530169,1,0.824239385583441
"Hypermethylated in DIS","cg05810536",0.364283425621444,0.482692487457019,0.118409061835575,0.0140284515622276,1,0.824239385583441
"Hypermethylated in DIS","cg05914034",0.293672445062057,0.457472389355453,0.163799944293397,0.0122459020974653,1,0.824239385583441
"Hypermethylated in DIS","cg06464775",0.410627583274857,0.537815367678876,0.127187784404019,0.0311610345853553,1,0.824239385583441
"Hypermethylated in DIS","cg06603923",0.468078930428478,0.6353869792338,0.167308048805322,0.0261333311972554,1,0.824239385583441
"Hypermethylated in DIS","cg06779248",0.473409420916229,0.61710611092973,0.143696690013502,0.00603549945268799,1,0.824239385583441
"Hypermethylated in DIS","cg06808571",0.356419416324108,0.493543889032949,0.137124472708842,0.0188455154559514,1,0.824239385583441
"Hypermethylated in DIS","cg06927900",0.660541913136455,0.847539779829275,0.186997866692821,0.0051328116840283,1,0.824239385583441
"Hypermethylated in DIS","cg07049592",0.722924939108347,0.837752167334039,0.114827228225691,0.0325978428171382,1,0.824239385583441
"Hypermethylated in DIS","cg07317062",0.479000468548163,0.67602352785016,0.197023059301997,0.00645784717005365,1,0.824239385583441
"Hypermethylated in DIS","cg07408740",0.616233718501887,0.775908139240224,0.159674420738336,0.0153973256692558,1,0.824239385583441
"Hypermethylated in DIS","cg07626700",0.659483485715966,0.772072729050698,0.112589243334732,0.0228427392058978,1,0.824239385583441
"Hypermethylated in DIS","cg07914621",0.439374615712183,0.570690562981209,0.131315947269026,0.00643960127389163,1,0.824239385583441
"Hypermethylated in DIS","cg07964975",0.552534054680995,0.674235526562907,0.121701471881911,0.033182181850702,1,0.824239385583441
"Hypermethylated in DIS","cg08425070",0.614819629387641,0.737318207228036,0.122498577840394,0.0258957476282156,1,0.824239385583441
"Hypermethylated in DIS","cg08530064",0.413292800762155,0.597142369786595,0.18384956902444,0.0189374521466095,1,0.824239385583441
"Hypermethylated in DIS","cg08558340",0.611974578017171,0.758049120198893,0.146074542181723,0.0110368400324857,1,0.824239385583441
"Hypermethylated in DIS","cg08657492",0.53973999583062,0.725036485110661,0.18529648928004,0.00257341904211834,1,0.824239385583441
"Hypermethylated in DIS","cg09471122",0.717509290739815,0.854225231835727,0.136715941095912,0.0204319829398967,1,0.824239385583441
"Hypermethylated in DIS","cg09544568",0.626435187652342,0.736863165793059,0.110427978140717,0.0081826638459687,1,0.824239385583441
"Hypermethylated in DIS","cg09549073",0.65053693973863,0.881651892293059,0.231114952554429,0.0451320602558801,1,0.824239385583441
"Hypermethylated in DIS","cg09669835",0.313500128248133,0.526403472435406,0.212903344187273,0.00541343730489487,1,0.824239385583441
"Hypermethylated in DIS","cg10018233",0.686218874144414,0.812371482554986,0.126152608410572,0.00564463804199041,1,0.824239385583441
"Hypermethylated in DIS","cg10036013",0.528933957003502,0.691999222380838,0.163065265377336,0.00682107359353264,1,0.824239385583441
"Hypermethylated in DIS","cg11373742",0.0750746781158248,0.257000102126214,0.181925424010389,0.023585213396903,1,0.824239385583441
"Hypermethylated in DIS","cg11410718",0.515180709686796,0.745393838562377,0.230213128875581,0.0319790982029508,1,0.824239385583441
"Hypermethylated in DIS","cg11870042",0.593881997131548,0.754935133355934,0.161053136224387,0.0207059690611297,1,0.824239385583441
"Hypermethylated in DIS","cg12128839",0.541406689526095,0.803670502032026,0.262263812505931,0.0130545922918881,1,0.824239385583441
"Hypermethylated in DIS","cg12190994",0.230608383104616,0.38146998986641,0.150861606761795,0.0449072919228224,1,0.824239385583441
"Hypermethylated in DIS","cg12631925",0.255098507852429,0.509299099715061,0.254200591862632,0.0368719302002343,1,0.824239385583441
"Hypermethylated in DIS","cg12946440",0.70609458507227,0.850914446919542,0.144819861847272,0.0347160690136735,1,0.824239385583441
"Hypermethylated in DIS","cg12964697",0.642702021311784,0.747275220781429,0.104573199469645,0.0331120204368211,1,0.824239385583441
"Hypermethylated in DIS","cg13034073",0.486701221167289,0.655789488326329,0.169088267159039,0.0114532355032149,1,0.824239385583441
"Hypermethylated in DIS","cg13197450",0.490930490325551,0.689342821127125,0.198412330801574,0.0100746184680839,1,0.824239385583441
"Hypermethylated in DIS","cg13337615",0.831761938832564,0.94067738694703,0.108915448114466,0.0251463190020315,1,0.824239385583441
"Hypermethylated in DIS","cg13976356",0.486840117782756,0.691778745938472,0.204938628155717,0.0233804719212619,1,0.824239385583441
"Hypermethylated in DIS","cg14062261",0.173965639983459,0.307868879682298,0.133903239698839,0.0206321388224651,1,0.824239385583441
"Hypermethylated in DIS","cg14615491",0.514597327853002,0.661899325108979,0.147301997255977,0.0364784611627855,1,0.824239385583441
"Hypermethylated in DIS","cg14688662",0.591436166479766,0.760277376201841,0.168841209722075,0.0060277347591711,1,0.824239385583441
"Hypermethylated in DIS","cg14882265",0.641290049049818,0.849991617289803,0.208701568239985,0.0161940681143808,1,0.824239385583441
"Hypermethylated in DIS","cg15152912",0.592687829695533,0.764353423280376,0.171665593584842,0.0021224496230885,1,0.824239385583441
"Hypermethylated in DIS","cg15454385",0.282685897267282,0.449468471818222,0.16678257455094,0.00339389014398941,1,0.824239385583441
"Hypermethylated in DIS","cg16190265",0.188846062162282,0.327334745266786,0.138488683104504,0.000452056816531162,1,0.824239385583441
"Hypermethylated in DIS","cg16617872",0.628132636368864,0.784290139391481,0.156157503022617,0.00601676530860081,1,0.824239385583441
"Hypermethylated in DIS","cg16906555",0.40093620774958,0.576493150642015,0.175556942892435,0.0400001104430452,1,0.824239385583441
"Hypermethylated in DIS","cg16913250",0.225442011631694,0.39379055687844,0.168348545246746,0.00759500316879798,1,0.824239385583441
"Hypermethylated in DIS","cg16925459",0.359975309226707,0.586239349588303,0.226264040361596,0.00201255107219088,1,0.824239385583441
"Hypermethylated in DIS","cg16985708",0.460628432579974,0.622131069604119,0.161502637024145,0.0106299514823784,1,0.824239385583441
"Hypermethylated in DIS","cg17404449",0.38616199221499,0.832519515674318,0.446357523459328,0.0490347857350922,1,0.824239385583441
"Hypermethylated in DIS","cg17432857",0.645925749571492,0.843817641305368,0.197891891733876,0.00613767618864889,1,0.824239385583441
"Hypermethylated in DIS","cg17457637",0.363243638381865,0.54178855615941,0.178544917777545,0.00989663102036418,1,0.824239385583441
"Hypermethylated in DIS","cg17569124",0.563356396271485,0.831747037324573,0.268390641053088,0.017831449668269,1,0.824239385583441
"Hypermethylated in DIS","cg17591595",0.708161313716319,0.810152409993571,0.101991096277252,0.0494814190922338,1,0.824239385583441
"Hypermethylated in DIS","cg18271789",0.265410623799099,0.401895013854021,0.136484390054922,0.0373908524400242,1,0.824239385583441
"Hypermethylated in DIS","cg18331909",0.764687466744562,0.87249738294865,0.107809916204088,0.00732962357728159,1,0.824239385583441
"Hypermethylated in DIS","cg18825427",0.615186648621697,0.782061911314592,0.166875262692895,0.0188788244181884,1,0.824239385583441
"Hypermethylated in DIS","cg19080839",0.529748248564936,0.660077462235602,0.130329213670667,0.0224959289711373,1,0.824239385583441
"Hypermethylated in DIS","cg19297245",0.589132633455817,0.737913585743147,0.14878095228733,0.005516051075351,1,0.824239385583441
"Hypermethylated in DIS","cg20208398",0.235455101082378,0.491484430060466,0.256029328978088,0.00153463776388821,1,0.824239385583441
"Hypermethylated in DIS","cg20597403",0.216557290058672,0.428914654712873,0.212357364654201,0.0181555223030904,1,0.824239385583441
"Hypermethylated in DIS","cg21134096",0.16309635107235,0.278258708479999,0.115162357407649,0.0137138835709233,1,0.824239385583441
"Hypermethylated in DIS","cg21422016",0.729082504569083,0.863959709922583,0.1348772053535,0.00972227523674594,1,0.824239385583441
"Hypermethylated in DIS","cg21448875",0.426824441348465,0.613924942851456,0.187100501502991,0.0489440424546961,1,0.824239385583441
"Hypermethylated in DIS","cg21641458",0.700143868926063,0.828112921523423,0.12796905259736,0.00446612597987106,1,0.824239385583441
"Hypermethylated in DIS","cg22619824",0.658992481610837,0.832469240523614,0.173476758912777,0.0165695033176839,1,0.824239385583441
"Hypermethylated in DIS","cg23455837",0.624440722925501,0.759193955176833,0.134753232251331,0.00865852267402417,1,0.824239385583441
"Hypermethylated in DIS","cg23474811",0.588597201764079,0.72531887129247,0.136721669528392,0.0102252672457195,1,0.824239385583441
"Hypermethylated in DIS","cg23616741",0.420420440057381,0.700998571743884,0.280578131686503,0.0201972807560633,1,0.824239385583441
"Hypermethylated in DIS","cg23715104",0.733221110023776,0.834930395342265,0.101709285318489,0.0303519314225369,1,0.824239385583441
"Hypermethylated in DIS","cg24029819",0.547631385162635,0.67342216567174,0.125790780509105,0.0417772631381264,1,0.824239385583441
"Hypermethylated in DIS","cg24169822",0.379174297997716,0.64188051732814,0.262706219330424,0.000516539213771561,1,0.824239385583441
"Hypermethylated in DIS","cg25390165",0.726885991000077,0.85311268536688,0.126226694366803,0.0290772711945591,1,0.824239385583441
"Hypermethylated in DIS","cg25664034",0.239055582568229,0.377205724705788,0.138150142137559,0.00281517443021537,1,0.824239385583441
"Hypermethylated in DIS","cg25717406",0.481656508597705,0.607365775935066,0.125709267337362,0.0307574225648625,1,0.824239385583441
"Hypermethylated in DIS","cg25866143",0.717763805405892,0.893294174444212,0.17553036903832,0.0237764704707202,1,0.824239385583441
"Hypermethylated in DIS","cg25952581",0.371859939241417,0.59404782178297,0.222187882541553,0.00107017233755092,1,0.824239385583441
"Hypermethylated in DIS","cg26023912",0.624914044880328,0.831171060516631,0.206257015636303,0.00500639929561668,1,0.824239385583441
"Hypermethylated in DIS","cg26057752",0.439602989272845,0.589099330668709,0.149496341395863,0.00514698203986331,1,0.824239385583441
"Hypermethylated in DIS","cg26181334",0.386668105750096,0.595436686558325,0.208768580808229,0.00516857428745905,1,0.824239385583441
"Hypermethylated in DIS","cg27151303",0.431455434303568,0.690837215578193,0.259381781274625,0.00037997655420072,1,0.824239385583441
"Hypermethylated in DIS","cg27360098",0.173783738368143,0.362582202799026,0.188798464430883,0.030687945431597,1,0.824239385583441
"Hypermethylated in DIS","cg27496339",0.2533522289696,0.652385640699223,0.399033411729623,0.000891047022091451,1,0.824239385583441
"Hypermethylated in DIS","cg00641679",0.488277138123018,0.734479191437662,0.246202053314644,0.00128747988899609,1,0.824239385583441
"Hypermethylated in DIS","cg00678361",0.27321383347138,0.423088613238396,0.149874779767016,0.044607080383077,1,0.824239385583441
"Hypermethylated in DIS","cg00766368",0.730280132014694,0.83625090568446,0.105970773669766,0.028250281383155,1,0.824239385583441
"Hypermethylated in DIS","cg01074584",0.159063994415165,0.287659233460489,0.128595239045324,0.0107024038916314,1,0.824239385583441
"Hypermethylated in DIS","cg01226742",0.636019497334509,0.787420703084027,0.151401205749518,0.00917758398114988,1,0.824239385583441
"Hypermethylated in DIS","cg01262208",0.437393791645998,0.538527561057007,0.10113376941101,0.018211201939583,1,0.824239385583441
"Hypermethylated in DIS","cg01481544",0.476976020654221,0.721500862163414,0.244524841509193,0.00284668556921791,1,0.824239385583441
"Hypermethylated in DIS","cg01605435",0.164177126294085,0.282969909687515,0.11879278339343,0.0298888746523471,1,0.824239385583441
"Hypermethylated in DIS","cg01759114",0.661669023838876,0.784824346012343,0.123155322173466,0.0437871082164225,1,0.824239385583441
"Hypermethylated in DIS","cg02020483",0.263023939409071,0.39374237645732,0.130718437048249,0.00901026286253617,1,0.824239385583441
"Hypermethylated in DIS","cg02161761",0.415095609384751,0.534665895493908,0.119570286109157,0.0348539689691084,1,0.824239385583441
"Hypermethylated in DIS","cg02229095",0.430391780974553,0.579989432573399,0.149597651598846,0.00840867495309771,1,0.824239385583441
"Hypermethylated in DIS","cg02630677",0.350262104198154,0.467231368910973,0.116969264712819,0.0255885440770375,1,0.824239385583441
"Hypermethylated in DIS","cg02892925",0.651054277653394,0.774268035862988,0.123213758209594,0.0194981261545804,1,0.824239385583441
"Hypermethylated in DIS","cg03080147",0.719588374955917,0.856104552561075,0.136516177605158,0.0101789673098717,1,0.824239385583441
"Hypermethylated in DIS","cg03233885",0.234740043590896,0.346782440884957,0.112042397294061,0.0106744940567057,1,0.824239385583441
"Hypermethylated in DIS","cg03870862",0.667056529500173,0.82463195426031,0.157575424760137,0.0273176184443564,1,0.824239385583441
"Hypermethylated in DIS","cg04035553",0.379364531775067,0.541872541102206,0.162508009327138,0.0406981693810292,1,0.824239385583441
"Hypermethylated in DIS","cg04091927",0.597584045703009,0.705002931860811,0.107418886157802,0.0331090198872772,1,0.824239385583441
"Hypermethylated in DIS","cg04366687",0.116889868051204,0.219319766599575,0.102429898548371,0.000791756874130065,1,0.824239385583441
"Hypermethylated in DIS","cg04685442",0.615903225352841,0.774187842761843,0.158284617409002,0.0144521619229888,1,0.824239385583441
"Hypermethylated in DIS","cg04889069",0.547324662679155,0.695850405092655,0.148525742413501,0.0459767884668049,1,0.824239385583441
"Hypermethylated in DIS","cg05003908",0.746245910073821,0.875101020996001,0.12885511092218,0.00418400641706591,1,0.824239385583441
"Hypermethylated in DIS","cg05358723",0.578813095953938,0.837260102657562,0.258447006703624,0.00830941259364536,1,0.824239385583441
"Hypermethylated in DIS","cg05419198",0.206149405432514,0.311121064463807,0.104971659031293,0.00831194487009007,1,0.824239385583441
"Hypermethylated in DIS","cg05483406",0.688572039274,0.792428901362944,0.103856862088945,0.0248981536592558,1,0.824239385583441
"Hypermethylated in DIS","cg05552035",0.579116817983404,0.763744864939941,0.184628046956537,0.0140658940473112,1,0.824239385583441
"Hypermethylated in DIS","cg05833946",0.350742737537399,0.545398228617091,0.194655491079693,0.0328748855058878,1,0.824239385583441
"Hypermethylated in DIS","cg05910124",0.552797772966209,0.669929791837825,0.117132018871616,0.0244465755595679,1,0.824239385583441
"Hypermethylated in DIS","cg06341195",0.654243216272852,0.792679111958896,0.138435895686045,0.0160559910386676,1,0.824239385583441
"Hypermethylated in DIS","cg06547541",0.661031049848499,0.777849601608966,0.116818551760467,0.0134663454484394,1,0.824239385583441
"Hypermethylated in DIS","cg06693505",0.683908750278594,0.784131568399241,0.100222818120646,0.0415578109992045,1,0.824239385583441
"Hypermethylated in DIS","cg06742077",0.453588333742459,0.609066878470452,0.155478544727992,0.0491038558222301,1,0.824239385583441
"Hypermethylated in DIS","cg07011029",0.405162270187189,0.567049094646469,0.16188682445928,0.0264703294753968,1,0.824239385583441
"Hypermethylated in DIS","cg08327744",0.456681715796854,0.573975082905283,0.11729336710843,0.0100690013257344,1,0.824239385583441
"Hypermethylated in DIS","cg08373605",0.233221090922628,0.469246969221882,0.236025878299253,0.0229701088928409,1,0.824239385583441
"Hypermethylated in DIS","cg08623223",0.199548779582675,0.344183909279478,0.144635129696803,0.00219337590460971,1,0.824239385583441
"Hypermethylated in DIS","cg08774009",0.405443372836581,0.620792356397017,0.215348983560435,0.0163328724588238,1,0.824239385583441
"Hypermethylated in DIS","cg08838779",0.687063750618139,0.840639250258717,0.153575499640577,0.0125293414249172,1,0.824239385583441
"Hypermethylated in DIS","cg09032314",0.537579087407496,0.676259755106643,0.138680667699147,0.0245064706548558,1,0.824239385583441
"Hypermethylated in DIS","cg09267815",0.772197777396558,0.876010286615797,0.10381250921924,0.00538688069967906,1,0.824239385583441
"Hypermethylated in DIS","cg09422696",0.580978997967635,0.912827357398594,0.331848359430959,0.048436528410294,1,0.824239385583441
"Hypermethylated in DIS","cg09754549",0.659418253810756,0.847881641155436,0.18846338734468,0.013494810956617,1,0.824239385583441
"Hypermethylated in DIS","cg09938213",0.352708959670274,0.455608952688389,0.102899993018115,0.00807250489640229,1,0.824239385583441
"Hypermethylated in DIS","cg09945801",0.520591237825841,0.628549663825446,0.107958425999605,0.0134337385753696,1,0.824239385583441
"Hypermethylated in DIS","cg09973676",0.0936748199880063,0.397368750610413,0.303693930622407,0.00945370541758597,1,0.824239385583441
"Hypermethylated in DIS","cg10567706",0.249794050549366,0.381211752204176,0.13141770165481,0.0291364855865588,1,0.824239385583441
"Hypermethylated in DIS","cg10687107",0.549787087817101,0.727515034330717,0.177727946513617,0.0183561299823449,1,0.824239385583441
"Hypermethylated in DIS","cg11559731",0.406620131819197,0.508878751316617,0.10225861949742,0.0085821213253891,1,0.824239385583441
"Hypermethylated in DIS","cg11633770",0.34937302210369,0.577551518030622,0.228178495926932,0.00532734841461484,1,0.824239385583441
"Hypermethylated in DIS","cg12424646",0.573931096288822,0.752530707032529,0.178599610743708,0.0212575444154825,1,0.824239385583441
"Hypermethylated in DIS","cg12568669",0.563052246355098,0.756667260501942,0.193615014146845,0.0144155446973527,1,0.824239385583441
"Hypermethylated in DIS","cg13071618",0.383617377298124,0.579579213999577,0.195961836701453,0.018483935170137,1,0.824239385583441
"Hypermethylated in DIS","cg13160058",0.32713262659597,0.4738202272949,0.14668760069893,0.0450704080131241,1,0.824239385583441
"Hypermethylated in DIS","cg13246242",0.187606286162066,0.29275244325224,0.105146157090175,0.0198662515344204,1,0.824239385583441
"Hypermethylated in DIS","cg13446199",0.344939298034991,0.474206775293251,0.12926747725826,0.0439805882361062,1,0.824239385583441
"Hypermethylated in DIS","cg13631444",0.73412246871086,0.857975835955092,0.123853367244232,0.00547529445433569,1,0.824239385583441
"Hypermethylated in DIS","cg14199723",0.372690958871189,0.520515968587823,0.147825009716634,0.00485802788817452,1,0.824239385583441
"Hypermethylated in DIS","cg14316231",0.486971410948952,0.595215248654377,0.108243837705424,0.029096830837337,1,0.824239385583441
"Hypermethylated in DIS","cg14700531",0.546538232739127,0.776581283356136,0.230043050617009,0.00110513289097564,1,0.824239385583441
"Hypermethylated in DIS","cg15444185",0.310003790285587,0.502325750491023,0.192321960205436,0.0269558972700703,1,0.824239385583441
"Hypermethylated in DIS","cg16058797",0.187394193405806,0.375496831980698,0.188102638574892,0.0161174810977579,1,0.824239385583441
"Hypermethylated in DIS","cg16175700",0.611435100442027,0.745380385219074,0.133945284777047,0.0470655414139718,1,0.824239385583441
"Hypermethylated in DIS","cg17500680",0.617134222308402,0.743060954996534,0.125926732688131,0.035290520385186,1,0.824239385583441
"Hypermethylated in DIS","cg17585181",0.371676028956021,0.56251865002791,0.190842621071888,0.0383458444732001,1,0.824239385583441
"Hypermethylated in DIS","cg18214661",0.271516920415789,0.394721862571619,0.12320494215583,0.00607243432077733,1,0.824239385583441
"Hypermethylated in DIS","cg18757405",0.528782749167578,0.74378924136209,0.215006492194512,0.0273122485226843,1,0.824239385583441
"Hypermethylated in DIS","cg19414967",0.429271152487465,0.587757784435613,0.158486631948148,0.00105465795697366,1,0.824239385583441
"Hypermethylated in DIS","cg19632760",0.444339729805813,0.579044509327992,0.134704779522179,0.0456894101705553,1,0.824239385583441
"Hypermethylated in DIS","cg19774973",0.223060778048613,0.403356006475003,0.18029522842639,0.0356153652419219,1,0.824239385583441
"Hypermethylated in DIS","cg20076442",0.431260916889948,0.544710733699082,0.113449816809134,0.027968796796921,1,0.824239385583441
"Hypermethylated in DIS","cg20519373",0.427320146212316,0.606291211207097,0.17897106499478,0.0081524618512343,1,0.824239385583441
"Hypermethylated in DIS","cg20564283",0.203028350735581,0.363485954620483,0.160457603884902,0.0357318174699009,1,0.824239385583441
"Hypermethylated in DIS","cg20774846",0.364211891917173,0.468092324034613,0.103880432117441,0.028457524679458,1,0.824239385583441
"Hypermethylated in DIS","cg21204492",0.457708420152078,0.646851935003795,0.189143514851718,0.0183452457722247,1,0.824239385583441
"Hypermethylated in DIS","cg21244580",0.485979354022069,0.798988759337268,0.313009405315199,0.00258199551850839,1,0.824239385583441
"Hypermethylated in DIS","cg21337580",0.383819594760933,0.547064837512655,0.163245242751722,0.0341753902777997,1,0.824239385583441
"Hypermethylated in DIS","cg21429107",0.42389977934571,0.614159466420905,0.190259687075195,0.0432892439224197,1,0.824239385583441
"Hypermethylated in DIS","cg21666367",0.121735939891025,0.268900446153306,0.147164506262281,0.0465543714730971,1,0.824239385583441
"Hypermethylated in DIS","cg21737226",0.475565521204313,0.695392678362184,0.219827157157872,0.00973563815234449,1,0.824239385583441
"Hypermethylated in DIS","cg21750887",0.663405644033231,0.779131216637866,0.115725572604635,0.0115166141280372,1,0.824239385583441
"Hypermethylated in DIS","cg21789008",0.365848726756714,0.571889368253573,0.206040641496859,0.000507525698528039,1,0.824239385583441
"Hypermethylated in DIS","cg21925748",0.671123969462069,0.795370374093012,0.124246404630943,0.018796095414981,1,0.824239385583441
"Hypermethylated in DIS","cg22660171",0.581891863110273,0.75726321605778,0.175371352947507,0.00109250551233604,1,0.824239385583441
"Hypermethylated in DIS","cg22805436",0.227392920435015,0.36648104242307,0.139088121988055,0.00810067967143875,1,0.824239385583441
"Hypermethylated in DIS","cg22816596",0.385382147244316,0.589399892128383,0.204017744884067,0.0187613086167859,1,0.824239385583441
"Hypermethylated in DIS","cg23350350",0.592166395383512,0.694423225951662,0.10225683056815,0.0227740397739617,1,0.824239385583441
"Hypermethylated in DIS","cg23882724",0.508979838406654,0.624422259942868,0.115442421536214,0.0105411977979499,1,0.824239385583441
"Hypermethylated in DIS","cg23984176",0.638233052199388,0.763442887530662,0.125209835331274,0.0440186630072135,1,0.824239385583441
"Hypermethylated in DIS","cg24063962",0.513232559668359,0.646778781995472,0.133546222327113,0.0154568219982043,1,0.824239385583441
"Hypermethylated in DIS","cg24349665",0.277721293464479,0.475804719109867,0.198083425645389,0.0457623748169646,1,0.824239385583441
"Hypermethylated in DIS","cg24358846",0.358575340923969,0.477157504329637,0.118582163405668,0.0226873788396087,1,0.824239385583441
"Hypermethylated in DIS","cg24378421",0.519272925197785,0.627221853515144,0.107948928317359,0.0310018748164214,1,0.824239385583441
"Hypermethylated in DIS","cg24817216",0.417571403228793,0.616441068613753,0.198869665384961,0.00159820262030565,1,0.824239385583441
"Hypermethylated in DIS","cg24981018",0.400170534895737,0.536738778027829,0.136568243132092,0.012957926111048,1,0.824239385583441
"Hypermethylated in DIS","cg25020550",0.285301424456511,0.433242978036543,0.147941553580033,0.0292894102046556,1,0.824239385583441
"Hypermethylated in DIS","cg25351599",0.656738557448687,0.767217561097804,0.110479003649117,0.00607901882525246,1,0.824239385583441
"Hypermethylated in DIS","cg25461290",0.193119783077383,0.296598940380009,0.103479157302626,0.0448786271980874,1,0.824239385583441
"Hypermethylated in DIS","cg25647300",0.60536832625898,0.73701245403741,0.13164412777843,0.0443109481908966,1,0.824239385583441
"Hypermethylated in DIS","cg25673784",0.338925246574797,0.470809775424997,0.1318845288502,0.0341335878296866,1,0.824239385583441
"Hypermethylated in DIS","cg25862768",0.199876402364375,0.420133036019019,0.220256633654645,0.00828829086793864,1,0.824239385583441
"Hypermethylated in DIS","cg26048923",0.572133571645858,0.674597139403908,0.10246356775805,0.0401727229545814,1,0.824239385583441
"Hypermethylated in DIS","cg26122129",0.683604887897136,0.796629423889925,0.113024535992789,0.00254046869685524,1,0.824239385583441
"Hypermethylated in DIS","cg26361535",0.727605097440954,0.875566286201681,0.147961188760727,0.0063964646210765,1,0.824239385583441
"Hypermethylated in DIS","cg26804299",0.672027027263167,0.820524999959264,0.148497972696097,0.0103445330502274,1,0.824239385583441
"Hypermethylated in DIS","cg26895804",0.188169089984426,0.323640309986386,0.13547122000196,0.0347629181089413,1,0.824239385583441
"Hypermethylated in DIS","cg27048067",0.637987622381217,0.776743917851654,0.138756295470437,0.00148847791653338,1,0.824239385583441
"Hypermethylated in DIS","cg27637617",0.356151967552236,0.49358158315589,0.137429615603654,0.00217920860969244,1,0.824239385583441
"Hypermethylated in DIS","cg00513467",0.168201825680606,0.27769205323071,0.109490227550104,0.03697276074229,1,0.824239385583441
"Hypermethylated in DIS","cg00638945",0.630976589273415,0.82602478777083,0.195048198497415,0.000532644790630171,1,0.824239385583441
"Hypermethylated in DIS","cg00898157",0.33462096875,0.504940356758276,0.170319388008276,0.0324528543745945,1,0.824239385583441
"Hypermethylated in DIS","cg01327147",0.616686146323247,0.937919756279795,0.321233609956547,0.00176926109204685,1,0.824239385583441
"Hypermethylated in DIS","cg01746241",0.641079483439794,0.911594793977367,0.270515310537573,0.00212988963322209,1,0.824239385583441
"Hypermethylated in DIS","cg01781662",0.3377458647791,0.493455012399013,0.155709147619913,0.0242239029977728,1,0.824239385583441
"Hypermethylated in DIS","cg02276831",0.636789693822168,0.749210286054861,0.112420592232693,0.0453064038456589,1,0.824239385583441
"Hypermethylated in DIS","cg02329835",0.522676945077351,0.645088720933298,0.122411775855948,0.000148037260352227,1,0.824239385583441
"Hypermethylated in DIS","cg03191962",0.511324372048422,0.619057628065796,0.107733256017374,0.004514199459242,1,0.824239385583441
"Hypermethylated in DIS","cg03454353",0.268638723352477,0.457866678589642,0.189227955237165,0.0174379465149266,1,0.824239385583441
"Hypermethylated in DIS","cg04245250",0.606629527873671,0.715706826619213,0.109077298745542,0.0216706792365663,1,0.824239385583441
"Hypermethylated in DIS","cg04284164",0.650208283974106,0.753566590112253,0.103358306138147,0.0454581165593261,1,0.824239385583441
"Hypermethylated in DIS","cg04471485",0.503163116528545,0.6980227108985,0.194859594369955,0.000304967201284911,1,0.824239385583441
"Hypermethylated in DIS","cg06204126",0.758934078680864,0.866679651126648,0.107745572445784,0.00214380691446577,1,0.824239385583441
"Hypermethylated in DIS","cg06361845",0.629826370540189,0.748503959479332,0.118677588939143,0.0159778224585981,1,0.824239385583441
"Hypermethylated in DIS","cg08241360",0.753721720743742,0.924164267030175,0.170442546286433,0.0489980514538414,1,0.824239385583441
"Hypermethylated in DIS","cg09059635",0.60864900811859,0.72664586901533,0.11799686089674,0.0417727703668592,1,0.824239385583441
"Hypermethylated in DIS","cg09371281",0.242868861131898,0.43436158737988,0.191492726247982,0.0269079031093616,1,0.824239385583441
"Hypermethylated in DIS","cg09778828",0.232754543167056,0.340947994538189,0.108193451371134,0.00563496714321216,1,0.824239385583441
"Hypermethylated in DIS","cg11317199",0.560811613292487,0.709294463723514,0.148482850431026,0.0262393349474256,1,0.824239385583441
"Hypermethylated in DIS","cg12687527",0.495107778475637,0.617756125930015,0.122648347454378,0.00170610916015758,1,0.824239385583441
"Hypermethylated in DIS","cg12757143",0.721570889560014,0.859451909747012,0.137881020186998,0.00498023284578804,1,0.824239385583441
"Hypermethylated in DIS","cg13003878",0.225489562943124,0.336755935642715,0.11126637269959,0.0322637599842472,1,0.824239385583441
"Hypermethylated in DIS","cg13010497",0.61737746345032,0.748713367594791,0.131335904144471,0.0185913943159228,1,0.824239385583441
"Hypermethylated in DIS","cg13425938",0.649752846107682,0.753781854158872,0.104029008051191,0.0277660615438004,1,0.824239385583441
"Hypermethylated in DIS","cg13445854",0.712626794317806,0.823677930586072,0.111051136268267,0.026501024896103,1,0.824239385583441
"Hypermethylated in DIS","cg13456470",0.462011882637624,0.791421728238673,0.32940984560105,9.01324673138087e-05,1,0.824239385583441
"Hypermethylated in DIS","cg13485366",0.670530743989721,0.843100753835658,0.172570009845938,0.00218761466543681,1,0.824239385583441
"Hypermethylated in DIS","cg13579295",0.394492404982978,0.590348105058278,0.1958557000753,0.00512833496069018,1,0.824239385583441
"Hypermethylated in DIS","cg13676220",0.662980201238832,0.835589047613879,0.172608846375047,0.00401240186768284,1,0.824239385583441
"Hypermethylated in DIS","cg13754720",0.65699850516069,0.916340254703297,0.259341749542608,1.0977738055979e-06,0.532982355903445,0.266491177951723
"Hypermethylated in DIS","cg13762612",0.280326746188087,0.464225113309211,0.183898367121124,0.0178582071962314,1,0.824239385583441
"Hypermethylated in DIS","cg13815864",0.575120939607022,0.690180630263287,0.115059690656265,0.0385749258246223,1,0.824239385583441
"Hypermethylated in DIS","cg13947999",0.685979490352871,0.799335718634096,0.113356228281224,0.0391369824429063,1,0.824239385583441
"Hypermethylated in DIS","cg14016177",0.282471981478034,0.389332679126206,0.106860697648172,0.0465939961491731,1,0.824239385583441
"Hypermethylated in DIS","cg14118946",0.190961611579139,0.359182175985236,0.168220564406097,0.00651611207315918,1,0.824239385583441
"Hypermethylated in DIS","cg14163083",0.460570540161621,0.637649304183969,0.177078764022348,0.0369300488907482,1,0.824239385583441
"Hypermethylated in DIS","cg14208057",0.453434599213325,0.571600376438999,0.118165777225674,0.00990614892575641,1,0.824239385583441
"Hypermethylated in DIS","cg14323293",0.263699550613242,0.558549475361632,0.29484992474839,0.000555004637280411,1,0.824239385583441
"Hypermethylated in DIS","cg14371312",0.0818304189237861,0.186177426685956,0.10434700776217,0.00256273585476325,1,0.824239385583441
"Hypermethylated in DIS","cg14605948",0.258118724336175,0.411345939359312,0.153227215023137,0.0172067590451017,1,0.824239385583441
"Hypermethylated in DIS","cg14637470",0.79836854110049,0.90065226634037,0.10228372523988,0.000110560798001745,1,0.824239385583441
"Hypermethylated in DIS","cg15282417",0.767525748853521,0.885854273504793,0.118328524651272,0.0396762451301176,1,0.824239385583441
"Hypermethylated in DIS","cg16575544",0.253471493546632,0.409539368446926,0.156067874900294,0.0123153199734442,1,0.824239385583441
"Hypermethylated in DIS","cg16769623",0.339717688656363,0.590561184067965,0.250843495411602,0.0414539112663966,1,0.824239385583441
"Hypermethylated in DIS","cg19930004",0.205167434868078,0.470553671428694,0.265386236560616,0.0120817477735981,1,0.824239385583441
"Hypermethylated in DIS","cg22927009",0.482782216445661,0.632952529896988,0.150170313451328,0.0312468402599489,1,0.824239385583441
"Hypermethylated in DIS","cg24556026",0.703628574646566,0.806794056862477,0.103165482215911,0.0260212786163817,1,0.824239385583441
"Hypermethylated in DIS","cg25073708",0.351074896763309,0.571999883183023,0.220924986419714,0.000308635860474041,1,0.824239385583441
"Hypermethylated in DIS","cg27625732",0.656150129237188,0.781587565401471,0.125437436164283,0.0230048620657202,1,0.824239385583441
"Hypermethylated in DIS","cg00961517",0.511336431468529,0.672609670760443,0.161273239291914,0.0150830379303522,1,0.824239385583441
"Hypermethylated in DIS","cg01001533",0.575308436435265,0.692373297409746,0.11706486097448,0.0465818177269009,1,0.824239385583441
"Hypermethylated in DIS","cg01077100",0.372719201643537,0.47647866271598,0.103759461072442,0.0294427685328166,1,0.824239385583441
"Hypermethylated in DIS","cg01247987",0.666528244669583,0.811973136208254,0.145444891538671,0.00107141327037731,1,0.824239385583441
"Hypermethylated in DIS","cg01390419",0.550824756936406,0.686251712448794,0.135426955512388,0.0432448375602214,1,0.824239385583441
"Hypermethylated in DIS","cg01528832",0.0524664920802628,0.155960595239343,0.10349410315908,0.0123999830511065,1,0.824239385583441
"Hypermethylated in DIS","cg02353154",0.400856855588604,0.509821697650762,0.108964842062158,0.0145883718343454,1,0.824239385583441
"Hypermethylated in DIS","cg02388416",0.330083057268303,0.514211783134879,0.184128725866575,0.00857653708785345,1,0.824239385583441
"Hypermethylated in DIS","cg02651288",0.341513174553504,0.46774186279541,0.126228688241907,0.0436033212166369,1,0.824239385583441
"Hypermethylated in DIS","cg02835981",0.432480231970763,0.533700282586695,0.101220050615932,0.0256191920825988,1,0.824239385583441
"Hypermethylated in DIS","cg03472000",0.630466513946603,0.777118595194229,0.146652081247626,0.018984036018694,1,0.824239385583441
"Hypermethylated in DIS","cg04095097",0.361642821556703,0.612483461168903,0.2508406396122,0.00252957804988291,1,0.824239385583441
"Hypermethylated in DIS","cg04134826",0.127882836489465,0.245277819319926,0.117394982830461,0.00219596957945952,1,0.824239385583441
"Hypermethylated in DIS","cg04197548",0.276204862746742,0.427279825989043,0.151074963242301,0.00415341250789716,1,0.824239385583441
"Hypermethylated in DIS","cg04457572",0.683692103069122,0.790751272232403,0.107059169163281,0.0163274324070111,1,0.824239385583441
"Hypermethylated in DIS","cg04552206",0.193470970851018,0.314677891217576,0.121206920366558,0.0204978861611689,1,0.824239385583441
"Hypermethylated in DIS","cg04665423",0.265448131904476,0.366408208506401,0.100960076601925,0.0184720619109361,1,0.824239385583441
"Hypermethylated in DIS","cg04757499",0.782435241147183,0.902193573564761,0.119758332417579,0.0149930025568862,1,0.824239385583441
"Hypermethylated in DIS","cg04788957",0.0884159077736612,0.300726026287195,0.212310118513534,0.0044329709556554,1,0.824239385583441
"Hypermethylated in DIS","cg04911819",0.785247460232708,0.895648736820508,0.1104012765878,0.0469822044883604,1,0.824239385583441
"Hypermethylated in DIS","cg05212349",0.139040159388789,0.243520717862555,0.104480558473766,0.014713877400956,1,0.824239385583441
"Hypermethylated in DIS","cg05329352",0.396903822813941,0.61525639707661,0.218352574262668,0.00150003867881918,1,0.824239385583441
"Hypermethylated in DIS","cg05673937",0.599914781216005,0.746038810879353,0.146124029663348,0.022944247111965,1,0.824239385583441
"Hypermethylated in DIS","cg05960576",0.653199928084885,0.772139088967965,0.11893916088308,0.0206926657610808,1,0.824239385583441
"Hypermethylated in DIS","cg06012872",0.412289767478386,0.602110351658847,0.189820584180461,0.0102005259918642,1,0.824239385583441
"Hypermethylated in DIS","cg06079710",0.152814658068298,0.293674808906773,0.140860150838475,0.0166937507748919,1,0.824239385583441
"Hypermethylated in DIS","cg06188744",0.25302850317048,0.381474900747073,0.128446397576593,0.0478447475484006,1,0.824239385583441
"Hypermethylated in DIS","cg06268320",0.489940525249548,0.70900965109189,0.219069125842342,0.0239212918849905,1,0.824239385583441
"Hypermethylated in DIS","cg06850159",0.613174510841479,0.77821289734468,0.165038386503201,0.00670319767566765,1,0.824239385583441
"Hypermethylated in DIS","cg06854478",0.66278314474199,0.82454603020813,0.16176288546614,0.0193429398592201,1,0.824239385583441
"Hypermethylated in DIS","cg06953130",0.671182847392875,0.854274396959631,0.183091549566756,0.0403685453517547,1,0.824239385583441
"Hypermethylated in DIS","cg08514530",0.474749674931574,0.678138117676566,0.203388442744992,0.0412096823911828,1,0.824239385583441
"Hypermethylated in DIS","cg09031776",0.553215779249185,0.670316649776113,0.117100870526929,0.0489016441121008,1,0.824239385583441
"Hypermethylated in DIS","cg09421083",0.51171191350835,0.736445152632473,0.224733239124123,0.00484998423162316,1,0.824239385583441
"Hypermethylated in DIS","cg09514185",0.64816887407522,0.756168759157124,0.107999885081904,0.0125908279532541,1,0.824239385583441
"Hypermethylated in DIS","cg09536375",0.478457850223865,0.649713112203703,0.171255261979838,0.0160268279110657,1,0.824239385583441
"Hypermethylated in DIS","cg09552892",0.532443647831759,0.694086812951081,0.161643165119321,0.00607061550277811,1,0.824239385583441
"Hypermethylated in DIS","cg09553982",0.517713349010061,0.631485474746717,0.113772125736656,0.0154258777633703,1,0.824239385583441
"Hypermethylated in DIS","cg09622269",0.490142460619458,0.621234962645935,0.131092502026476,0.0109547144564918,1,0.824239385583441
"Hypermethylated in DIS","cg10427868",0.620769959775534,0.730650160482035,0.109880200706501,0.042115868999784,1,0.824239385583441
"Hypermethylated in DIS","cg10754935",0.248784587090306,0.370789348285049,0.122004761194743,0.0191045432925731,1,0.824239385583441
"Hypermethylated in DIS","cg11085581",0.363349128912144,0.475630024785187,0.112280895873043,0.00641286389635043,1,0.824239385583441
"Hypermethylated in DIS","cg11267527",0.388732560898562,0.498981196865587,0.110248635967025,0.0239601664700229,1,0.824239385583441
"Hypermethylated in DIS","cg11929896",0.423115432080552,0.569785111123512,0.146669679042959,0.0498915167936767,1,0.824239385583441
"Hypermethylated in DIS","cg13328496",0.61983896791619,0.777180028531489,0.1573410606153,0.00384399477530684,1,0.824239385583441
"Hypermethylated in DIS","cg13412213",0.544843721378935,0.701719274852399,0.156875553473464,0.0303307570145017,1,0.824239385583441
"Hypermethylated in DIS","cg14250450",0.604077190644979,0.742321654619543,0.138244463974564,0.00501816505708747,1,0.824239385583441
"Hypermethylated in DIS","cg14251734",0.555047781994988,0.784589848899645,0.229542066904657,0.000320716201686625,1,0.824239385583441
"Hypermethylated in DIS","cg14291745",0.576211931334162,0.696558373459053,0.120346442124891,0.00276049981675515,1,0.824239385583441
"Hypermethylated in DIS","cg14351425",0.135383624162307,0.278812842100988,0.143429217938682,0.0246926297342735,1,0.824239385583441
"Hypermethylated in DIS","cg15405515",0.356762081049621,0.576136631599455,0.219374550549834,0.000236064760834496,1,0.824239385583441
"Hypermethylated in DIS","cg15669088",0.158428032536369,0.27009296147435,0.111664928937982,0.0101329869538488,1,0.824239385583441
"Hypermethylated in DIS","cg15907060",0.635611227250618,0.754728172403961,0.119116945153343,0.0184407080713336,1,0.824239385583441
"Hypermethylated in DIS","cg15972243",0.170754049424685,0.392640058619386,0.221886009194702,0.00272774600742738,1,0.824239385583441
"Hypermethylated in DIS","cg16365373",0.642877581538571,0.836223189891389,0.193345608352818,0.0015606132065469,1,0.824239385583441
"Hypermethylated in DIS","cg16742003",0.698876668262571,0.806467310350724,0.107590642088154,0.0329566506786784,1,0.824239385583441
"Hypermethylated in DIS","cg17023203",0.461462696767398,0.566718441471593,0.105255744704195,0.0440684454103391,1,0.824239385583441
"Hypermethylated in DIS","cg17198051",0.658573040727695,0.773304735244672,0.114731694516977,0.0309897896691037,1,0.824239385583441
"Hypermethylated in DIS","cg17270100",0.599746372017649,0.801695620502192,0.201949248484543,0.000685768518375237,1,0.824239385583441
"Hypermethylated in DIS","cg17389077",0.393267777545756,0.539644132319673,0.146376354773917,0.0421379671380619,1,0.824239385583441
"Hypermethylated in DIS","cg17989763",0.440875326914147,0.616183598562087,0.17530827164794,0.0044935385119054,1,0.824239385583441
"Hypermethylated in DIS","cg18040225",0.605764963015086,0.737057135636111,0.131292172621025,0.0207796733432494,1,0.824239385583441
"Hypermethylated in DIS","cg19509778",0.254233083795605,0.392442330695624,0.138209246900018,0.0318030097742902,1,0.824239385583441
"Hypermethylated in DIS","cg19714985",0.231816174113016,0.353992308390569,0.122176134277553,0.0477399514676168,1,0.824239385583441
"Hypermethylated in DIS","cg19959917",0.6138283358395,0.718416196887999,0.104587861048499,0.024996537395322,1,0.824239385583441
"Hypermethylated in DIS","cg20365618",0.549021713038911,0.703780831727277,0.154759118688365,0.0103106757815575,1,0.824239385583441
"Hypermethylated in DIS","cg20621021",0.183675431067959,0.29528272357262,0.111607292504662,0.0478137015012068,1,0.824239385583441
"Hypermethylated in DIS","cg20732198",0.474859897253103,0.643651783124857,0.168791885871754,0.00972459245340928,1,0.824239385583441
"Hypermethylated in DIS","cg20897136",0.270070476164105,0.388513394338483,0.118442918174378,0.0207691975660799,1,0.824239385583441
"Hypermethylated in DIS","cg21012874",0.533279669998785,0.684063704954506,0.150784034955721,0.0114129255198092,1,0.824239385583441
"Hypermethylated in DIS","cg21378403",0.483132875829183,0.609233339830072,0.126100464000889,0.0320637389829122,1,0.824239385583441
"Hypermethylated in DIS","cg21587006",0.354402000588947,0.805042910752056,0.450640910163109,0.0202380877976102,1,0.824239385583441
"Hypermethylated in DIS","cg21762589",0.603689561713127,0.788222668611805,0.184533106898677,0.000363999901660869,1,0.824239385583441
"Hypermethylated in DIS","cg22165685",0.187295792946597,0.306021757189345,0.118725964242748,0.0496880572475461,1,0.824239385583441
"Hypermethylated in DIS","cg23024158",0.411240925595819,0.670285586634686,0.259044661038867,0.00707820170092556,1,0.824239385583441
"Hypermethylated in DIS","cg23082862",0.212521107538578,0.350096334187734,0.137575226649156,0.0236096544141228,1,0.824239385583441
"Hypermethylated in DIS","cg23405364",0.581084709641208,0.699402087429891,0.118317377788683,0.0124821149954387,1,0.824239385583441
"Hypermethylated in DIS","cg24179445",0.520562328241427,0.680213217264024,0.159650889022596,0.0253539772981948,1,0.824239385583441
"Hypermethylated in DIS","cg24242022",0.223020422933058,0.360554411198213,0.137533988265155,0.00902204245691873,1,0.824239385583441
"Hypermethylated in DIS","cg24845175",0.441924519770516,0.565695713185972,0.123771193415456,0.00777610781171441,1,0.824239385583441
"Hypermethylated in DIS","cg26757820",0.493405169902407,0.645871721431969,0.152466551529561,0.0499779299848328,1,0.824239385583441
"Hypermethylated in DIS","cg26979595",0.39104099483008,0.553598199518378,0.162557204688298,0.0255900512597854,1,0.824239385583441
"Hypermethylated in DIS","cg27382515",0.707152815259291,0.816489407648866,0.109336592389575,0.0436031042348266,1,0.824239385583441
"Hypermethylated in DIS","cg27521476",0.217353763575323,0.398428197219989,0.181074433644666,0.0115492175335875,1,0.824239385583441
"Hypermethylated in DIS","cg00022866",0.371574004092044,0.472833359200714,0.10125935510867,0.0178514943405722,1,0.824239385583441
"Hypermethylated in DIS","cg00161556",0.492562342818779,0.626435239967123,0.133872897148344,0.0208982873575671,1,0.824239385583441
"Hypermethylated in DIS","cg00350296",0.300807143790259,0.423398941287699,0.12259179749744,0.0121045009045049,1,0.824239385583441
"Hypermethylated in DIS","cg00466136",0.194489357446694,0.305805976305268,0.111316618858574,0.00505217324595996,1,0.824239385583441
"Hypermethylated in DIS","cg00704554",0.686545645709303,0.787786380819147,0.101240735109844,0.00224861402303406,1,0.824239385583441
"Hypermethylated in DIS","cg01057268",0.160536733975014,0.277957753127515,0.117421019152502,0.0445470533429202,1,0.824239385583441
"Hypermethylated in DIS","cg01209023",0.3178766722461,0.480797567199389,0.162920894953288,0.0245908245840285,1,0.824239385583441
"Hypermethylated in DIS","cg01422274",0.294562190017229,0.471093771548727,0.176531581531498,0.00886882964034514,1,0.824239385583441
"Hypermethylated in DIS","cg01635346",0.248061005446757,0.413180311689478,0.165119306242721,0.00289623630428299,1,0.824239385583441
"Hypermethylated in DIS","cg01833234",0.678178061406997,0.887775282345928,0.209597220938932,0.00152064643381085,1,0.824239385583441
"Hypermethylated in DIS","cg01859616",0.533834552931058,0.635875796409419,0.102041243478362,0.0154214778208299,1,0.824239385583441
"Hypermethylated in DIS","cg02028663",0.469043002022555,0.719552179344842,0.250509177322286,0.00391512445139016,1,0.824239385583441
"Hypermethylated in DIS","cg02530375",0.364406014313155,0.502937941898168,0.138531927585013,0.0150008285070385,1,0.824239385583441
"Hypermethylated in DIS","cg02537108",0.564926636199418,0.773643640360837,0.20871700416142,0.0102081639729706,1,0.824239385583441
"Hypermethylated in DIS","cg02704502",0.584110690706625,0.732557169124082,0.148446478417457,0.0211571881312545,1,0.824239385583441
"Hypermethylated in DIS","cg02807948",0.439722851995245,0.544178456040946,0.104455604045701,0.049314365292813,1,0.824239385583441
"Hypermethylated in DIS","cg02958126",0.386712505522502,0.67211961547143,0.285407109948928,0.00776115200963998,1,0.824239385583441
"Hypermethylated in DIS","cg03023465",0.336397483379687,0.443604314936996,0.107206831557309,0.0227715320633717,1,0.824239385583441
"Hypermethylated in DIS","cg03322338",0.433177856886143,0.562123145873904,0.128945288987761,0.0069656822995351,1,0.824239385583441
"Hypermethylated in DIS","cg03382250",0.604720170402619,0.746635382072125,0.141915211669506,0.0300540352095177,1,0.824239385583441
"Hypermethylated in DIS","cg03465499",0.303448668094809,0.426470677514145,0.123022009419336,0.0182496712001474,1,0.824239385583441
"Hypermethylated in DIS","cg03493520",0.119785608630812,0.571024601317814,0.451238992687002,0.00671583773008804,1,0.824239385583441
"Hypermethylated in DIS","cg03872736",0.748481082171258,0.853221330442516,0.104740248271259,0.00515853014786686,1,0.824239385583441
"Hypermethylated in DIS","cg03922251",0.538349643902808,0.668022258114526,0.129672614211717,0.0361812026002554,1,0.824239385583441
"Hypermethylated in DIS","cg04075973",0.119374967335084,0.275318793414,0.155943826078916,0.000164153011936593,1,0.824239385583441
"Hypermethylated in DIS","cg04096767",0.291983806203428,0.4143592409722,0.122375434768772,0.00883756241294832,1,0.824239385583441
"Hypermethylated in DIS","cg04145025",0.595402002240035,0.764203413075421,0.168801410835386,0.0031499016215507,1,0.824239385583441
"Hypermethylated in DIS","cg04293602",0.523370690095533,0.637726625743498,0.114355935647964,0.0175841407687548,1,0.824239385583441
"Hypermethylated in DIS","cg04338129",0.566406417181075,0.773537173133106,0.207130755952031,0.0127110523873367,1,0.824239385583441
"Hypermethylated in DIS","cg04352404",0.600604768458445,0.733375232616516,0.13277046415807,0.00859868327537564,1,0.824239385583441
"Hypermethylated in DIS","cg04440811",0.738233172755783,0.842016110857838,0.103782938102054,0.0213952445211312,1,0.824239385583441
"Hypermethylated in DIS","cg04469731",0.378302515319501,0.493244059130132,0.114941543810631,0.00480647236152896,1,0.824239385583441
"Hypermethylated in DIS","cg04565008",0.359250240460189,0.482068319403379,0.122818078943191,0.0470742826042637,1,0.824239385583441
"Hypermethylated in DIS","cg04642306",0.423623161897318,0.755766475603934,0.332143313706616,0.00245313521655087,1,0.824239385583441
"Hypermethylated in DIS","cg05067286",0.29987363108386,0.406609146325861,0.106735515242,0.0194846822488742,1,0.824239385583441
"Hypermethylated in DIS","cg05188948",0.647947722067296,0.771852614571406,0.12390489250411,0.0218700877323176,1,0.824239385583441
"Hypermethylated in DIS","cg05265359",0.38493606714403,0.545683316336303,0.160747249192273,0.000309068125975424,1,0.824239385583441
"Hypermethylated in DIS","cg05515072",0.334350194225508,0.446921420956651,0.112571226731143,0.0146494424110591,1,0.824239385583441
"Hypermethylated in DIS","cg06455375",0.558523114371934,0.757773524077316,0.199250409705383,0.00538570621927597,1,0.824239385583441
"Hypermethylated in DIS","cg06787104",0.240577178087401,0.425966309509721,0.18538913142232,0.00543142865848817,1,0.824239385583441
"Hypermethylated in DIS","cg06805557",0.177880593617854,0.281476329302376,0.103595735684522,0.0360156162919382,1,0.824239385583441
"Hypermethylated in DIS","cg06990460",0.336953261274021,0.441200513214897,0.104247251940877,0.000100798355579832,1,0.824239385583441
"Hypermethylated in DIS","cg07042914",0.30844825779784,0.472596739125692,0.164148481327852,0.0393142669341157,1,0.824239385583441
"Hypermethylated in DIS","cg07085632",0.65034626812673,0.788948409667375,0.138602141540646,0.0110880963345313,1,0.824239385583441
"Hypermethylated in DIS","cg07303548",0.644842291255918,0.755902682318553,0.111060391062634,0.00296726974759233,1,0.824239385583441
"Hypermethylated in DIS","cg07518532",0.288270624735844,0.484139176770107,0.195868552034263,0.0118041540758547,1,0.824239385583441
"Hypermethylated in DIS","cg08115371",0.664456379441117,0.773413897860406,0.108957518419288,0.0230766311275767,1,0.824239385583441
"Hypermethylated in DIS","cg08378220",0.413063199979353,0.518497068916026,0.105433868936674,0.00189238577983256,1,0.824239385583441
"Hypermethylated in DIS","cg08441138",0.286181518326413,0.454013702247963,0.16783218392155,0.0156785447081087,1,0.824239385583441
"Hypermethylated in DIS","cg08586366",0.136602291574147,0.363980000148055,0.227377708573908,0.00904386706475387,1,0.824239385583441
"Hypermethylated in DIS","cg08720806",0.424844516769183,0.529032516596536,0.104187999827353,0.014999326203354,1,0.824239385583441
"Hypermethylated in DIS","cg08824961",0.48995461304582,0.623211179510072,0.133256566464252,0.0377670077556268,1,0.824239385583441
"Hypermethylated in DIS","cg09039751",0.600759562006344,0.847399324303258,0.246639762296914,0.00443078741915597,1,0.824239385583441
"Hypermethylated in DIS","cg09537259",0.0727523979522185,0.190975389672543,0.118222991720324,0.023895075152145,1,0.824239385583441
"Hypermethylated in DIS","cg10208301",0.809366907842364,0.910297150892057,0.100930243049693,0.0115891610800043,1,0.824239385583441
"Hypermethylated in DIS","cg10570158",0.377601109136044,0.577708331634456,0.200107222498412,0.0396125818572758,1,0.824239385583441
"Hypermethylated in DIS","cg10590925",0.381317667187102,0.62306662585441,0.241748958667308,0.0103711515005885,1,0.824239385583441
"Hypermethylated in DIS","cg11185456",0.791858011883288,0.932881445587966,0.141023433704678,0.00804362445364492,1,0.824239385583441
"Hypermethylated in DIS","cg11261850",0.295001174207157,0.518102036967505,0.223100862760348,0.0220156266005009,1,0.824239385583441
"Hypermethylated in DIS","cg11507178",0.0877844355992886,0.222100017238371,0.134315581639082,0.000952443252709618,1,0.824239385583441
"Hypermethylated in DIS","cg11642250",0.574693077210798,0.700128344577239,0.12543526736644,0.0450155610093567,1,0.824239385583441
"Hypermethylated in DIS","cg11921539",0.415270298833829,0.549145725904831,0.133875427071002,0.0393608236054323,1,0.824239385583441
"Hypermethylated in DIS","cg12006284",0.278043436162646,0.406164628297535,0.128121192134889,0.0168390710583452,1,0.824239385583441
"Hypermethylated in DIS","cg12186219",0.116919614851331,0.231783746496252,0.114864131644921,0.0420184554658156,1,0.824239385583441
"Hypermethylated in DIS","cg12245084",0.603692905305438,0.731399889517812,0.127706984212374,0.0308958506042558,1,0.824239385583441
"Hypermethylated in DIS","cg12245876",0.574447441084099,0.684852941477812,0.110405500393713,0.0215797834008721,1,0.824239385583441
"Hypermethylated in DIS","cg12405136",0.316441437341377,0.426220647226246,0.109779209884869,0.0238844916051043,1,0.824239385583441
"Hypermethylated in DIS","cg12428727",0.51536608317509,0.618306609006641,0.102940525831551,0.0125380806549087,1,0.824239385583441
"Hypermethylated in DIS","cg12491115",0.591936087231979,0.729785871885837,0.137849784653858,0.01077220864642,1,0.824239385583441
"Hypermethylated in DIS","cg12850892",0.270682823901985,0.434341771319874,0.16365894741789,0.03899025060066,1,0.824239385583441
"Hypermethylated in DIS","cg12958961",0.350894809725458,0.483784795411522,0.132889985686064,0.00780971517196439,1,0.824239385583441
"Hypermethylated in DIS","cg12982322",0.332654800832448,0.432795103672763,0.100140302840315,0.000523589496031376,1,0.824239385583441
"Hypermethylated in DIS","cg13275129",0.241992285715288,0.755489567518207,0.513497281802919,0.0232855684252023,1,0.824239385583441
"Hypermethylated in DIS","cg13301003",0.463892297988467,0.61659967033025,0.152707372341783,0.00114514005287655,1,0.824239385583441
"Hypermethylated in DIS","cg13462890",0.334068250093905,0.581826287661004,0.247758037567099,0.00986026122168504,1,0.824239385583441
"Hypermethylated in DIS","cg13580265",0.76973535734674,0.895234207460557,0.125498850113816,0.0372082196275391,1,0.824239385583441
"Hypermethylated in DIS","cg13746740",0.25740505295041,0.433142806553123,0.175737753602713,0.0144219434618144,1,0.824239385583441
"Hypermethylated in DIS","cg13820391",0.419728060177356,0.639508608086449,0.219780547909092,0.0493754017721266,1,0.824239385583441
"Hypermethylated in DIS","cg14064268",0.347321495774241,0.49467755807179,0.147356062297548,0.00544269088722198,1,0.824239385583441
"Hypermethylated in DIS","cg14687029",0.22166447058042,0.350873027321808,0.129208556741388,0.0128547848409363,1,0.824239385583441
"Hypermethylated in DIS","cg14813083",0.427136746151649,0.657909707728574,0.230772961576925,0.0131444866936844,1,0.824239385583441
"Hypermethylated in DIS","cg14844989",0.481674966969704,0.582309914856229,0.100634947886524,0.00190921087369092,1,0.824239385583441
"Hypermethylated in DIS","cg15273822",0.550659909640355,0.773924613824764,0.223264704184409,0.00628725723834721,1,0.824239385583441
"Hypermethylated in DIS","cg15670924",0.590484729267696,0.745182738864761,0.154698009597065,0.0290171280864987,1,0.824239385583441
"Hypermethylated in DIS","cg15717764",0.436762158722785,0.562269404607536,0.125507245884751,0.0136390185874151,1,0.824239385583441
"Hypermethylated in DIS","cg16028555",0.27041332627745,0.371633999534338,0.101220673256888,0.0172191203782734,1,0.824239385583441
"Hypermethylated in DIS","cg16317457",0.555603270116812,0.706024032913837,0.150420762797025,0.0221463511319524,1,0.824239385583441
"Hypermethylated in DIS","cg16501028",0.536243780187823,0.641906947528908,0.105663167341085,0.0111939436031852,1,0.824239385583441
"Hypermethylated in DIS","cg17416793",0.597643202770187,0.712426071619711,0.114782868849524,0.0037677220174832,1,0.824239385583441
"Hypermethylated in DIS","cg17429870",0.410369384844303,0.599657511815108,0.189288126970806,0.00469187127595371,1,0.824239385583441
"Hypermethylated in DIS","cg17571335",0.74203828311734,0.879761959091519,0.137723675974179,0.00168528009595584,1,0.824239385583441
"Hypermethylated in DIS","cg17840408",0.404359847548592,0.702094470789803,0.297734623241211,0.0111576281955515,1,0.824239385583441
"Hypermethylated in DIS","cg18303896",0.625201982513102,0.728388889870686,0.103186907357584,0.0298797221035664,1,0.824239385583441
"Hypermethylated in DIS","cg18517222",0.744088518159555,0.869950960943356,0.125862442783801,0.0328402015153024,1,0.824239385583441
"Hypermethylated in DIS","cg18765542",0.321665906947969,0.426510830405588,0.104844923457619,0.0139461037748515,1,0.824239385583441
"Hypermethylated in DIS","cg18935108",0.650100304546067,0.774729682304515,0.124629377758447,0.0231961658753314,1,0.824239385583441
"Hypermethylated in DIS","cg19255307",0.31473912757648,0.43502208893937,0.12028296136289,0.0443273376137882,1,0.824239385583441
"Hypermethylated in DIS","cg19528419",0.546790047883767,0.72572704209236,0.178936994208593,0.00829184002090972,1,0.824239385583441
"Hypermethylated in DIS","cg19568845",0.723041138360549,0.871720856336042,0.148679717975493,0.00346576510419172,1,0.824239385583441
"Hypermethylated in DIS","cg19570321",0.509020464761741,0.720766478084988,0.211746013323247,0.037867515629268,1,0.824239385583441
"Hypermethylated in DIS","cg19896824",0.382258542599088,0.596470345109411,0.214211802510323,0.00455205364846225,1,0.824239385583441
"Hypermethylated in DIS","cg19959041",0.617009138588369,0.835304000680987,0.218294862092617,0.0333095769606872,1,0.824239385583441
"Hypermethylated in DIS","cg19970121",0.74203663310975,0.8424715075767,0.100434874466949,0.0447379180376442,1,0.824239385583441
"Hypermethylated in DIS","cg19981409",0.341793699479701,0.526518203301241,0.18472450382154,0.0165218444803721,1,0.824239385583441
"Hypermethylated in DIS","cg20132698",0.70102375452727,0.802111310080157,0.101087555552887,0.0447647306930979,1,0.824239385583441
"Hypermethylated in DIS","cg20783319",0.238856003139873,0.500811483173948,0.261955480034075,0.00850856391875608,1,0.824239385583441
"Hypermethylated in DIS","cg21583440",0.242236727354842,0.390899971559059,0.148663244204217,0.0176340913015309,1,0.824239385583441
"Hypermethylated in DIS","cg21862992",0.672226479773167,0.888254843026423,0.216028363253256,0.0370836054194655,1,0.824239385583441
"Hypermethylated in DIS","cg21963583",0.60006227018407,0.864427831628622,0.264365561444552,0.0284192458034767,1,0.824239385583441
"Hypermethylated in DIS","cg22173837",0.348716739880759,0.489131479136732,0.140414739255972,0.0246740192589253,1,0.824239385583441
"Hypermethylated in DIS","cg22205544",0.608571616416572,0.735621817856997,0.127050201440425,0.011148126649899,1,0.824239385583441
"Hypermethylated in DIS","cg22797270",0.491740745247412,0.595051754070893,0.103311008823481,0.00388389223225893,1,0.824239385583441
"Hypermethylated in DIS","cg22862634",0.0771615402430907,0.256813037083139,0.179651496840048,0.000420106871875934,1,0.824239385583441
"Hypermethylated in DIS","cg22961513",0.535498861128349,0.650793988800912,0.115295127672563,0.0173194553168717,1,0.824239385583441
"Hypermethylated in DIS","cg23045417",0.290185393787208,0.494758216113034,0.204572822325826,0.00129141839212693,1,0.824239385583441
"Hypermethylated in DIS","cg23371436",0.487551469995895,0.620188720411157,0.132637250415261,0.0340215960276659,1,0.824239385583441
"Hypermethylated in DIS","cg23729763",0.481641798685103,0.638775777016517,0.157133978331414,0.0146227048143608,1,0.824239385583441
"Hypermethylated in DIS","cg23731146",0.734754003749959,0.853881290857426,0.119127287107466,0.0184542274287191,1,0.824239385583441
"Hypermethylated in DIS","cg23797887",0.676979591388333,0.796302034546973,0.11932244315864,0.030311846774008,1,0.824239385583441
"Hypermethylated in DIS","cg23907108",0.45855435781894,0.575231956784424,0.116677598965484,0.0254280649966797,1,0.824239385583441
"Hypermethylated in DIS","cg24204282",0.101936719469025,0.243814142625386,0.141877423156361,0.00905438280481398,1,0.824239385583441
"Hypermethylated in DIS","cg24750308",0.404639961397464,0.593680921491191,0.189040960093727,0.00375004758280859,1,0.824239385583441
"Hypermethylated in DIS","cg24985772",0.47596027853552,0.688663771192463,0.212703492656943,0.0250043208661199,1,0.824239385583441
"Hypermethylated in DIS","cg25271479",0.0454313924010683,0.23606401782283,0.190632625421761,0.000317003002341844,1,0.824239385583441
"Hypermethylated in DIS","cg25607177",0.0756980188998649,0.219708460507483,0.144010441607618,0.03613989110738,1,0.824239385583441
"Hypermethylated in DIS","cg25880958",0.470076863577231,0.687618097156824,0.217541233579593,0.00885775303072026,1,0.824239385583441
"Hypermethylated in DIS","cg26428830",0.664093616281632,0.813321392827178,0.149227776545545,0.00735801433997203,1,0.824239385583441
"Hypermethylated in DIS","cg26740318",0.700680599797235,0.817843401863653,0.117162802066419,0.0310863575126631,1,0.824239385583441
"Hypermethylated in DIS","cg27395208",0.212826406734399,0.374890827810775,0.162064421076376,0.00556130048510529,1,0.824239385583441
"Hypermethylated in DIS","cg27420135",0.706185979413923,0.815856065833447,0.109670086419525,0.00309267084252994,1,0.824239385583441
"Hypermethylated in DIS","cg27437304",0.418843666628825,0.610228316691783,0.191384650062958,0.0289736492134168,1,0.824239385583441
"Hypermethylated in DIS","cg27604672",0.497765849551468,0.615600800940392,0.117834951388925,0.0421976762036415,1,0.824239385583441
"Hypermethylated in DIS","cg00148727",0.525552412383222,0.696402033239964,0.170849620856742,0.0195735265954985,1,0.824239385583441
"Hypermethylated in DIS","cg00230502",0.162399677534453,0.418871926994704,0.256472249460251,0.0123718422720906,1,0.824239385583441
"Hypermethylated in DIS","cg00508575",0.747316328355579,0.852459414413338,0.105143086057759,0.0420263990031005,1,0.824239385583441
"Hypermethylated in DIS","cg00549601",0.680538222357177,0.787856065567365,0.107317843210187,0.0476625321773974,1,0.824239385583441
"Hypermethylated in DIS","cg01061424",0.727743369354085,0.830873801346325,0.10313043199224,0.0268432460064173,1,0.824239385583441
"Hypermethylated in DIS","cg01302562",0.502089105397887,0.685859328887349,0.183770223489462,0.0283026390256945,1,0.824239385583441
"Hypermethylated in DIS","cg02498063",0.429630121018249,0.700348786254807,0.270718665236559,0.00196689833291827,1,0.824239385583441
"Hypermethylated in DIS","cg02590409",0.730579358437559,0.887291442480088,0.156712084042529,0.0124945814278023,1,0.824239385583441
"Hypermethylated in DIS","cg02703627",0.668495580244605,0.782401310274094,0.11390573002949,0.0359340822367838,1,0.824239385583441
"Hypermethylated in DIS","cg03059991",0.160496737844294,0.326518334091689,0.166021596247395,0.0045312927909241,1,0.824239385583441
"Hypermethylated in DIS","cg03188000",0.167781267886627,0.30991293270706,0.142131664820433,0.00805731096009933,1,0.824239385583441
"Hypermethylated in DIS","cg03196364",0.225875545970335,0.338541213505086,0.112665667534751,0.0466629319166568,1,0.824239385583441
"Hypermethylated in DIS","cg03434384",0.585764164790871,0.713722358625351,0.12795819383448,0.0443597744009231,1,0.824239385583441
"Hypermethylated in DIS","cg03786043",0.649776786018375,0.805404865698057,0.155628079679681,0.0235443279274268,1,0.824239385583441
"Hypermethylated in DIS","cg04562491",0.475151891875652,0.583594486729735,0.108442594854083,0.00813260984714624,1,0.824239385583441
"Hypermethylated in DIS","cg05039893",0.704216454979109,0.819983486204956,0.115767031225847,0.0446018540826975,1,0.824239385583441
"Hypermethylated in DIS","cg05565442",0.374215955894752,0.54695974214677,0.172743786252018,0.0449409120772356,1,0.824239385583441
"Hypermethylated in DIS","cg05647733",0.679612769046345,0.818137426569384,0.138524657523039,0.00347152784205908,1,0.824239385583441
"Hypermethylated in DIS","cg05654096",0.513755673176626,0.685947385249167,0.172191712072541,0.0329396039942361,1,0.824239385583441
"Hypermethylated in DIS","cg05861255",0.523525632652265,0.625357872868717,0.101832240216452,0.0371971445558863,1,0.824239385583441
"Hypermethylated in DIS","cg05863637",0.653204782459205,0.790558048283177,0.137353265823972,0.0070714665457386,1,0.824239385583441
"Hypermethylated in DIS","cg05962028",0.633907410649115,0.770248144068869,0.136340733419754,0.000804223930340013,1,0.824239385583441
"Hypermethylated in DIS","cg05992786",0.262846702734606,0.363413789848535,0.100567087113929,0.0489810813241194,1,0.824239385583441
"Hypermethylated in DIS","cg06225767",0.636291762304521,0.73883120775283,0.102539445448308,0.0178984093769085,1,0.824239385583441
"Hypermethylated in DIS","cg06989610",0.468168916145273,0.632938948431485,0.164770032286213,0.00687566551575444,1,0.824239385583441
"Hypermethylated in DIS","cg07248242",0.50873653184733,0.773273435999632,0.264536904152301,0.00239817974427083,1,0.824239385583441
"Hypermethylated in DIS","cg07264025",0.661737487451257,0.822561590237714,0.160824102786456,0.0400281921504774,1,0.824239385583441
"Hypermethylated in DIS","cg07390463",0.718556302336652,0.83061952438688,0.112063222050228,0.00933982030292363,1,0.824239385583441
"Hypermethylated in DIS","cg08409225",0.596907095745398,0.73431599551823,0.137408899772832,0.0301920233665035,1,0.824239385583441
"Hypermethylated in DIS","cg08455772",0.55689413340587,0.711737867578041,0.154843734172171,0.0437592977984452,1,0.824239385583441
"Hypermethylated in DIS","cg08888956",0.635312823724776,0.821181320528234,0.185868496803458,0.0179333777784332,1,0.824239385583441
"Hypermethylated in DIS","cg09258689",0.664282520646217,0.791800697235589,0.127518176589372,0.0174778252047874,1,0.824239385583441
"Hypermethylated in DIS","cg09370806",0.746482058243344,0.880621811966465,0.134139753723121,0.0278774484862618,1,0.824239385583441
"Hypermethylated in DIS","cg09434726",0.527021525820768,0.748633436161743,0.221611910340975,0.0454127451191915,1,0.824239385583441
"Hypermethylated in DIS","cg09912793",0.672248983488591,0.829568322303355,0.157319338814764,0.00956941684858005,1,0.824239385583441
"Hypermethylated in DIS","cg10605084",0.459268257643275,0.648949340102608,0.189681082459333,0.0429555914087406,1,0.824239385583441
"Hypermethylated in DIS","cg10643271",0.41911682734773,0.531153352271684,0.112036524923954,0.0488409177075489,1,0.824239385583441
"Hypermethylated in DIS","cg11491407",0.261561153891156,0.410628752896182,0.149067599005026,0.03317035925193,1,0.824239385583441
"Hypermethylated in DIS","cg11651209",0.372554193489945,0.483526238989823,0.110972045499878,0.0186957683733725,1,0.824239385583441
"Hypermethylated in DIS","cg11957400",0.335501101784171,0.506676245653213,0.171175143869041,0.00480617501901906,1,0.824239385583441
"Hypermethylated in DIS","cg12065616",0.490054541615291,0.606223355693139,0.116168814077848,0.0210579735241237,1,0.824239385583441
"Hypermethylated in DIS","cg12115748",0.667040233363467,0.788757942706658,0.121717709343191,0.0278499889675972,1,0.824239385583441
"Hypermethylated in DIS","cg12675583",0.434026280693995,0.599112945857734,0.165086665163739,0.0124711308754294,1,0.824239385583441
"Hypermethylated in DIS","cg13574999",0.632603741047256,0.735110145333222,0.102506404285967,0.00959331296425008,1,0.824239385583441
"Hypermethylated in DIS","cg13672200",0.412769196305781,0.554323268795047,0.141554072489266,0.0118118630989112,1,0.824239385583441
"Hypermethylated in DIS","cg13708645",0.435839990610272,0.68953012068945,0.253690130079178,0.000117536725287353,1,0.824239385583441
"Hypermethylated in DIS","cg13810723",0.499158314088243,0.687139683088931,0.187981369000688,0.0428823126552221,1,0.824239385583441
"Hypermethylated in DIS","cg13839439",0.685064693623021,0.8121687663399,0.12710407271688,0.013092786876771,1,0.824239385583441
"Hypermethylated in DIS","cg14057760",0.559637264711817,0.686126888794563,0.126489624082746,0.0114643751510032,1,0.824239385583441
"Hypermethylated in DIS","cg14086122",0.390758505526625,0.49188194401776,0.101123438491134,0.0270197395295635,1,0.824239385583441
"Hypermethylated in DIS","cg14292870",0.673038793167277,0.786662211933025,0.113623418765748,0.0375062778030564,1,0.824239385583441
"Hypermethylated in DIS","cg14573817",0.731315744712116,0.872478092498671,0.141162347786556,0.00848101371183333,1,0.824239385583441
"Hypermethylated in DIS","cg14753631",0.569739597017359,0.789748225226407,0.220008628209048,0.00459866757252034,1,0.824239385583441
"Hypermethylated in DIS","cg15125140",0.737221527312811,0.865402799366383,0.128181272053572,0.0169787227036549,1,0.824239385583441
"Hypermethylated in DIS","cg15233611",0.332854162569514,0.520089609367531,0.187235446798017,0.00643060195718108,1,0.824239385583441
"Hypermethylated in DIS","cg15238694",0.526482173566182,0.717118201941044,0.190636028374862,0.00417499879652722,1,0.824239385583441
"Hypermethylated in DIS","cg15360648",0.621069280838001,0.813885121444399,0.192815840606398,0.00353042588286552,1,0.824239385583441
"Hypermethylated in DIS","cg15607358",0.430043935526182,0.546867523667306,0.116823588141123,0.00719586704604496,1,0.824239385583441
"Hypermethylated in DIS","cg15769343",0.654491127377553,0.779181138181591,0.124690010804038,0.0358266599648216,1,0.824239385583441
"Hypermethylated in DIS","cg15777553",0.53056428452297,0.659313888218455,0.128749603695485,0.0211805234262421,1,0.824239385583441
"Hypermethylated in DIS","cg16063162",0.299141554929868,0.416998426223079,0.117856871293211,0.0446907373993299,1,0.824239385583441
"Hypermethylated in DIS","cg16267202",0.415145656431896,0.520975744993183,0.105830088561287,0.0373726997737531,1,0.824239385583441
"Hypermethylated in DIS","cg16343272",0.525995571050523,0.640232491431196,0.114236920380673,0.0318133585818565,1,0.824239385583441
"Hypermethylated in DIS","cg16443954",0.245464754501694,0.351176578968921,0.105711824467227,0.0330638421744415,1,0.824239385583441
"Hypermethylated in DIS","cg17226286",0.329509267575864,0.455131394954483,0.125622127378619,0.0485957571983542,1,0.824239385583441
"Hypermethylated in DIS","cg17530337",0.253880124246891,0.799778028954506,0.545897904707615,0.0141561748698919,1,0.824239385583441
"Hypermethylated in DIS","cg17570948",0.461976032228646,0.612911437795145,0.150935405566499,0.0299991484690415,1,0.824239385583441
"Hypermethylated in DIS","cg17812503",0.46489319895786,0.573700167051664,0.108806968093804,0.0402007686371212,1,0.824239385583441
"Hypermethylated in DIS","cg18466965",0.577572468349373,0.703572443750317,0.125999975400943,0.0465227894385324,1,0.824239385583441
"Hypermethylated in DIS","cg18833933",0.530240849780538,0.702960258433295,0.172719408652757,0.027517362091248,1,0.824239385583441
"Hypermethylated in DIS","cg19065106",0.771651377902518,0.883282508601419,0.111631130698901,0.00993248649067526,1,0.824239385583441
"Hypermethylated in DIS","cg19564212",0.429972870935869,0.636644297765726,0.206671426829858,0.00511497832593408,1,0.824239385583441
"Hypermethylated in DIS","cg19839698",0.554920563525967,0.697711539029006,0.142790975503039,0.0197099848116512,1,0.824239385583441
"Hypermethylated in DIS","cg19871235",0.725295662574669,0.880349682626256,0.155054020051587,0.0251166757072407,1,0.824239385583441
"Hypermethylated in DIS","cg19893439",0.527171101542215,0.683851487702787,0.156680386160573,0.0336332838909699,1,0.824239385583441
"Hypermethylated in DIS","cg20075675",0.681236888701683,0.826659148913137,0.145422260211453,0.00636676966578863,1,0.824239385583441
"Hypermethylated in DIS","cg20488281",0.23055444230801,0.395350765942301,0.164796323634291,0.00472689503291519,1,0.824239385583441
"Hypermethylated in DIS","cg20495738",0.488699651682032,0.595642499397852,0.10694284771582,0.0144060823544315,1,0.824239385583441
"Hypermethylated in DIS","cg20755748",0.564448079730057,0.69431090579356,0.129862826063503,0.0459109641444899,1,0.824239385583441
"Hypermethylated in DIS","cg21726618",0.521879661534373,0.638738442867946,0.116858781333573,0.0102341518843193,1,0.824239385583441
"Hypermethylated in DIS","cg21961771",0.396495069257138,0.573893622442809,0.177398553185671,0.00496065010070827,1,0.824239385583441
"Hypermethylated in DIS","cg22132193",0.664254192376679,0.781166289351028,0.116912096974349,0.0454864958684474,1,0.824239385583441
"Hypermethylated in DIS","cg22356381",0.280054638670942,0.385895162780291,0.105840524109349,0.0150541057794922,1,0.824239385583441
"Hypermethylated in DIS","cg22510727",0.357497768716055,0.490389662233843,0.132891893517788,0.0289248876592875,1,0.824239385583441
"Hypermethylated in DIS","cg23197405",0.593286601636809,0.70565300820291,0.1123664065661,0.0436676603526228,1,0.824239385583441
"Hypermethylated in DIS","cg23261715",0.556188902218422,0.693406030254236,0.137217128035814,0.00271532884726524,1,0.824239385583441
"Hypermethylated in DIS","cg23526586",0.697332573754785,0.836714165007765,0.13938159125298,0.00656678257619506,1,0.824239385583441
"Hypermethylated in DIS","cg23830810",0.254823414113088,0.392204537160076,0.137381123046989,0.00564163190373345,1,0.824239385583441
"Hypermethylated in DIS","cg23842870",0.172932544607155,0.284360324239294,0.111427779632139,0.0282794260694087,1,0.824239385583441
"Hypermethylated in DIS","cg24694702",0.756193181538601,0.869888295902647,0.113695114364047,0.00191917161091077,1,0.824239385583441
"Hypermethylated in DIS","cg24856673",0.231818539480156,0.460005849899448,0.228187310419292,0.00297691571992423,1,0.824239385583441
"Hypermethylated in DIS","cg25401874",0.711234714096024,0.820702174662446,0.109467460566422,0.0234660738575494,1,0.824239385583441
"Hypermethylated in DIS","cg25451893",0.386920798068356,0.517856267883614,0.130935469815258,0.0243117382440134,1,0.824239385583441
"Hypermethylated in DIS","cg25735482",0.637005153995175,0.755005943132435,0.118000789137261,0.0267837679744072,1,0.824239385583441
"Hypermethylated in DIS","cg25825627",0.787779855862554,0.895557893950444,0.10777803808789,0.0020976808600283,1,0.824239385583441
"Hypermethylated in DIS","cg25975485",0.4009015706317,0.546488574574909,0.145587003943209,0.0239667611873103,1,0.824239385583441
"Hypermethylated in DIS","cg26365998",0.219130019185574,0.510931290329091,0.291801271143517,0.0119568009254703,1,0.824239385583441
"Hypermethylated in DIS","cg26377281",0.430299183062556,0.571672750416043,0.141373567353487,0.0446619679548437,1,0.824239385583441
"Hypermethylated in DIS","cg26430081",0.277897464964866,0.412230121703828,0.134332656738962,0.0221492533267469,1,0.824239385583441
"Hypermethylated in DIS","cg26877596",0.556841856802558,0.679684913497031,0.122843056694473,0.0378453144749194,1,0.824239385583441
"Hypermethylated in DIS","cg26995224",0.584126238287294,0.85193903966698,0.267812801379686,0.000783913576226207,1,0.824239385583441
"Hypermethylated in DIS","cg27261050",0.615105130605024,0.759905270055637,0.144800139450613,0.0115266167624613,1,0.824239385583441
"Hypermethylated in DIS","cg00637144",0.632980021488416,0.736604534439043,0.103624512950627,0.0398673207735032,1,0.824239385583441
"Hypermethylated in DIS","cg01159003",0.603050025363432,0.797808560112412,0.19475853474898,0.00284050371447714,1,0.824239385583441
"Hypermethylated in DIS","cg01229865",0.4076782841126,0.868099990724733,0.460421706612133,9.49614460331713e-05,1,0.824239385583441
"Hypermethylated in DIS","cg01310205",0.375853421891785,0.486580082016532,0.110726660124747,0.0129453802045861,1,0.824239385583441
"Hypermethylated in DIS","cg01700504",0.634957843558871,0.739227733982818,0.104269890423947,0.0344128272847787,1,0.824239385583441
"Hypermethylated in DIS","cg01708427",0.380664036486442,0.580942479558141,0.2002784430717,0.0435317160208312,1,0.824239385583441
"Hypermethylated in DIS","cg04415610",0.630973944060772,0.743075419918107,0.112101475857335,0.0210214272236897,1,0.824239385583441
"Hypermethylated in DIS","cg05845403",0.750587842346249,0.860937115395962,0.110349273049713,0.0114091364234977,1,0.824239385583441
"Hypermethylated in DIS","cg06506007",0.611651239231019,0.726838012731994,0.115186773500975,0.0335686808967995,1,0.824239385583441
"Hypermethylated in DIS","cg07178877",0.722592712737929,0.835100926396405,0.112508213658476,0.0415040594358835,1,0.824239385583441
"Hypermethylated in DIS","cg07465431",0.665441035976589,0.791260857828419,0.125819821851829,0.0206898044119311,1,0.824239385583441
"Hypermethylated in DIS","cg07472704",0.376609901318961,0.62177469055628,0.245164789237319,0.00204813809758127,1,0.824239385583441
"Hypermethylated in DIS","cg07770777",0.390085964170423,0.862509676919233,0.47242371274881,1.5277955346565e-05,1,0.735990498475448
"Hypermethylated in DIS","cg08266168",0.770631818288763,0.875059616868022,0.10442779857926,0.0042949836839353,1,0.824239385583441
"Hypermethylated in DIS","cg08602346",0.528837916486069,0.711598354900846,0.182760438414777,0.000842471446688947,1,0.824239385583441
"Hypermethylated in DIS","cg09957942",0.452259510009007,0.622133633335916,0.169874123326908,0.0366710081903188,1,0.824239385583441
"Hypermethylated in DIS","cg11520003",0.588686104205796,0.692072173239485,0.103386069033689,0.0325242605363096,1,0.824239385583441
"Hypermethylated in DIS","cg11560654",0.699987964182925,0.852472054979257,0.152484090796332,0.015305588737511,1,0.824239385583441
"Hypermethylated in DIS","cg11693848",0.592826309971371,0.720441359926052,0.127615049954681,0.00969265568205734,1,0.824239385583441
"Hypermethylated in DIS","cg11723923",0.526813582965973,0.805375855843757,0.278562272877784,0.0305259691826246,1,0.824239385583441
"Hypermethylated in DIS","cg13872236",0.265624182931624,0.371786411409408,0.106162228477785,0.0162400556700938,1,0.824239385583441
"Hypermethylated in DIS","cg14716095",0.509641232264652,0.628728101656011,0.119086869391359,0.0213893891184785,1,0.824239385583441
"Hypermethylated in DIS","cg14904725",0.709601592888165,0.832115965679008,0.122514372790844,0.0418891124312176,1,0.824239385583441
"Hypermethylated in DIS","cg15508935",0.434142296851315,0.594070133857,0.159927837005685,0.00445282503520569,1,0.824239385583441
"Hypermethylated in DIS","cg15973954",0.176675649918799,0.349008243227444,0.172332593308644,0.048149283843022,1,0.824239385583441
"Hypermethylated in DIS","cg16671370",0.748594010978501,0.850972469288682,0.102378458310181,0.0368595962258599,1,0.824239385583441
"Hypermethylated in DIS","cg17136073",0.588149169538659,0.792905179304505,0.204756009765845,0.0141483012708484,1,0.824239385583441
"Hypermethylated in DIS","cg18652327",0.65834173202137,0.816502855175564,0.158161123154194,0.0027227223985271,1,0.824239385583441
"Hypermethylated in DIS","cg19463349",0.641721969768547,0.776421113763498,0.134699143994951,0.0364114104705316,1,0.824239385583441
"Hypermethylated in DIS","cg19833103",0.512209441628634,0.717422359885521,0.205212918256887,0.0200515465355948,1,0.824239385583441
"Hypermethylated in DIS","cg19870370",0.610145802964498,0.778549088644194,0.168403285679697,0.0446443491948664,1,0.824239385583441
"Hypermethylated in DIS","cg19916129",0.660417260537374,0.814856387622547,0.154439127085173,0.00547210916602957,1,0.824239385583441
"Hypermethylated in DIS","cg20647118",0.375378156476486,0.625885450750364,0.250507294273878,7.67617598630546e-05,1,0.824239385583441
"Hypermethylated in DIS","cg20949342",0.433492988462734,0.6081627143625,0.174669725899766,0.0310432813849769,1,0.824239385583441
"Hypermethylated in DIS","cg21484547",0.646702121988577,0.838888625676221,0.192186503687644,0.00717707007297915,1,0.824239385583441
"Hypermethylated in DIS","cg22140866",0.604047996841173,0.713574018816065,0.109526021974892,0.0118217433745824,1,0.824239385583441
"Hypermethylated in DIS","cg22797297",0.642187213001022,0.812101671600476,0.169914458599454,0.0149990904676055,1,0.824239385583441
"Hypermethylated in DIS","cg23024102",0.478032125159691,0.60889973452711,0.130867609367419,0.0339933631660671,1,0.824239385583441
"Hypermethylated in DIS","cg23681440",0.601294494247565,0.703358935397735,0.10206444115017,0.0154943179290742,1,0.824239385583441
"Hypermethylated in DIS","cg24670552",0.707234784487219,0.865597113506071,0.158362329018853,0.000318873625711496,1,0.824239385583441
"Hypermethylated in DIS","cg24678163",0.58198715996085,0.731489499117571,0.149502339156722,0.0183585016008694,1,0.824239385583441
"Hypermethylated in DIS","cg26469220",0.582150555486219,0.747308951224064,0.165158395737845,0.025178559738754,1,0.824239385583441
"Hypermethylated in DIS","cg26960333",0.237962386227582,0.407255457785831,0.169293071558249,0.000659206323732224,1,0.824239385583441
"Hypermethylated in DIS","cg00660989",0.331808430611075,0.592555800812071,0.260747370200997,0.00428582584374734,1,0.824239385583441
"Hypermethylated in DIS","cg00787180",0.291553995802235,0.410745905439182,0.119191909636947,0.0314411131933414,1,0.824239385583441
"Hypermethylated in DIS","cg00814218",0.18580048389444,0.700420542082215,0.514620058187774,0.022652199024635,1,0.824239385583441
"Hypermethylated in DIS","cg01655667",0.606582817524578,0.731392038857067,0.12480922133249,0.0268734540229525,1,0.824239385583441
"Hypermethylated in DIS","cg02257791",0.652898950467189,0.807624361385684,0.154725410918496,0.00837309843156709,1,0.824239385583441
"Hypermethylated in DIS","cg03699601",0.17210567589482,0.299716933233775,0.127611257338955,0.00850347310322257,1,0.824239385583441
"Hypermethylated in DIS","cg04284678",0.294900672825078,0.41789389169797,0.122993218872892,0.00280720558572388,1,0.824239385583441
"Hypermethylated in DIS","cg04439622",0.354733157947871,0.624731646700902,0.269998488753031,0.0295949694854773,1,0.824239385583441
"Hypermethylated in DIS","cg04906283",0.424814199089912,0.543144636070574,0.118330436980663,0.00300466181709673,1,0.824239385583441
"Hypermethylated in DIS","cg05084793",0.385140340506527,0.490538305947916,0.105397965441389,0.0194883128265281,1,0.824239385583441
"Hypermethylated in DIS","cg05211480",0.572528478030088,0.693381824890591,0.120853346860503,0.0211874771371108,1,0.824239385583441
"Hypermethylated in DIS","cg06351481",0.681662571192519,0.855675580280318,0.174013009087799,0.00107743940912781,1,0.824239385583441
"Hypermethylated in DIS","cg06469542",0.29520095782503,0.405509596036698,0.110308638211668,0.00083530732584353,1,0.824239385583441
"Hypermethylated in DIS","cg06821828",0.409878093143304,0.682800864909543,0.272922771766239,0.0184882309728817,1,0.824239385583441
"Hypermethylated in DIS","cg06884495",0.688082257444915,0.821775820955216,0.133693563510301,0.0115232533602606,1,0.824239385583441
"Hypermethylated in DIS","cg07280807",0.73819756687933,0.884090471425395,0.145892904546066,0.0322911569630704,1,0.824239385583441
"Hypermethylated in DIS","cg07456081",0.337194960378248,0.452081276515594,0.114886316137346,0.032805785770569,1,0.824239385583441
"Hypermethylated in DIS","cg08189198",0.645718287072417,0.776095103491759,0.130376816419342,0.0353600265186049,1,0.824239385583441
"Hypermethylated in DIS","cg08276171",0.55468284154957,0.714099604471123,0.159416762921553,0.0347946793743859,1,0.824239385583441
"Hypermethylated in DIS","cg08297686",0.207649216851205,0.349456127001169,0.141806910149963,0.00770209712978017,1,0.824239385583441
"Hypermethylated in DIS","cg09242311",0.592136192882297,0.703690183878661,0.111553990996364,0.0015025187955337,1,0.824239385583441
"Hypermethylated in DIS","cg09284655",0.750734780375828,0.875118436704446,0.124383656328618,0.0353570178941798,1,0.824239385583441
"Hypermethylated in DIS","cg09337121",0.301437289054518,0.497662767503519,0.196225478449001,0.0148523032620752,1,0.824239385583441
"Hypermethylated in DIS","cg10406690",0.0844859889228427,0.199602205879554,0.115116216956711,0.0350081526628559,1,0.824239385583441
"Hypermethylated in DIS","cg11166287",0.543416371521121,0.719314287420073,0.175897915898952,0.0234810436742282,1,0.824239385583441
"Hypermethylated in DIS","cg11190278",0.317022594740357,0.422006482594791,0.104983887854434,0.039795525860542,1,0.824239385583441
"Hypermethylated in DIS","cg11636151",0.662993945060228,0.799140881722946,0.136146936662718,0.0174288966868017,1,0.824239385583441
"Hypermethylated in DIS","cg11789820",0.515433579633387,0.629876053679222,0.114442474045836,0.00811876092564969,1,0.824239385583441
"Hypermethylated in DIS","cg11828983",0.612789904236274,0.741038408660214,0.12824850442394,0.013100218762696,1,0.824239385583441
"Hypermethylated in DIS","cg12488111",0.371318088433503,0.543917050932828,0.172598962499325,0.0157181336874541,1,0.824239385583441
"Hypermethylated in DIS","cg13038618",0.510019813813983,0.669343840912699,0.159324027098717,0.000382666893039018,1,0.824239385583441
"Hypermethylated in DIS","cg13094752",0.608754440661663,0.722491806812665,0.113737366151002,0.0441105178115904,1,0.824239385583441
"Hypermethylated in DIS","cg13655169",0.22360161681339,0.645757340261355,0.422155723447965,0.0385718989794803,1,0.824239385583441
"Hypermethylated in DIS","cg13751012",0.498525108752956,0.638114182979699,0.139589074226743,0.00140724648165367,1,0.824239385583441
"Hypermethylated in DIS","cg13972423",0.748747139695201,0.869662117190134,0.120914977494933,0.0276499304693602,1,0.824239385583441
"Hypermethylated in DIS","cg14269807",0.342125390027868,0.483609400856263,0.141484010828395,0.0154491986207186,1,0.824239385583441
"Hypermethylated in DIS","cg14336566",0.701983892539869,0.806990650257053,0.105006757717184,0.0306563226960371,1,0.824239385583441
"Hypermethylated in DIS","cg14539658",0.575105559654105,0.728117660682232,0.153012101028127,0.00967887045060688,1,0.824239385583441
"Hypermethylated in DIS","cg14543641",0.701481158419226,0.82654846970389,0.125067311284664,0.0256053027630825,1,0.824239385583441
"Hypermethylated in DIS","cg14887142",0.578056710676182,0.709795622633919,0.131738911957737,0.0104801712889408,1,0.824239385583441
"Hypermethylated in DIS","cg14912575",0.34094562904542,0.500125947299544,0.159180318254124,0.0365480754778865,1,0.824239385583441
"Hypermethylated in DIS","cg15178202",0.146565780557481,0.263901292226027,0.117335511668546,0.00217859554014959,1,0.824239385583441
"Hypermethylated in DIS","cg15867125",0.18007883269598,0.284299100257895,0.104220267561915,0.0497765860366124,1,0.824239385583441
"Hypermethylated in DIS","cg16054651",0.342233532166847,0.493299080479165,0.151065548312317,0.0143560468080766,1,0.824239385583441
"Hypermethylated in DIS","cg16094352",0.601117462201908,0.772142397109266,0.171024934907358,1.21417820800714e-05,1,0.735990498475448
"Hypermethylated in DIS","cg16125874",0.585356756585959,0.743309877352691,0.157953120766733,0.01798215724197,1,0.824239385583441
"Hypermethylated in DIS","cg16304521",0.18909753974628,0.505486999094515,0.316389459348235,0.00269413138676881,1,0.824239385583441
"Hypermethylated in DIS","cg17002328",0.605339687958313,0.740234166183942,0.134894478225629,0.0274401927124489,1,0.824239385583441
"Hypermethylated in DIS","cg18214796",0.453240315547412,0.585056280251337,0.131815964703925,0.0291031782481133,1,0.824239385583441
"Hypermethylated in DIS","cg18512948",0.186719797189845,0.407131716198537,0.220411919008692,0.0170832850157809,1,0.824239385583441
"Hypermethylated in DIS","cg18678107",0.343446939641138,0.456254146865921,0.112807207224782,0.0412731211845571,1,0.824239385583441
"Hypermethylated in DIS","cg19546207",0.46234860859901,0.567964584513921,0.10561597591491,0.0340807677905894,1,0.824239385583441
"Hypermethylated in DIS","cg19756885",0.625709472934761,0.770530239670736,0.144820766735976,0.0227939776849093,1,0.824239385583441
"Hypermethylated in DIS","cg19846667",0.330851025159553,0.600283349070764,0.269432323911211,0.000520824433763654,1,0.824239385583441
"Hypermethylated in DIS","cg19859698",0.216826078098708,0.324479935010286,0.107653856911578,0.0473683231048461,1,0.824239385583441
"Hypermethylated in DIS","cg21096966",0.487133936094255,0.774079983455087,0.286946047360831,0.000530521684789172,1,0.824239385583441
"Hypermethylated in DIS","cg23315518",0.427576430736537,0.563541788453495,0.135965357716958,0.00279395326695694,1,0.824239385583441
"Hypermethylated in DIS","cg23356831",0.371172042258322,0.52662428018625,0.155452237927928,0.0254170063746434,1,0.824239385583441
"Hypermethylated in DIS","cg23574802",0.354350842941641,0.458425158917337,0.104074315975697,0.0360526948881128,1,0.824239385583441
"Hypermethylated in DIS","cg23934295",0.333217349229495,0.485361691016361,0.152144341786865,0.0433167806222046,1,0.824239385583441
"Hypermethylated in DIS","cg26183870",0.395886048686969,0.564421123186846,0.168535074499878,0.030136682015752,1,0.824239385583441
"Hypermethylated in DIS","cg27394566",0.664595203136897,0.766756399065157,0.102161195928261,0.0437819452831927,1,0.824239385583441
"Hypermethylated in DIS","cg00202460",0.24420338722598,0.374535515022148,0.130332127796167,0.0296280312147617,1,0.824239385583441
"Hypermethylated in DIS","cg00232832",0.777413790740287,0.88098328193259,0.103569491192303,0.0350417125552239,1,0.824239385583441
"Hypermethylated in DIS","cg00469015",0.244211834300116,0.393551686647544,0.149339852347427,0.00326358211222319,1,0.824239385583441
"Hypermethylated in DIS","cg00639615",0.504021072142718,0.699730725826886,0.195709653684168,0.0048029986651258,1,0.824239385583441
"Hypermethylated in DIS","cg00642615",0.507222202662174,0.624294641727384,0.11707243906521,0.0151854888849697,1,0.824239385583441
"Hypermethylated in DIS","cg02313495",0.134891946722453,0.340516517918892,0.20562457119644,0.0407003229198156,1,0.824239385583441
"Hypermethylated in DIS","cg02637101",0.697892529255854,0.878712004153152,0.180819474897299,0.00147522813959831,1,0.824239385583441
"Hypermethylated in DIS","cg02964434",0.680005535039956,0.79616684077896,0.116161305739004,0.0159086564184737,1,0.824239385583441
"Hypermethylated in DIS","cg03036214",0.667869523898434,0.776595080765141,0.108725556866707,0.00454293154808457,1,0.824239385583441
"Hypermethylated in DIS","cg03291024",0.0448130297625353,0.201353899001591,0.156540869239055,0.0376685497161972,1,0.824239385583441
"Hypermethylated in DIS","cg03589001",0.486165441268072,0.667912034834631,0.181746593566559,0.0250358714527289,1,0.824239385583441
"Hypermethylated in DIS","cg05131526",0.655358815764212,0.796769023183067,0.141410207418854,0.0130251169497473,1,0.824239385583441
"Hypermethylated in DIS","cg05206657",0.514934375441366,0.703836357600357,0.18890198215899,0.00802824280151343,1,0.824239385583441
"Hypermethylated in DIS","cg05506600",0.475544967199722,0.577307366502211,0.101762399302489,0.012196886303752,1,0.824239385583441
"Hypermethylated in DIS","cg06871560",0.547936913591547,0.779811187168917,0.23187427357737,0.00597835781720175,1,0.824239385583441
"Hypermethylated in DIS","cg08433293",0.494192726049136,0.609229522777054,0.115036796727919,0.0439013379643056,1,0.824239385583441
"Hypermethylated in DIS","cg08939371",0.0441764170109846,0.224965055508531,0.180788638497546,0.0298393974078754,1,0.824239385583441
"Hypermethylated in DIS","cg09073799",0.671535258048403,0.815407023560837,0.143871765512433,0.0105968785758929,1,0.824239385583441
"Hypermethylated in DIS","cg09493290",0.673305737062211,0.792703056799002,0.119397319736791,0.0225021346340425,1,0.824239385583441
"Hypermethylated in DIS","cg09576762",0.672943239244713,0.856725982581028,0.183782743336315,0.000167036515447206,1,0.824239385583441
"Hypermethylated in DIS","cg09898978",0.663043763826836,0.798313386619893,0.135269622793056,0.01593187713928,1,0.824239385583441
"Hypermethylated in DIS","cg10040866",0.317763658185244,0.497272824762958,0.179509166577714,3.36605779488592e-05,1,0.742846114595751
"Hypermethylated in DIS","cg12283460",0.189692504452247,0.300351155663612,0.110658651211365,0.0202131244331117,1,0.824239385583441
"Hypermethylated in DIS","cg14025021",0.57037666512642,0.693303946502281,0.122927281375861,0.00881984601050742,1,0.824239385583441
"Hypermethylated in DIS","cg14696334",0.379824882754189,0.577481274843427,0.197656392089239,0.0157177992118594,1,0.824239385583441
"Hypermethylated in DIS","cg15188939",0.630911704669954,0.755677708511624,0.12476600384167,0.0445732711798707,1,0.824239385583441
"Hypermethylated in DIS","cg16387834",0.645792005657208,0.757744275482926,0.111952269825718,0.0245143689676477,1,0.824239385583441
"Hypermethylated in DIS","cg16414568",0.0380005271987438,0.241695570973684,0.20369504377494,0.0386344599846269,1,0.824239385583441
"Hypermethylated in DIS","cg16548362",0.437114022724061,0.616808634177947,0.179694611453886,0.0256670751564135,1,0.824239385583441
"Hypermethylated in DIS","cg17867243",0.761607094414122,0.880271067166446,0.118663972752324,0.00530392332037718,1,0.824239385583441
"Hypermethylated in DIS","cg18472881",0.0358831015625782,0.200981338557354,0.165098236994776,0.0311398880418467,1,0.824239385583441
"Hypermethylated in DIS","cg20018563",0.623833833797616,0.734461455917384,0.110627622119768,0.0153211374795281,1,0.824239385583441
"Hypermethylated in DIS","cg21052814",0.482964589051828,0.699897286229515,0.216932697177687,0.0469677023518212,1,0.824239385583441
"Hypermethylated in DIS","cg21236593",0.652356087113759,0.753764658838205,0.101408571724446,0.0199832956106425,1,0.824239385583441
"Hypermethylated in DIS","cg21576154",0.221286855041951,0.349149766276923,0.127862911234972,0.0444772862629424,1,0.824239385583441
"Hypermethylated in DIS","cg21759837",0.314508951019167,0.436131113236289,0.121622162217122,0.00246710559023905,1,0.824239385583441
"Hypermethylated in DIS","cg23706782",0.498159913829526,0.643356068336994,0.145196154507468,0.00876620749541864,1,0.824239385583441
"Hypermethylated in DIS","cg23741520",0.387047339195692,0.505266066189193,0.118218726993501,0.0417058742708535,1,0.824239385583441
"Hypermethylated in DIS","cg24924577",0.219787410656349,0.363626374772257,0.143838964115909,0.00801466491113221,1,0.824239385583441
"Hypermethylated in DIS","cg25498107",0.414241294935866,0.662801769259621,0.248560474323755,0.0189756933214782,1,0.824239385583441
"Hypermethylated in DIS","cg25878441",0.555377112621461,0.757797527272154,0.202420414650693,0.0130187847915536,1,0.824239385583441
"Hypermethylated in DIS","cg25924688",0.524160131816427,0.65637625175963,0.132216119943203,0.00191130186002688,1,0.824239385583441
"Hypermethylated in DIS","cg26817145",0.759234253181634,0.86312690076951,0.103892647587876,0.00385671758822625,1,0.824239385583441
"Hypermethylated in DIS","cg27481594",0.27241786367445,0.375503120498357,0.103085256823907,0.0417965547130042,1,0.824239385583441
"Hypermethylated in DIS","cg00417823",0.718592334093295,0.838002129620033,0.119409795526738,0.0134919588841896,1,0.824239385583441
"Hypermethylated in DIS","cg00433709",0.710407513888488,0.827695264238946,0.117287750350458,0.00395107917531856,1,0.824239385583441
"Hypermethylated in DIS","cg00531137",0.306096185746125,0.452613751165635,0.14651756541951,0.0439187363597004,1,0.824239385583441
"Hypermethylated in DIS","cg01538731",0.591877739773336,0.730254370705959,0.138376630932624,0.0324727468333526,1,0.824239385583441
"Hypermethylated in DIS","cg01611817",0.626206833052939,0.754194061808699,0.12798722875576,0.0270166592518935,1,0.824239385583441
"Hypermethylated in DIS","cg01911977",0.621863144516381,0.790534499339735,0.168671354823353,0.0244811370641311,1,0.824239385583441
"Hypermethylated in DIS","cg01971227",0.328374943353583,0.614259474624622,0.285884531271039,0.0157257743730099,1,0.824239385583441
"Hypermethylated in DIS","cg02017347",0.396955044863405,0.554187741364755,0.15723269650135,0.0438620254324166,1,0.824239385583441
"Hypermethylated in DIS","cg02132946",0.61380836867488,0.779468856394275,0.165660487719395,0.0239206993009874,1,0.824239385583441
"Hypermethylated in DIS","cg02268569",0.295472673401807,0.397597343645565,0.102124670243759,0.0103255095927542,1,0.824239385583441
"Hypermethylated in DIS","cg02393727",0.284161730667481,0.723563422308589,0.439401691641108,8.52667358729187e-05,1,0.824239385583441
"Hypermethylated in DIS","cg02441474",0.391461894673523,0.511899364425399,0.120437469751876,0.010108924078081,1,0.824239385583441
"Hypermethylated in DIS","cg02608963",0.703525932592195,0.833237038425194,0.129711105832999,0.00635275234863711,1,0.824239385583441
"Hypermethylated in DIS","cg02837935",0.689405002889952,0.807675176583029,0.118270173693077,0.030976124316406,1,0.824239385583441
"Hypermethylated in DIS","cg02840199",0.397219751630276,0.537391756177238,0.140172004546963,0.0277109885698523,1,0.824239385583441
"Hypermethylated in DIS","cg02879453",0.711997072424471,0.829218281195737,0.117221208771267,0.0159439611693897,1,0.824239385583441
"Hypermethylated in DIS","cg03010887",0.516153219757516,0.690187528548061,0.174034308790544,0.0013961005724659,1,0.824239385583441
"Hypermethylated in DIS","cg03159676",0.668001648863591,0.777689912739357,0.109688263875766,0.048436412517918,1,0.824239385583441
"Hypermethylated in DIS","cg03169041",0.152971894326148,0.296700971184564,0.143729076858415,0.00624536448549456,1,0.824239385583441
"Hypermethylated in DIS","cg03264209",0.580669653791501,0.713689340730606,0.133019686939105,0.00326099691414485,1,0.824239385583441
"Hypermethylated in DIS","cg03888083",0.344367869015313,0.501943527136068,0.157575658120756,0.0397555814121091,1,0.824239385583441
"Hypermethylated in DIS","cg03945800",0.154430792800887,0.265163127230071,0.110732334429184,0.00746343340868496,1,0.824239385583441
"Hypermethylated in DIS","cg04041159",0.565103211104931,0.707698076203494,0.142594865098563,0.0278515395580166,1,0.824239385583441
"Hypermethylated in DIS","cg04293152",0.302434168642728,0.422365377573247,0.119931208930519,0.00535163007264065,1,0.824239385583441
"Hypermethylated in DIS","cg04383715",0.725010707184735,0.829066870892398,0.104056163707663,0.0463517270003764,1,0.824239385583441
"Hypermethylated in DIS","cg04484415",0.39212636232976,0.496795395532201,0.104669033202441,0.0286757759719054,1,0.824239385583441
"Hypermethylated in DIS","cg04539111",0.813768798946052,0.922335819415632,0.10856702046958,0.00129124480140117,1,0.824239385583441
"Hypermethylated in DIS","cg05333146",0.616993789094799,0.828887129497094,0.211893340402295,0.00977902732450013,1,0.824239385583441
"Hypermethylated in DIS","cg05347456",0.456941084820175,0.86935993695818,0.412418852138005,9.4403585548032e-05,1,0.824239385583441
"Hypermethylated in DIS","cg05581415",0.457072558366286,0.599139809646805,0.142067251280519,0.0403999481117624,1,0.824239385583441
"Hypermethylated in DIS","cg05630773",0.585735358375249,0.740902614014406,0.155167255639158,0.00493052806110415,1,0.824239385583441
"Hypermethylated in DIS","cg05652445",0.686126992794495,0.790496179057544,0.104369186263049,0.0165720190715076,1,0.824239385583441
"Hypermethylated in DIS","cg05726274",0.339799825652181,0.50507426252402,0.165274436871839,0.0498652222566669,1,0.824239385583441
"Hypermethylated in DIS","cg05731156",0.0841560005310667,0.187013175295829,0.102857174764762,0.0478695371029625,1,0.824239385583441
"Hypermethylated in DIS","cg05830220",0.703348281354622,0.804609131904185,0.101260850549564,0.0400672420008567,1,0.824239385583441
"Hypermethylated in DIS","cg05917111",0.743797414075038,0.862082461631086,0.118285047556048,0.00129230416125823,1,0.824239385583441
"Hypermethylated in DIS","cg05975881",0.584505412363531,0.716971669870558,0.132466257507027,0.0106094492693192,1,0.824239385583441
"Hypermethylated in DIS","cg06075652",0.58757619257256,0.722912804456148,0.135336611883588,0.00851330584426319,1,0.824239385583441
"Hypermethylated in DIS","cg06180606",0.174570460591064,0.410195185601183,0.235624725010119,0.00206775637892159,1,0.824239385583441
"Hypermethylated in DIS","cg06301178",0.30329777775985,0.431315947873501,0.128018170113651,0.0103409330753053,1,0.824239385583441
"Hypermethylated in DIS","cg06321596",0.353555932000529,0.540542989191363,0.186987057190834,0.0315644521908523,1,0.824239385583441
"Hypermethylated in DIS","cg06330621",0.47060622171258,0.677398152350391,0.206791930637811,0.0144047363588376,1,0.824239385583441
"Hypermethylated in DIS","cg06378100",0.60229574744612,0.757839795073076,0.155544047626956,0.0160508191673659,1,0.824239385583441
"Hypermethylated in DIS","cg06490845",0.437988557497541,0.565557932096808,0.127569374599268,0.0309743264830403,1,0.824239385583441
"Hypermethylated in DIS","cg06543221",0.716788181990632,0.856277618178551,0.139489436187918,0.0385068643567228,1,0.824239385583441
"Hypermethylated in DIS","cg06646636",0.471504589009094,0.577264238603823,0.105759649594729,0.000593271286412487,1,0.824239385583441
"Hypermethylated in DIS","cg06672226",0.755519872178781,0.86721302295951,0.11169315078073,0.0406397126123577,1,0.824239385583441
"Hypermethylated in DIS","cg07322144",0.0954919669863286,0.208359070419048,0.112867103432719,0.0441206717198484,1,0.824239385583441
"Hypermethylated in DIS","cg07584669",0.575164472306789,0.695298288550111,0.120133816243322,0.00634060822366073,1,0.824239385583441
"Hypermethylated in DIS","cg07633530",0.564877412222986,0.754095584783939,0.189218172560953,0.0074037543209314,1,0.824239385583441
"Hypermethylated in DIS","cg08008072",0.22346567291602,0.38246142188315,0.15899574896713,0.0175951812820229,1,0.824239385583441
"Hypermethylated in DIS","cg08487455",0.170318336569572,0.2748788204358,0.104560483866228,0.0425736665908378,1,0.824239385583441
"Hypermethylated in DIS","cg08757695",0.455234313356389,0.569011039691039,0.11377672633465,0.0120717878962587,1,0.824239385583441
"Hypermethylated in DIS","cg08843623",0.701162639570417,0.820812897884918,0.119650258314501,0.0167301832045651,1,0.824239385583441
"Hypermethylated in DIS","cg08988951",0.322843486736798,0.432693563338522,0.109850076601725,0.00530193311195992,1,0.824239385583441
"Hypermethylated in DIS","cg09109520",0.144365745779026,0.313182379971176,0.16881663419215,0.000197736145275533,1,0.824239385583441
"Hypermethylated in DIS","cg09175009",0.578302932540678,0.707024869080322,0.128721936539644,0.0331331188239292,1,0.824239385583441
"Hypermethylated in DIS","cg09421111",0.171833872800855,0.314878814448725,0.143044941647869,0.0200890840073942,1,0.824239385583441
"Hypermethylated in DIS","cg09508671",0.582296390569965,0.749977327711332,0.167680937141367,0.00900160567264957,1,0.824239385583441
"Hypermethylated in DIS","cg09621330",0.528054648240077,0.740304049881086,0.212249401641009,0.0243445420559093,1,0.824239385583441
"Hypermethylated in DIS","cg09697644",0.710443091943606,0.820484211775693,0.110041119832087,0.0194447565679376,1,0.824239385583441
"Hypermethylated in DIS","cg09723341",0.264473135089422,0.39575739101847,0.131284255929048,0.0191912402882532,1,0.824239385583441
"Hypermethylated in DIS","cg10368834",0.6925383932236,0.835221931209685,0.142683537986085,0.0100899505185935,1,0.824239385583441
"Hypermethylated in DIS","cg11058916",0.681785607028843,0.821719620347936,0.139934013319093,0.0333561971622979,1,0.824239385583441
"Hypermethylated in DIS","cg12564453",0.75164824640044,0.86867624522112,0.117027998820679,0.00671378301987467,1,0.824239385583441
"Hypermethylated in DIS","cg12654412",0.282619503278361,0.422585263380912,0.139965760102551,0.0370031663469747,1,0.824239385583441
"Hypermethylated in DIS","cg16544989",0.325919970328181,0.492393358565274,0.166473388237093,1.55200299828558e-05,1,0.735990498475448
"Hypermethylated in DIS","cg16591159",0.357903994532959,0.558391400299549,0.20048740576659,0.0115936848608129,1,0.824239385583441
"Hypermethylated in DIS","cg16622061",0.57853799274905,0.701136393820036,0.122598401070986,0.0228846634755924,1,0.824239385583441
"Hypermethylated in DIS","cg16682899",0.594363516170596,0.767828638646776,0.17346512247618,0.0236855268089366,1,0.824239385583441
"Hypermethylated in DIS","cg17300750",0.425429118126703,0.662126442794871,0.236697324668169,0.0138377904535579,1,0.824239385583441
"Hypermethylated in DIS","cg17944412",0.161630090121235,0.293568674559431,0.131938584438196,0.00223246062347978,1,0.824239385583441
"Hypermethylated in DIS","cg18892212",0.439900680115002,0.800043571047536,0.360142890932533,8.46432189412488e-05,1,0.824239385583441
"Hypermethylated in DIS","cg19403023",0.729938166276492,0.897844940623096,0.167906774346604,0.0237706584715082,1,0.824239385583441
"Hypermethylated in DIS","cg21048669",0.737539901470943,0.838438416296648,0.100898514825705,0.00413902578247663,1,0.824239385583441
"Hypermethylated in DIS","cg23580000",0.623162844453609,0.740327324035081,0.117164479581473,0.0152593847337688,1,0.824239385583441
"Hypermethylated in DIS","cg23888450",0.419640053371503,0.588090721471232,0.168450668099729,0.0343406247779319,1,0.824239385583441
"Hypermethylated in DIS","cg26229224",0.699982486690798,0.846524648671571,0.146542161980773,0.00560838437656539,1,0.824239385583441
"Hypermethylated in DIS","cg26455175",0.603873383942742,0.710935913351657,0.107062529408916,0.0286355298431584,1,0.824239385583441
"Hypermethylated in DIS","cg26610739",0.694631212666036,0.795940432359753,0.101309219693717,0.0251807378091367,1,0.824239385583441
"Hypermethylated in DIS","cg26751513",0.620257348940014,0.751585887633532,0.131328538693518,0.00123810678214515,1,0.824239385583441
"Hypermethylated in DIS","cg26780138",0.290514482803029,0.459044580844942,0.168530098041913,0.0319019041132626,1,0.824239385583441
"Hypermethylated in DIS","cg26857370",0.561373544684234,0.67169757317247,0.110324028488236,0.0150820311613905,1,0.824239385583441
"Hypermethylated in DIS","cg26952936",0.540017968036967,0.685946146491867,0.1459281784549,0.0229145653786908,1,0.824239385583441
"Hypermethylated in DIS","cg27088726",0.652527339287996,0.796023812763107,0.143496473475111,0.00513819535906246,1,0.824239385583441
"Hypermethylated in DIS","cg27158636",0.133382239114301,0.368982830356061,0.235600591241759,0.0212084090131956,1,0.824239385583441
"Hypermethylated in DIS","cg27206026",0.546702926813776,0.701453949501796,0.15475102268802,0.0154871126733288,1,0.824239385583441
"Hypermethylated in DIS","cg27239280",0.456138739203113,0.596726429768123,0.140587690565011,0.0171914787199538,1,0.824239385583441
"Hypermethylated in DIS","cg27256515",0.325131402833167,0.459457666229191,0.134326263396024,0.0214182835864508,1,0.824239385583441
"Hypermethylated in DIS","cg27261665",0.745321950402747,0.8529760165303,0.107654066127554,0.00640450150684133,1,0.824239385583441
"Hypermethylated in DIS","cg27430293",0.541363639011535,0.713246621942247,0.171882982930712,0.0395984512047126,1,0.824239385583441
"Hypermethylated in DIS","cg27592309",0.558332107908206,0.693511319980769,0.135179212072563,0.0269260709312811,1,0.824239385583441
"Hypermethylated in DIS","cg00055529",0.291437802788385,0.49048151619366,0.199043713405275,0.0207843942945635,1,0.824239385583441
"Hypermethylated in DIS","cg00197058",0.501555437713074,0.737499424058617,0.235943986345543,0.000898736470561071,1,0.824239385583441
"Hypermethylated in DIS","cg00625783",0.253266729228452,0.355176383536119,0.101909654307668,0.0259106524399667,1,0.824239385583441
"Hypermethylated in DIS","cg00670942",0.390983167355579,0.491496942264575,0.100513774908997,0.00163284633155838,1,0.824239385583441
"Hypermethylated in DIS","cg00747739",0.77420209281372,0.887595247089822,0.113393154276102,0.042276402383656,1,0.824239385583441
"Hypermethylated in DIS","cg00933182",0.562469689098625,0.673362394652953,0.110892705554328,0.00310321151404769,1,0.824239385583441
"Hypermethylated in DIS","cg01076459",0.679665891991349,0.820249931071135,0.140584039079786,0.0108498485281869,1,0.824239385583441
"Hypermethylated in DIS","cg01109337",0.355200322154252,0.573391907526296,0.218191585372044,0.0102211912011152,1,0.824239385583441
"Hypermethylated in DIS","cg01242676",0.333429620375809,0.435342039526847,0.101912419151039,0.0279524772004029,1,0.824239385583441
"Hypermethylated in DIS","cg01292846",0.641127371532147,0.806065582252354,0.164938210720207,0.00564886999636345,1,0.824239385583441
"Hypermethylated in DIS","cg01405107",0.576074212033419,0.759385793589548,0.18331158155613,0.00666356031269206,1,0.824239385583441
"Hypermethylated in DIS","cg01419914",0.594130999194697,0.745985402891185,0.151854403696487,0.0149749753622136,1,0.824239385583441
"Hypermethylated in DIS","cg01440864",0.677057099316135,0.789097435286319,0.112040335970185,0.00633140202031339,1,0.824239385583441
"Hypermethylated in DIS","cg01681525",0.455420994864458,0.601370731795608,0.145949736931149,0.00214938169923111,1,0.824239385583441
"Hypermethylated in DIS","cg02254574",0.346587638160977,0.450129385307657,0.10354174714668,0.0489249453103765,1,0.824239385583441
"Hypermethylated in DIS","cg02376827",0.44486909428888,0.561204914779966,0.116335820491086,0.014619995791875,1,0.824239385583441
"Hypermethylated in DIS","cg02482346",0.402504985352916,0.511318605519087,0.108813620166171,0.0248058889638157,1,0.824239385583441
"Hypermethylated in DIS","cg02550691",0.172188909422271,0.306801602229091,0.13461269280682,0.0267728591693407,1,0.824239385583441
"Hypermethylated in DIS","cg02736908",0.659540641794966,0.806936810706598,0.147396168911632,0.00256344878170719,1,0.824239385583441
"Hypermethylated in DIS","cg03808007",0.560869691605776,0.706254703023385,0.145385011417609,0.0200479320278637,1,0.824239385583441
"Hypermethylated in DIS","cg03809847",0.192146799918326,0.350812791854958,0.158665991936631,0.016244037218866,1,0.824239385583441
"Hypermethylated in DIS","cg03989507",0.585904132535061,0.756755298000058,0.170851165464997,0.00931539253529026,1,0.824239385583441
"Hypermethylated in DIS","cg04069472",0.166221141433548,0.322325706373921,0.156104564940373,0.0300492192375379,1,0.824239385583441
"Hypermethylated in DIS","cg04106389",0.336099336036585,0.463039486048774,0.126940150012188,0.0175946916764767,1,0.824239385583441
"Hypermethylated in DIS","cg04156850",0.231062811691731,0.361588544849882,0.130525733158151,0.00357109514458027,1,0.824239385583441
"Hypermethylated in DIS","cg04413853",0.701701511033661,0.840668185124365,0.138966674090705,0.0152520705267692,1,0.824239385583441
"Hypermethylated in DIS","cg04521626",0.3119830067846,0.423080813404782,0.111097806620182,0.0223650632846032,1,0.824239385583441
"Hypermethylated in DIS","cg04891961",0.334927649763285,0.46218489733057,0.127257247567285,0.0145330164997257,1,0.824239385583441
"Hypermethylated in DIS","cg05266836",0.640093341917683,0.799557545579493,0.15946420366181,0.0324253920344831,1,0.824239385583441
"Hypermethylated in DIS","cg05292986",0.697204845133597,0.797908365996848,0.100703520863251,0.0100242419378035,1,0.824239385583441
"Hypermethylated in DIS","cg05364567",0.252314295652374,0.416803593976653,0.164489298324279,0.0226583146880112,1,0.824239385583441
"Hypermethylated in DIS","cg05550893",0.427740686407965,0.572941732148302,0.145201045740337,0.00102109158298176,1,0.824239385583441
"Hypermethylated in DIS","cg05765580",0.385824008611321,0.489897857489603,0.104073848878282,0.0251842385497206,1,0.824239385583441
"Hypermethylated in DIS","cg05951202",0.570454032780705,0.711132920196915,0.14067888741621,0.0372350672592033,1,0.824239385583441
"Hypermethylated in DIS","cg05990312",0.46250812872249,0.588811820423928,0.126303691701437,0.0499842976308237,1,0.824239385583441
"Hypermethylated in DIS","cg06444025",0.160912177046248,0.300864420687322,0.139952243641074,0.0108134136441656,1,0.824239385583441
"Hypermethylated in DIS","cg06496641",0.398295408869189,0.526972276902522,0.128676868033332,0.0154392723392913,1,0.824239385583441
"Hypermethylated in DIS","cg06711380",0.376288281091112,0.489028157776212,0.112739876685099,0.00247790391321078,1,0.824239385583441
"Hypermethylated in DIS","cg06809326",0.71025186862453,0.89035925198008,0.18010738335555,0.0409360903402582,1,0.824239385583441
"Hypermethylated in DIS","cg06949812",0.459007568453943,0.621482275739498,0.162474707285555,0.0104928069161299,1,0.824239385583441
"Hypermethylated in DIS","cg07061728",0.1566649287694,0.265828165291486,0.109163236522086,0.00384628837380639,1,0.824239385583441
"Hypermethylated in DIS","cg07391831",0.387839332533559,0.54610781663635,0.158268484102791,0.0363639477497362,1,0.824239385583441
"Hypermethylated in DIS","cg07435331",0.555725531561958,0.698640176825879,0.142914645263921,0.0183588289142353,1,0.824239385583441
"Hypermethylated in DIS","cg07464674",0.406738185559121,0.513200382964991,0.10646219740587,0.0250416420419436,1,0.824239385583441
"Hypermethylated in DIS","cg07618085",0.613296671403575,0.76877090532582,0.155474233922244,0.00972207233283417,1,0.824239385583441
"Hypermethylated in DIS","cg07925670",0.436569598801601,0.746314306655807,0.309744707854206,0.00470024309746764,1,0.824239385583441
"Hypermethylated in DIS","cg08002151",0.402673340153208,0.535021695038304,0.132348354885095,0.0185382256361772,1,0.824239385583441
"Hypermethylated in DIS","cg08076044",0.218568630370534,0.322450139201199,0.103881508830665,0.00517226474704707,1,0.824239385583441
"Hypermethylated in DIS","cg08288433",0.678072298579955,0.850371421469942,0.172299122889987,0.0279702410533646,1,0.824239385583441
"Hypermethylated in DIS","cg08358943",0.588874131394055,0.726549657856356,0.137675526462301,0.0114604062620722,1,0.824239385583441
"Hypermethylated in DIS","cg08388455",0.40594184711449,0.532627712473162,0.126685865358671,0.0165323538292944,1,0.824239385583441
"Hypermethylated in DIS","cg08458692",0.729764234343437,0.889645399910745,0.159881165567308,0.0158619592966134,1,0.824239385583441
"Hypermethylated in DIS","cg08932654",0.489768015608471,0.631372181075692,0.141604165467221,0.0127903349213447,1,0.824239385583441
"Hypermethylated in DIS","cg09014329",0.198106769304121,0.543187376946564,0.345080607642443,0.00957537250362344,1,0.824239385583441
"Hypermethylated in DIS","cg09304587",0.59192943337061,0.698085396731263,0.106155963360653,0.0189607478030488,1,0.824239385583441
"Hypermethylated in DIS","cg09309269",0.408677593549143,0.520109187251142,0.111431593701999,0.0485166751394527,1,0.824239385583441
"Hypermethylated in DIS","cg09711113",0.764817991108221,0.885715033334685,0.120897042226464,0.0429152712331576,1,0.824239385583441
"Hypermethylated in DIS","cg09776463",0.394979297042883,0.52390806921309,0.128928772170206,0.00769241499900252,1,0.824239385583441
"Hypermethylated in DIS","cg09841001",0.206467765209235,0.348777651248344,0.142309886039109,0.0186869301151642,1,0.824239385583441
"Hypermethylated in DIS","cg09879253",0.691178217211946,0.807056795966031,0.115878578754085,0.00785115239165833,1,0.824239385583441
"Hypermethylated in DIS","cg10000250",0.578682113146754,0.691824937419843,0.113142824273089,0.0179252056850978,1,0.824239385583441
"Hypermethylated in DIS","cg10053622",0.763254563573997,0.894019352687513,0.130764789113517,0.0399296427687191,1,0.824239385583441
"Hypermethylated in DIS","cg10116893",0.281747894208351,0.418216752184829,0.136468857976478,0.0497082816176332,1,0.824239385583441
"Hypermethylated in DIS","cg10166044",0.185089567102509,0.369106771633081,0.184017204530571,0.00169955475912388,1,0.824239385583441
"Hypermethylated in DIS","cg10237252",0.476669357684385,0.647630150429368,0.170960792744983,0.0334115364266941,1,0.824239385583441
"Hypermethylated in DIS","cg10600889",0.304345872303375,0.499037205118602,0.194691332815227,0.0177633566242146,1,0.824239385583441
"Hypermethylated in DIS","cg11101926",0.320573776783644,0.424890854960241,0.104317078176597,0.0335680374714077,1,0.824239385583441
"Hypermethylated in DIS","cg11177833",0.311679860930352,0.421399504006755,0.109719643076403,0.0169919069116332,1,0.824239385583441
"Hypermethylated in DIS","cg11255208",0.606482800030135,0.710195241115302,0.103712441085167,0.00319666882543347,1,0.824239385583441
"Hypermethylated in DIS","cg11758793",0.586791304331943,0.756866381095815,0.170075076763872,0.0318067456003275,1,0.824239385583441
"Hypermethylated in DIS","cg12349832",0.404196574415299,0.58159765600707,0.177401081591772,0.00604321176096568,1,0.824239385583441
"Hypermethylated in DIS","cg12448933",0.139057303157376,0.259344318590988,0.120287015433612,0.0411969588983716,1,0.824239385583441
"Hypermethylated in DIS","cg12457451",0.180764747268715,0.304359216700778,0.123594469432063,0.0409592490728926,1,0.824239385583441
"Hypermethylated in DIS","cg12544557",0.521194597228454,0.644335809207892,0.123141211979438,0.0164465563795401,1,0.824239385583441
"Hypermethylated in DIS","cg12732514",0.0663915648158573,0.263671282725457,0.197279717909599,0.00186025243097861,1,0.824239385583441
"Hypermethylated in DIS","cg13777783",0.760079135411477,0.871695346196777,0.1116162107853,0.00964844379479246,1,0.824239385583441
"Hypermethylated in DIS","cg13916835",0.630376842293295,0.788027515501691,0.157650673208396,0.0132673558926787,1,0.824239385583441
"Hypermethylated in DIS","cg14001750",0.293257408045973,0.63815316228136,0.344895754235387,0.0335365690659736,1,0.824239385583441
"Hypermethylated in DIS","cg14501219",0.592682841996813,0.734542921250607,0.141860079253794,0.0356329173669212,1,0.824239385583441
"Hypermethylated in DIS","cg14782678",0.493765447378752,0.644465333002095,0.150699885623343,0.00101341496744159,1,0.824239385583441
"Hypermethylated in DIS","cg14853974",0.580462338805408,0.697515004443671,0.117052665638264,0.0490353053542074,1,0.824239385583441
"Hypermethylated in DIS","cg14918082",0.306735493443183,0.644162194954905,0.337426701511722,0.00214159033714489,1,0.824239385583441
"Hypermethylated in DIS","cg14999189",0.611976219958145,0.772234728576943,0.160258508618798,0.0160191977343337,1,0.824239385583441
"Hypermethylated in DIS","cg15030415",0.591009479634611,0.773896359714246,0.182886880079635,0.0317106702586999,1,0.824239385583441
"Hypermethylated in DIS","cg15249796",0.367066618281977,0.611614576926342,0.244547958644365,0.00402060366535544,1,0.824239385583441
"Hypermethylated in DIS","cg15660077",0.32915276662763,0.454151975806051,0.12499920917842,0.0132846112630808,1,0.824239385583441
"Hypermethylated in DIS","cg16530382",0.193627397477397,0.398360993632862,0.204733596155465,0.0101263137536586,1,0.824239385583441
"Hypermethylated in DIS","cg16611584",0.566075408898272,0.769260046917116,0.203184638018844,0.00120180447790528,1,0.824239385583441
"Hypermethylated in DIS","cg16880424",0.188855480734429,0.342386379585172,0.153530898850742,0.0211626451427576,1,0.824239385583441
"Hypermethylated in DIS","cg16893174",0.351233145960692,0.491598545609945,0.140365399649253,0.0436396189455108,1,0.824239385583441
"Hypermethylated in DIS","cg16987606",0.313435465833725,0.451548468328837,0.138113002495112,0.0239813243640087,1,0.824239385583441
"Hypermethylated in DIS","cg16988970",0.482199724876789,0.613123514519239,0.13092378964245,0.0081249463459288,1,0.824239385583441
"Hypermethylated in DIS","cg17332379",0.652199731364688,0.787386000130965,0.135186268766278,0.0435777608406353,1,0.824239385583441
"Hypermethylated in DIS","cg17353900",0.458851526196783,0.591302677270716,0.132451151073933,0.0230050821042198,1,0.824239385583441
"Hypermethylated in DIS","cg17579753",0.402226166304587,0.528448194750027,0.12622202844544,0.0182153456367378,1,0.824239385583441
"Hypermethylated in DIS","cg17840858",0.334168246499515,0.438478129066027,0.104309882566512,0.0206113672038948,1,0.824239385583441
"Hypermethylated in DIS","cg17861836",0.257109655110509,0.568799007111081,0.311689352000572,0.00540302922965689,1,0.824239385583441
"Hypermethylated in DIS","cg18091083",0.273166700589373,0.378232321273504,0.10506562068413,0.0243939110418404,1,0.824239385583441
"Hypermethylated in DIS","cg18312782",0.156833064448427,0.298973795695036,0.142140731246609,0.00434480071158601,1,0.824239385583441
"Hypermethylated in DIS","cg18638251",0.645464491046861,0.783522086938955,0.138057595892094,0.0441296408356966,1,0.824239385583441
"Hypermethylated in DIS","cg18881501",0.290595489531213,0.395090866602792,0.104495377071579,0.0384520833916555,1,0.824239385583441
"Hypermethylated in DIS","cg19091902",0.721382379337596,0.827063430802098,0.105681051464501,0.0195182034928074,1,0.824239385583441
"Hypermethylated in DIS","cg19169154",0.432067770040525,0.612682161721833,0.180614391681308,0.00603164307627809,1,0.824239385583441
"Hypermethylated in DIS","cg19466160",0.402681222946318,0.579795115631854,0.177113892685536,0.0091840338240842,1,0.824239385583441
"Hypermethylated in DIS","cg20699780",0.731571833187692,0.928752565554896,0.197180732367204,0.000525667937561653,1,0.824239385583441
"Hypermethylated in DIS","cg20795913",0.693170481313002,0.798219222856029,0.105048741543028,0.0241555682306905,1,0.824239385583441
"Hypermethylated in DIS","cg20995835",0.634605726513711,0.88185152661118,0.247245800097469,0.000912121509683028,1,0.824239385583441
"Hypermethylated in DIS","cg21038703",0.714452252396504,0.851996601120923,0.137544348724418,0.00667675157443683,1,0.824239385583441
"Hypermethylated in DIS","cg21085035",0.283265524010894,0.400590433443907,0.117324909433012,0.0357795753288539,1,0.824239385583441
"Hypermethylated in DIS","cg21238619",0.613060727499138,0.747518754549219,0.134458027050081,0.00727772788590264,1,0.824239385583441
"Hypermethylated in DIS","cg21468274",0.741525182021474,0.875828793090982,0.134303611069509,0.0124931005872487,1,0.824239385583441
"Hypermethylated in DIS","cg21767759",0.410946675918368,0.781484278299839,0.370537602381471,0.000534086460372365,1,0.824239385583441
"Hypermethylated in DIS","cg21809624",0.591706787167059,0.698478756656211,0.106771969489152,0.0124052397142365,1,0.824239385583441
"Hypermethylated in DIS","cg21969795",0.744450483540333,0.86662872685368,0.122178243313348,0.0117271932604083,1,0.824239385583441
"Hypermethylated in DIS","cg21980100",0.35493853986034,0.489448717241141,0.134510177380802,0.043689499075737,1,0.824239385583441
"Hypermethylated in DIS","cg22430861",0.274398564946492,0.481933242528958,0.207534677582466,0.0184366778059721,1,0.824239385583441
"Hypermethylated in DIS","cg22516161",0.497611580878807,0.733892513913284,0.236280933034476,0.0110775156410528,1,0.824239385583441
"Hypermethylated in DIS","cg22533683",0.547832200955544,0.743015154481359,0.195182953525815,0.00112065798129848,1,0.824239385583441
"Hypermethylated in DIS","cg22570042",0.657757233006904,0.859369160099643,0.201611927092739,0.0441553266035387,1,0.824239385583441
"Hypermethylated in DIS","cg22632947",0.441775015382963,0.637857939763105,0.196082924380142,0.000125543224389077,1,0.824239385583441
"Hypermethylated in DIS","cg22998028",0.479937466441864,0.60027939537684,0.120341928934975,0.0124702891401401,1,0.824239385583441
"Hypermethylated in DIS","cg23349301",0.500722309330263,0.65886959326261,0.158147283932347,0.0177774164115208,1,0.824239385583441
"Hypermethylated in DIS","cg23404330",0.793187084888301,0.904040486478552,0.110853401590251,0.0460600521192981,1,0.824239385583441
"Hypermethylated in DIS","cg23567690",0.693949837361939,0.826022894840916,0.132073057478977,0.0433489661807195,1,0.824239385583441
"Hypermethylated in DIS","cg23601515",0.716691132837025,0.836339794755619,0.119648661918594,0.028133501325462,1,0.824239385583441
"Hypermethylated in DIS","cg23602058",0.40665627343323,0.840004296301067,0.433348022867838,0.000400738199137841,1,0.824239385583441
"Hypermethylated in DIS","cg23651872",0.491535605790869,0.64039112986126,0.148855524070391,0.00406011975719295,1,0.824239385583441
"Hypermethylated in DIS","cg23715667",0.283834402975725,0.388530027471446,0.104695624495721,0.0236764200388182,1,0.824239385583441
"Hypermethylated in DIS","cg23791626",0.747971876667151,0.853052550584625,0.105080673917473,0.0205373194484359,1,0.824239385583441
"Hypermethylated in DIS","cg23945265",0.452721046659193,0.577678383777767,0.124957337118574,0.00605781020984594,1,0.824239385583441
"Hypermethylated in DIS","cg23965214",0.271847771107551,0.405394967367464,0.133547196259914,0.0150602785685289,1,0.824239385583441
"Hypermethylated in DIS","cg24085707",0.425257178631613,0.54189815567224,0.116640977040626,0.00894670520879067,1,0.824239385583441
"Hypermethylated in DIS","cg24182328",0.14829311302826,0.248431246144812,0.100138133116552,0.044901349384692,1,0.824239385583441
"Hypermethylated in DIS","cg24414344",0.617470158670485,0.723379330378969,0.105909171708484,0.00927490090269798,1,0.824239385583441
"Hypermethylated in DIS","cg24550880",0.433500188858803,0.552433681474959,0.118933492616156,0.00167453844451469,1,0.824239385583441
"Hypermethylated in DIS","cg24849091",0.692842816977312,0.796202559343593,0.103359742366281,0.0231259589505277,1,0.824239385583441
"Hypermethylated in DIS","cg24930536",0.726644481884424,0.875861462098299,0.149216980213875,0.0136384951895023,1,0.824239385583441
"Hypermethylated in DIS","cg25215834",0.572300838317028,0.706058291609006,0.133757453291978,0.0220354249747944,1,0.824239385583441
"Hypermethylated in DIS","cg25844133",0.270624825695464,0.485760126567216,0.215135300871752,0.0233652521809458,1,0.824239385583441
"Hypermethylated in DIS","cg25877299",0.554589889635078,0.688626542384591,0.134036652749514,0.0087784560524361,1,0.824239385583441
"Hypermethylated in DIS","cg25890092",0.556537769537841,0.670155329517039,0.113617559979197,0.00183641847265076,1,0.824239385583441
"Hypermethylated in DIS","cg25893857",0.515244222602856,0.674197976948611,0.158953754345755,0.0294245860443609,1,0.824239385583441
"Hypermethylated in DIS","cg26118142",0.307960561385009,0.416692474886524,0.108731913501515,0.0323978605678493,1,0.824239385583441
"Hypermethylated in DIS","cg26740942",0.10388441092548,0.2636790314196,0.15979462049412,0.00694684838383762,1,0.824239385583441
"Hypermethylated in DIS","cg26771557",0.443775372976462,0.559550579748647,0.115775206772184,0.0416842847330226,1,0.824239385583441
"Hypermethylated in DIS","cg26893861",0.125334955323187,0.444087383656053,0.318752428332866,0.0392130613239815,1,0.824239385583441
"Hypermethylated in DIS","cg27162435",0.391705760028941,0.747012635250991,0.35530687522205,0.00666253695094954,1,0.824239385583441
"Hypermethylated in DIS","cg27492942",0.524093515811017,0.626631751181267,0.102538235370251,0.010672325015081,1,0.824239385583441
"Hypermethylated in DIS","cg00918181",0.149143900973243,0.266841068431441,0.117697167458198,0.0195998202384329,1,0.824239385583441
"Hypermethylated in DIS","cg01277438",0.451596177514793,0.570345063906841,0.118748886392048,0.0401710460513112,1,0.824239385583441
"Hypermethylated in DIS","cg02755938",0.286584647472328,0.389857894274681,0.103273246802354,0.0463981059885734,1,0.824239385583441
"Hypermethylated in DIS","cg03162994",0.719490208700202,0.857670879715737,0.138180671015535,0.0409509124833508,1,0.824239385583441
"Hypermethylated in DIS","cg04727522",0.586697738552746,0.719007316572569,0.132309578019823,0.0251276294556795,1,0.824239385583441
"Hypermethylated in DIS","cg04756515",0.697570823838125,0.876640065660879,0.179069241822754,0.034645826756915,1,0.824239385583441
"Hypermethylated in DIS","cg05855948",0.303060710724613,0.57441947823363,0.271358767509017,0.000762495885844247,1,0.824239385583441
"Hypermethylated in DIS","cg07164161",0.354859898418113,0.559285602489658,0.204425704071545,0.0433691562457887,1,0.824239385583441
"Hypermethylated in DIS","cg07433769",0.750610502836391,0.853375257452377,0.102764754615986,0.0458235362539433,1,0.824239385583441
"Hypermethylated in DIS","cg07851192",0.807257495083545,0.920337618605573,0.113080123522027,0.00700010801830953,1,0.824239385583441
"Hypermethylated in DIS","cg11950360",0.575661853478463,0.68676649946801,0.111104645989547,0.0313782510464902,1,0.824239385583441
"Hypermethylated in DIS","cg13249244",0.652561890738179,0.770103362565904,0.117541471827725,0.0339886982300706,1,0.824239385583441
"Hypermethylated in DIS","cg13824991",0.728996361605791,0.846275329270596,0.117278967664805,0.025914249749177,1,0.824239385583441
"Hypermethylated in DIS","cg14395744",0.670024785717286,0.855456953974508,0.185432168257221,0.0162236538152072,1,0.824239385583441
"Hypermethylated in DIS","cg16547027",0.249017840702116,0.400680780464969,0.151662939762853,0.00486594715805161,1,0.824239385583441
"Hypermethylated in DIS","cg18530324",0.690598463178533,0.813363011735564,0.122764548557031,0.0466997907437171,1,0.824239385583441
"Hypermethylated in DIS","cg18774642",0.179701031575743,0.289943462471715,0.110242430895972,0.0423670487715967,1,0.824239385583441
"Hypermethylated in DIS","cg21894287",0.723561179940855,0.906651240393026,0.183090060452172,0.0434604870936879,1,0.824239385583441
"Hypermethylated in DIS","cg22332722",0.329392668202219,0.703834338328478,0.374441670126259,0.000960438390451997,1,0.824239385583441
"Hypermethylated in DIS","cg23757461",0.165178676518,0.268105258233889,0.102926581715889,0.00913557254356098,1,0.824239385583441
"Hypermethylated in DIS","cg24425316",0.336897096857067,0.501540841705667,0.1646437448486,0.00628966810959289,1,0.824239385583441
"Hypermethylated in DIS","cg24893509",0.644181900762618,0.752669108423038,0.10848720766042,0.0353847703676713,1,0.824239385583441
"Hypermethylated in DIS","cg25043559",0.393607872246534,0.525030981498783,0.131423109252249,0.0129626955279467,1,0.824239385583441
"Hypermethylated in DIS","cg25203286",0.375391264251906,0.477214836885074,0.101823572633169,0.0143740217292718,1,0.824239385583441
"Hypermethylated in DIS","cg00286125",0.134543185830444,0.259789064124671,0.125245878294227,0.00206868251980164,1,0.824239385583441
"Hypermethylated in DIS","cg00319912",0.497001064874396,0.650458620033278,0.153457555158883,0.00337804740038201,1,0.824239385583441
"Hypermethylated in DIS","cg00449201",0.686117448689817,0.818550084690708,0.132432636000891,0.0348060709660012,1,0.824239385583441
"Hypermethylated in DIS","cg00478479",0.229528125361579,0.558404811265561,0.328876685903982,0.00812618934471999,1,0.824239385583441
"Hypermethylated in DIS","cg00774375",0.530498125529337,0.646152004948017,0.115653879418681,0.00365527691155366,1,0.824239385583441
"Hypermethylated in DIS","cg00879218",0.63403892220426,0.804545732995524,0.170506810791264,0.000562114713612874,1,0.824239385583441
"Hypermethylated in DIS","cg01695406",0.742553437550328,0.879292618630615,0.136739181080287,0.0346176867053847,1,0.824239385583441
"Hypermethylated in DIS","cg02045294",0.627810625081319,0.786183978047911,0.158373352966591,0.0014207144598268,1,0.824239385583441
"Hypermethylated in DIS","cg02131995",0.503583780451686,0.636186348364923,0.132602567913238,0.00946377163594455,1,0.824239385583441
"Hypermethylated in DIS","cg02218324",0.374501498063571,0.572909962749671,0.1984084646861,0.0044225442193709,1,0.824239385583441
"Hypermethylated in DIS","cg02349373",0.673176369729222,0.811698879574439,0.138522509845218,0.00736169585278905,1,0.824239385583441
"Hypermethylated in DIS","cg02421734",0.535229724611174,0.655942968302933,0.120713243691759,0.0150111178822394,1,0.824239385583441
"Hypermethylated in DIS","cg02452418",0.119641850711255,0.3694882451369,0.249846394425645,0.0298627604390586,1,0.824239385583441
"Hypermethylated in DIS","cg02468728",0.285683195059308,0.473531807949474,0.187848612890166,0.00117898827970527,1,0.824239385583441
"Hypermethylated in DIS","cg02596089",0.666366476102391,0.780989648257679,0.114623172155288,0.0304272545830279,1,0.824239385583441
"Hypermethylated in DIS","cg02672759",0.768983993160847,0.872707830223006,0.103723837062158,0.00862755777325804,1,0.824239385583441
"Hypermethylated in DIS","cg02674804",0.777126958973575,0.877853375270496,0.10072641629692,0.00967285277368433,1,0.824239385583441
"Hypermethylated in DIS","cg02804100",0.145242273319573,0.267794356044246,0.122552082724672,0.0127924604534043,1,0.824239385583441
"Hypermethylated in DIS","cg03097995",0.528631736166747,0.700434391315341,0.171802655148594,0.0425610012268248,1,0.824239385583441
"Hypermethylated in DIS","cg03357547",0.744797545767341,0.863562264631733,0.118764718864392,0.0258105219802748,1,0.824239385583441
"Hypermethylated in DIS","cg03598159",0.156256424791897,0.387181948288872,0.230925523496975,0.000119078341573836,1,0.824239385583441
"Hypermethylated in DIS","cg03621001",0.588509998278548,0.78182845800947,0.193318459730921,0.00308086811662868,1,0.824239385583441
"Hypermethylated in DIS","cg03715305",0.679483970940862,0.806632783254088,0.127148812313226,0.042129458875483,1,0.824239385583441
"Hypermethylated in DIS","cg03770646",0.690477991627161,0.802711618556258,0.112233626929098,0.0221201640213841,1,0.824239385583441
"Hypermethylated in DIS","cg04362853",0.386102189596961,0.486167617669305,0.100065428072344,0.0194524486784861,1,0.824239385583441
"Hypermethylated in DIS","cg04664161",0.22477636911642,0.332876085861648,0.108099716745228,0.00517488950286128,1,0.824239385583441
"Hypermethylated in DIS","cg04685865",0.410752768850936,0.536307761542489,0.125554992691554,0.00133783824405816,1,0.824239385583441
"Hypermethylated in DIS","cg04743883",0.485278838961652,0.6214217270599,0.136142888098248,0.0276169714262442,1,0.824239385583441
"Hypermethylated in DIS","cg04770751",0.370919381371828,0.516890391580787,0.145971010208959,0.00234807225520399,1,0.824239385583441
"Hypermethylated in DIS","cg05261702",0.321660988298344,0.424835520368904,0.10317453207056,0.0190149714946074,1,0.824239385583441
"Hypermethylated in DIS","cg05304361",0.651799984142895,0.806612759233894,0.154812775090999,0.0102468484015617,1,0.824239385583441
"Hypermethylated in DIS","cg05317207",0.161903045516089,0.43792859545767,0.276025549941581,0.0207698835266491,1,0.824239385583441
"Hypermethylated in DIS","cg05696092",0.517975424819431,0.671775852771608,0.153800427952177,0.000143609167436475,1,0.824239385583441
"Hypermethylated in DIS","cg06116236",0.349142623492991,0.513466237380457,0.164323613887467,0.00928252860716103,1,0.824239385583441
"Hypermethylated in DIS","cg06307939",0.773025502780751,0.917376709972946,0.144351207192196,0.023295329569399,1,0.824239385583441
"Hypermethylated in DIS","cg06328724",0.341455484891499,0.465695171914061,0.124239687022562,0.00332412100277559,1,0.824239385583441
"Hypermethylated in DIS","cg06399029",0.479583341314983,0.59818512966119,0.118601788346207,0.0152955641236976,1,0.824239385583441
"Hypermethylated in DIS","cg06646588",0.646742016248194,0.75430837364054,0.107566357392346,0.0451668362291447,1,0.824239385583441
"Hypermethylated in DIS","cg06862049",0.647431237800355,0.759142096878352,0.111710859077997,0.0293070161338947,1,0.824239385583441
"Hypermethylated in DIS","cg06896207",0.260622741565632,0.37310283428872,0.112480092723087,0.0110854568965195,1,0.824239385583441
"Hypermethylated in DIS","cg06957349",0.291216832024574,0.41764722960431,0.126430397579736,0.0130465507026432,1,0.824239385583441
"Hypermethylated in DIS","cg07633664",0.291934976411556,0.480818004510574,0.188883028099018,0.012306340450773,1,0.824239385583441
"Hypermethylated in DIS","cg07687554",0.184959402229946,0.325375780066264,0.140416377836318,0.00884555215982827,1,0.824239385583441
"Hypermethylated in DIS","cg07763649",0.374259550082182,0.501867551742199,0.127608001660017,0.0280530000993096,1,0.824239385583441
"Hypermethylated in DIS","cg07855456",0.711407314924632,0.872603541927375,0.161196227002743,0.00147171270698446,1,0.824239385583441
"Hypermethylated in DIS","cg07928502",0.456230509392857,0.59396358314267,0.137733073749813,0.000836994571602049,1,0.824239385583441
"Hypermethylated in DIS","cg08108966",0.160925794569409,0.273483401493966,0.112557606924557,0.036374341797569,1,0.824239385583441
"Hypermethylated in DIS","cg08140458",0.425065636958137,0.555257569207484,0.130191932249347,0.0132665004338606,1,0.824239385583441
"Hypermethylated in DIS","cg08173263",0.270181551704348,0.445795847657961,0.175614295953614,0.0166239932646382,1,0.824239385583441
"Hypermethylated in DIS","cg08310363",0.52481298942577,0.695022475846306,0.170209486420536,0.0351009439383951,1,0.824239385583441
"Hypermethylated in DIS","cg08504662",0.213196960593402,0.408575094732711,0.195378134139308,0.0305779507040209,1,0.824239385583441
"Hypermethylated in DIS","cg08562672",0.45419423091486,0.623892483453942,0.169698252539082,0.0285703585719217,1,0.824239385583441
"Hypermethylated in DIS","cg08620751",0.31802833456065,0.540015261698447,0.221986927137797,0.000329319210929991,1,0.824239385583441
"Hypermethylated in DIS","cg09247459",0.133880423474879,0.240134463794795,0.106254040319917,0.0172049795345479,1,0.824239385583441
"Hypermethylated in DIS","cg09554406",0.457294080659726,0.743748320919195,0.286454240259469,0.00900653715572836,1,0.824239385583441
"Hypermethylated in DIS","cg09581940",0.671149748861822,0.779044041680007,0.107894292818184,0.00171207395186185,1,0.824239385583441
"Hypermethylated in DIS","cg10495207",0.319854576036659,0.451666532072459,0.1318119560358,0.00552885034233927,1,0.824239385583441
"Hypermethylated in DIS","cg10503234",0.376539142821112,0.51697775195295,0.140438609131838,0.000239344648991148,1,0.824239385583441
"Hypermethylated in DIS","cg10599948",0.435256105823855,0.568985835038298,0.133729729214443,0.00469384112089429,1,0.824239385583441
"Hypermethylated in DIS","cg10669058",0.401097020050294,0.629818454492001,0.228721434441707,0.0126069330116038,1,0.824239385583441
"Hypermethylated in DIS","cg10831725",0.822905342004259,0.925063735360166,0.102158393355906,0.0161986510817032,1,0.824239385583441
"Hypermethylated in DIS","cg10951975",0.164722213768788,0.349219884737642,0.184497670968854,0.0201190108681145,1,0.824239385583441
"Hypermethylated in DIS","cg11199014",0.742363725449209,0.869940088893498,0.127576363444289,0.0401348579388582,1,0.824239385583441
"Hypermethylated in DIS","cg11232448",0.649510540566569,0.770150150827174,0.120639610260605,0.0299774765784279,1,0.824239385583441
"Hypermethylated in DIS","cg11430371",0.349384612056404,0.531639702390607,0.182255090334203,0.0404245591028133,1,0.824239385583441
"Hypermethylated in DIS","cg11446693",0.491816224374141,0.681355953757728,0.189539729383587,0.0151704259546076,1,0.824239385583441
"Hypermethylated in DIS","cg11724366",0.28257860956882,0.524272618730305,0.241694009161485,0.00203595030760917,1,0.824239385583441
"Hypermethylated in DIS","cg13344344",0.391220992318192,0.499719940276676,0.108498947958484,0.0216758932113202,1,0.824239385583441
"Hypermethylated in DIS","cg13350173",0.493110923542931,0.613120826370873,0.120009902827941,0.0198628786153993,1,0.824239385583441
"Hypermethylated in DIS","cg13382072",0.176496417781804,0.469738803325706,0.293242385543902,0.000193285733508086,1,0.824239385583441
"Hypermethylated in DIS","cg13749314",0.626065337382271,0.747256883546718,0.121191546164447,0.0191590745992228,1,0.824239385583441
"Hypermethylated in DIS","cg14184886",0.493850561900071,0.629119580174659,0.135269018274588,0.0304865394288892,1,0.824239385583441
"Hypermethylated in DIS","cg14218481",0.621491749217733,0.792617806167407,0.171126056949675,0.0230844059580316,1,0.824239385583441
"Hypermethylated in DIS","cg14222245",0.491102335613009,0.794045929492417,0.302943593879408,0.00109000403845134,1,0.824239385583441
"Hypermethylated in DIS","cg14325661",0.659805627903522,0.832853708957243,0.173048081053721,0.038417618145033,1,0.824239385583441
"Hypermethylated in DIS","cg14884932",0.745335678368256,0.878356372196973,0.133020693828717,0.00519189005417057,1,0.824239385583441
"Hypermethylated in DIS","cg14887613",0.391876180430747,0.554080095821135,0.162203915390389,0.00464660837929333,1,0.824239385583441
"Hypermethylated in DIS","cg15046935",0.0706941364991193,0.17270343499834,0.10200929849922,0.00677459729342699,1,0.824239385583441
"Hypermethylated in DIS","cg15047026",0.317984350811848,0.461031276762556,0.143046925950708,0.0381822118513581,1,0.824239385583441
"Hypermethylated in DIS","cg15078122",0.627671252298636,0.737486648411631,0.109815396112995,0.0374106412415141,1,0.824239385583441
"Hypermethylated in DIS","cg15195495",0.230052403436319,0.487838750164417,0.257786346728098,0.00140856204290378,1,0.824239385583441
"Hypermethylated in DIS","cg15660498",0.522330008242817,0.653594233540194,0.131264225297378,0.0378443085836931,1,0.824239385583441
"Hypermethylated in DIS","cg15691140",0.108871857583327,0.213756292210704,0.104884434627377,0.0250144990863572,1,0.824239385583441
"Hypermethylated in DIS","cg15834814",0.447415318013124,0.565805832728397,0.118390514715272,0.041421303039489,1,0.824239385583441
"Hypermethylated in DIS","cg16519742",0.660258410078649,0.824206593381411,0.163948183302762,0.00563708495135702,1,0.824239385583441
"Hypermethylated in DIS","cg16547341",0.482811565801214,0.625755124660461,0.142943558859246,0.0245772945952979,1,0.824239385583441
"Hypermethylated in DIS","cg16749456",0.719597939190063,0.914136201703969,0.194538262513906,0.0420899279083355,1,0.824239385583441
"Hypermethylated in DIS","cg17006282",0.641741221852693,0.804902449632287,0.163161227779594,0.012208320630006,1,0.824239385583441
"Hypermethylated in DIS","cg17384457",0.534854285846336,0.639365535424518,0.104511249578182,0.0394441151665443,1,0.824239385583441
"Hypermethylated in DIS","cg17583504",0.607735849328857,0.848668272770178,0.240932423441321,0.0299314688623439,1,0.824239385583441
"Hypermethylated in DIS","cg17670646",0.511496242719074,0.621761409515598,0.110265166796524,0.0119037122408824,1,0.824239385583441
"Hypermethylated in DIS","cg17716930",0.572657666807531,0.701566184827754,0.128908518020223,0.0133501691902405,1,0.824239385583441
"Hypermethylated in DIS","cg17780447",0.599721438746348,0.721587544093756,0.121866105347408,0.0461388041927194,1,0.824239385583441
"Hypermethylated in DIS","cg18234352",0.150283367375115,0.251878570773234,0.101595203398119,0.0390368885167462,1,0.824239385583441
"Hypermethylated in DIS","cg18485720",0.252742486437536,0.420316387099376,0.16757390066184,0.0368878750301603,1,0.824239385583441
"Hypermethylated in DIS","cg18489475",0.0676514671509972,0.171286225843221,0.103634758692224,0.0163755851523761,1,0.824239385583441
"Hypermethylated in DIS","cg18700013",0.393496266305336,0.551119899368496,0.157623633063159,0.0475390820740247,1,0.824239385583441
"Hypermethylated in DIS","cg18955367",0.726273718011767,0.839815759502393,0.113542041490626,0.00720400842948304,1,0.824239385583441
"Hypermethylated in DIS","cg19051117",0.583229961293128,0.754609631367198,0.17137967007407,0.0415901079965554,1,0.824239385583441
"Hypermethylated in DIS","cg19149785",0.685881199902392,0.805250109233011,0.11936890933062,0.0399076561779342,1,0.824239385583441
"Hypermethylated in DIS","cg19340950",0.174054362558453,0.302719146631822,0.128664784073369,0.00682945864612326,1,0.824239385583441
"Hypermethylated in DIS","cg19420129",0.281331656119948,0.442797165923944,0.161465509803996,0.00495779772003812,1,0.824239385583441
"Hypermethylated in DIS","cg19492423",0.538351712250347,0.760950548414556,0.222598836164209,0.00881003272553924,1,0.824239385583441
"Hypermethylated in DIS","cg19731055",0.31961455272974,0.430637466261365,0.111022913531626,0.0219927160760381,1,0.824239385583441
"Hypermethylated in DIS","cg19831957",0.350449445925929,0.486293624518149,0.13584417859222,0.0175801951109183,1,0.824239385583441
"Hypermethylated in DIS","cg19913465",0.65897187336904,0.768721378548114,0.109749505179073,0.0376583156602682,1,0.824239385583441
"Hypermethylated in DIS","cg20017253",0.570588765959658,0.743011477074896,0.172422711115238,0.0179311787097934,1,0.824239385583441
"Hypermethylated in DIS","cg20285546",0.506756402832084,0.633034022048335,0.12627761921625,0.0306758752487197,1,0.824239385583441
"Hypermethylated in DIS","cg20606555",0.675989131862455,0.79400245205443,0.118013320191975,0.0188237520763827,1,0.824239385583441
"Hypermethylated in DIS","cg20700952",0.690922398197543,0.799706793306811,0.108784395109268,0.0277726604653247,1,0.824239385583441
"Hypermethylated in DIS","cg20727114",0.159830891987409,0.279683221688714,0.119852329701305,0.00958274315451349,1,0.824239385583441
"Hypermethylated in DIS","cg20974196",0.40115393201608,0.545538876122609,0.14438494410653,0.0435374111310011,1,0.824239385583441
"Hypermethylated in DIS","cg21177456",0.61419485134262,0.729604575862965,0.115409724520344,0.020015043262683,1,0.824239385583441
"Hypermethylated in DIS","cg21520111",0.379552068975808,0.574685300284974,0.195133231309166,0.00355470059170823,1,0.824239385583441
"Hypermethylated in DIS","cg21721681",0.379786775369438,0.577489211608777,0.197702436239339,0.00673554784372324,1,0.824239385583441
"Hypermethylated in DIS","cg22133161",0.651161613353293,0.87898150267609,0.227819889322797,0.0259928105491365,1,0.824239385583441
"Hypermethylated in DIS","cg22331740",0.639138164181057,0.804675806887297,0.16553764270624,0.00560878153305099,1,0.824239385583441
"Hypermethylated in DIS","cg22580935",0.318516901959397,0.436365894743712,0.117848992784315,0.0305200167407076,1,0.824239385583441
"Hypermethylated in DIS","cg22603569",0.604918020580507,0.771039118510709,0.166121097930202,0.0251968143364105,1,0.824239385583441
"Hypermethylated in DIS","cg22759185",0.635230429166364,0.775793839107197,0.140563409940833,0.0137332760565312,1,0.824239385583441
"Hypermethylated in DIS","cg23258940",0.65116753849811,0.796832543009741,0.14566500451163,0.0195713370999603,1,0.824239385583441
"Hypermethylated in DIS","cg23260026",0.594678703890239,0.715697452049277,0.121018748159038,0.0054387977118037,1,0.824239385583441
"Hypermethylated in DIS","cg23371413",0.678784060044906,0.820146637476676,0.14136257743177,0.0355040642458337,1,0.824239385583441
"Hypermethylated in DIS","cg23397216",0.615408823424032,0.774534014485543,0.159125191061511,0.0364520659921562,1,0.824239385583441
"Hypermethylated in DIS","cg23867647",0.675180030768477,0.80330914786966,0.128129117101183,0.00673446596201758,1,0.824239385583441
"Hypermethylated in DIS","cg24035928",0.715047900165844,0.83701698023692,0.121969080071075,0.0316663996148391,1,0.824239385583441
"Hypermethylated in DIS","cg24167747",0.601777618406271,0.806538141274876,0.204760522868605,0.00681630357489418,1,0.824239385583441
"Hypermethylated in DIS","cg25279553",0.697353610474957,0.797577809614534,0.100224199139577,0.038472143727887,1,0.824239385583441
"Hypermethylated in DIS","cg25741533",0.0947766640199119,0.278951367108486,0.184174703088574,0.00461732611908417,1,0.824239385583441
"Hypermethylated in DIS","cg25765464",0.72351981755605,0.857332139502958,0.133812321946908,0.0312723598959126,1,0.824239385583441
"Hypermethylated in DIS","cg26151999",0.346447113678716,0.494261106748035,0.147813993069319,0.0262029339968625,1,0.824239385583441
"Hypermethylated in DIS","cg26441372",0.0753574802098178,0.256800498873011,0.181443018663193,0.0209783183491274,1,0.824239385583441
"Hypermethylated in DIS","cg26655517",0.323124149702793,0.536196318360455,0.213072168657662,0.0216525839614195,1,0.824239385583441
"Hypermethylated in DIS","cg26706163",0.775182771218189,0.907392431260487,0.132209660042297,0.026093133234066,1,0.824239385583441
"Hypermethylated in DIS","cg26741350",0.415659293475105,0.552614543916957,0.136955250441852,0.0285695070776898,1,0.824239385583441
"Hypermethylated in DIS","cg27027478",0.480743729001694,0.683375595018975,0.202631866017282,0.00136136140608655,1,0.824239385583441
"Hypermethylated in DIS","cg27176357",0.63900814262476,0.754547234281566,0.115539091656805,0.00193364772151365,1,0.824239385583441
"Hypermethylated in DIS","cg01610728",0.15554472004856,0.255785818347558,0.100241098298998,0.0191495572963095,1,0.824239385583441
"Hypermethylated in DIS","cg01901788",0.516388642609785,0.773580776675073,0.257192134065288,0.0108850193057458,1,0.824239385583441
"Hypermethylated in DIS","cg02382400",0.731790290581852,0.83957019476194,0.107779904180089,0.0352192449336377,1,0.824239385583441
"Hypermethylated in DIS","cg02828104",0.536199229727076,0.664723112712086,0.128523882985009,0.0222387223960596,1,0.824239385583441
"Hypermethylated in DIS","cg03102788",0.235436740362623,0.387953219462621,0.152516479099998,0.00883709646862985,1,0.824239385583441
"Hypermethylated in DIS","cg03443360",0.509421782744774,0.707034570992783,0.19761278824801,0.00488855210751722,1,0.824239385583441
"Hypermethylated in DIS","cg03738669",0.75824585068382,0.861354090223929,0.103108239540109,0.0203604988210874,1,0.824239385583441
"Hypermethylated in DIS","cg04130572",0.711592960411351,0.837198956096679,0.125605995685328,0.016702403336296,1,0.824239385583441
"Hypermethylated in DIS","cg04539957",0.54352177044033,0.644202239358449,0.10068046891812,0.0354659785116834,1,0.824239385583441
"Hypermethylated in DIS","cg04660147",0.665152818527741,0.771577131804054,0.106424313276313,0.04609139418352,1,0.824239385583441
"Hypermethylated in DIS","cg04779428",0.674327624885174,0.786052856836482,0.111725231951308,0.0200700769453043,1,0.824239385583441
"Hypermethylated in DIS","cg05193435",0.503197377132112,0.616695654393275,0.113498277261163,0.00520951524943947,1,0.824239385583441
"Hypermethylated in DIS","cg06524264",0.585658854496527,0.891882585776154,0.306223731279626,0.0370427128759491,1,0.824239385583441
"Hypermethylated in DIS","cg06721796",0.225129138523814,0.370393566403581,0.145264427879767,0.00943202322086582,1,0.824239385583441
"Hypermethylated in DIS","cg06919203",0.712533436566188,0.869159584499939,0.156626147933751,0.0286542832117526,1,0.824239385583441
"Hypermethylated in DIS","cg07063463",0.439128251434132,0.665333259731707,0.226205008297575,0.0339531794609086,1,0.824239385583441
"Hypermethylated in DIS","cg07612655",0.350071044114522,0.491651681671138,0.141580637556616,0.00965980042217979,1,0.824239385583441
"Hypermethylated in DIS","cg08137888",0.236577799582905,0.445089361103186,0.208511561520281,0.0497232680021831,1,0.824239385583441
"Hypermethylated in DIS","cg09015232",0.661559986164089,0.818753625706732,0.157193639542643,0.00520367828591944,1,0.824239385583441
"Hypermethylated in DIS","cg10304516",0.425634831668336,0.537381926947121,0.111747095278785,0.0221498986351819,1,0.824239385583441
"Hypermethylated in DIS","cg10505785",0.270951242841007,0.37525438026835,0.104303137427342,0.0493320590186535,1,0.824239385583441
"Hypermethylated in DIS","cg10713431",0.380019363768438,0.518486782043925,0.138467418275487,0.0018889424063826,1,0.824239385583441
"Hypermethylated in DIS","cg11004890",0.642799987259269,0.787999090264843,0.145199103005574,0.0293488014871001,1,0.824239385583441
"Hypermethylated in DIS","cg11682508",0.496481785431976,0.634734597164942,0.138252811732966,0.0251910042041649,1,0.824239385583441
"Hypermethylated in DIS","cg12288076",0.586093245871377,0.73418047056073,0.148087224689353,0.00222905387175452,1,0.824239385583441
"Hypermethylated in DIS","cg12462720",0.185569171037514,0.315687069854882,0.130117898817369,0.00165079259625284,1,0.824239385583441
"Hypermethylated in DIS","cg12589387",0.196139569210717,0.341991488062754,0.145851918852037,0.0242988936626912,1,0.824239385583441
"Hypermethylated in DIS","cg12800962",0.60676593729837,0.776035176873206,0.169269239574836,0.0388177982374197,1,0.824239385583441
"Hypermethylated in DIS","cg14505174",0.322346150005551,0.49562582655351,0.17327967654796,0.0151598317346104,1,0.824239385583441
"Hypermethylated in DIS","cg14508998",0.392776397992753,0.503339616748386,0.110563218755633,0.00533777585405125,1,0.824239385583441
"Hypermethylated in DIS","cg14959908",0.306898585884955,0.48539720352017,0.178498617635216,0.0097302750725101,1,0.824239385583441
"Hypermethylated in DIS","cg15537254",0.327620281986384,0.44278643457511,0.115166152588726,0.0346819110846021,1,0.824239385583441
"Hypermethylated in DIS","cg15721145",0.464709761647189,0.670009341673943,0.205299580026754,0.0436384416886459,1,0.824239385583441
"Hypermethylated in DIS","cg16406078",0.192422606099538,0.314932792910011,0.122510186810473,0.000225357861271996,1,0.824239385583441
"Hypermethylated in DIS","cg16536918",0.483996288950755,0.659188151507245,0.17519186255649,0.0439146128283677,1,0.824239385583441
"Hypermethylated in DIS","cg17037355",0.61923457650105,0.77655676166301,0.15732218516196,0.018709930878913,1,0.824239385583441
"Hypermethylated in DIS","cg17104026",0.212685283866994,0.328706850437002,0.116021566570009,0.0311112266077163,1,0.824239385583441
"Hypermethylated in DIS","cg17156534",0.53505597527682,0.650417609097357,0.115361633820537,0.00776338516956816,1,0.824239385583441
"Hypermethylated in DIS","cg18519757",0.584730364257434,0.706300806846852,0.121570442589418,0.0137345654055477,1,0.824239385583441
"Hypermethylated in DIS","cg18942298",0.377006978954827,0.51901893161319,0.142011952658363,0.0204269976847736,1,0.824239385583441
"Hypermethylated in DIS","cg19803952",0.65787075442356,0.761966857477687,0.104096103054126,0.0147719104880695,1,0.824239385583441
"Hypermethylated in DIS","cg19841423",0.671901059570708,0.796789872117033,0.124888812546325,0.0415058239604968,1,0.824239385583441
"Hypermethylated in DIS","cg20747455",0.794830397999555,0.919590677468569,0.124760279469014,0.0160245952188647,1,0.824239385583441
"Hypermethylated in DIS","cg20852302",0.530526324127866,0.690747158362133,0.160220834234267,0.0209083960605559,1,0.824239385583441
"Hypermethylated in DIS","cg22409727",0.117259040268909,0.225737852075698,0.108478811806789,0.036032941950375,1,0.824239385583441
"Hypermethylated in DIS","cg23166392",0.465280045171514,0.595265866837049,0.129985821665535,0.0200477271167509,1,0.824239385583441
"Hypermethylated in DIS","cg23169111",0.406552961869236,0.536709211289326,0.130156249420091,0.0114479418064923,1,0.824239385583441
"Hypermethylated in DIS","cg23413506",0.580898844721235,0.733560997976577,0.152662153255342,0.0102308103422434,1,0.824239385583441
"Hypermethylated in DIS","cg23414001",0.439003843257179,0.540711850941667,0.101708007684488,0.00962477121743203,1,0.824239385583441
"Hypermethylated in DIS","cg23581541",0.0765139842974201,0.184680728519308,0.108166744221888,0.00130186817789475,1,0.824239385583441
"Hypermethylated in DIS","cg24257309",0.33910732885979,0.487393846559371,0.148286517699581,0.0315911781161507,1,0.824239385583441
"Hypermethylated in DIS","cg24308847",0.446273765655229,0.554516240820332,0.108242475165103,0.0026273847617727,1,0.824239385583441
"Hypermethylated in DIS","cg25183989",0.343514589579504,0.464933080782273,0.121418491202769,0.0362128553500181,1,0.824239385583441
"Hypermethylated in DIS","cg26411441",0.49432989276194,0.653701473060484,0.159371580298544,0.0434627095606808,1,0.824239385583441
"Hypermethylated in DIS","cg26912636",0.588982266570172,0.706083481064713,0.117101214494541,0.0468245178468687,1,0.824239385583441
"Hypermethylated in DIS","cg27212232",0.166387796464984,0.345453621269404,0.17906582480442,0.00825092424447608,1,0.824239385583441
"Hypermethylated in DIS","cg27385032",0.216359017639577,0.383835710285359,0.167476692645782,0.0496731176810337,1,0.824239385583441
"Hypermethylated in DIS","cg00161791",0.348832096733481,0.480403471959878,0.131571375226397,0.00692534163725824,1,0.824239385583441
"Hypermethylated in DIS","cg01725383",0.257940615683283,0.56378883202412,0.305848216340837,0.00329050759478584,1,0.824239385583441
"Hypermethylated in DIS","cg03142697",0.189653011672578,0.817700255799439,0.628047244126861,0.000121328201130507,1,0.824239385583441
"Hypermethylated in DIS","cg03738656",0.684311959515445,0.812150183482354,0.127838223966909,0.0303765231921813,1,0.824239385583441
"Hypermethylated in DIS","cg12218747",0.767747688452275,0.873187978518049,0.105440290065773,0.0314396760480158,1,0.824239385583441
"Hypermethylated in DIS","cg15091747",0.548958278292694,0.71798113856568,0.169022860272986,0.0120854465221747,1,0.824239385583441
"Hypermethylated in DIS","cg15892280",0.399105493491314,0.523301854879242,0.124196361387928,0.0147445937413246,1,0.824239385583441
"Hypermethylated in DIS","cg16496024",0.129326991674544,0.262562288683586,0.133235297009042,0.0453796928910092,1,0.824239385583441
"Hypermethylated in DIS","cg21505925",0.141679301136575,0.251347087782822,0.109667786646247,0.0215237436309679,1,0.824239385583441
"Hypermethylated in DIS","cg22316093",0.727547438315042,0.886692106859186,0.159144668544144,0.0219098882258937,1,0.824239385583441
"Hypermethylated in DIS","cg22866426",0.246325469424,0.384062700701709,0.137737231277709,0.00243934341332955,1,0.824239385583441
"Hypermethylated in DIS","cg26697654",0.471946915832505,0.589481332702265,0.11753441686976,0.00174701103527758,1,0.824239385583441
"Hypermethylated in DIS","cg00983520",0.243661763636053,0.594814884836786,0.351153121200733,0.00241230632443365,1,0.824239385583441
"Hypermethylated in DIS","cg02917321",0.213978938520734,0.39235470332146,0.178375764800726,0.00623170971146472,1,0.824239385583441
"Hypermethylated in DIS","cg03131358",0.253106673378957,0.398748169964357,0.1456414965854,0.0289994305268754,1,0.824239385583441
"Hypermethylated in DIS","cg03741889",0.520124703485006,0.639461594649919,0.119336891164913,0.00767297893254502,1,0.824239385583441
"Hypermethylated in DIS","cg04097078",0.202693107918854,0.404080908165867,0.201387800247013,0.0025023760909867,1,0.824239385583441
"Hypermethylated in DIS","cg04692870",0.52719378762,0.819067428628287,0.291873641008287,0.0023447488733387,1,0.824239385583441
"Hypermethylated in DIS","cg05468064",0.248546708671285,0.454391603079055,0.205844894407771,0.00994638150583086,1,0.824239385583441
"Hypermethylated in DIS","cg05903330",0.266107989202169,0.381672995516637,0.115565006314468,0.0465390267147117,1,0.824239385583441
"Hypermethylated in DIS","cg06056169",0.330470449764001,0.448172112324162,0.117701662560161,0.00611996472230889,1,0.824239385583441
"Hypermethylated in DIS","cg06134567",0.435997853770967,0.571726126194024,0.135728272423056,0.0325160490728202,1,0.824239385583441
"Hypermethylated in DIS","cg06397161",0.559079180860442,0.752919393712367,0.193840212851925,0.0085973625704824,1,0.824239385583441
"Hypermethylated in DIS","cg06830006",0.424116233809625,0.544496090277066,0.120379856467442,0.00379112109462586,1,0.824239385583441
"Hypermethylated in DIS","cg09263116",0.61432201508976,0.763601163293467,0.149279148203707,0.042753964530185,1,0.824239385583441
"Hypermethylated in DIS","cg09870137",0.518895683892889,0.629066157842174,0.110170473949285,0.0120719030485041,1,0.824239385583441
"Hypermethylated in DIS","cg10490842",0.396848599374147,0.820747351261817,0.42389875188767,0.00043382736689562,1,0.824239385583441
"Hypermethylated in DIS","cg10713580",0.639706286154611,0.781589186949319,0.141882900794709,0.0117678727401802,1,0.824239385583441
"Hypermethylated in DIS","cg11503875",0.438620732997892,0.560172504402281,0.121551771404389,0.029875468923623,1,0.824239385583441
"Hypermethylated in DIS","cg11881141",0.717446060002493,0.83924359623474,0.121797536232247,0.0116453284726146,1,0.824239385583441
"Hypermethylated in DIS","cg12869362",0.373668508269871,0.504644941132398,0.130976432862527,0.0306426436028905,1,0.824239385583441
"Hypermethylated in DIS","cg12872311",0.329880922972553,0.519859277824185,0.189978354851632,0.0350825171490118,1,0.824239385583441
"Hypermethylated in DIS","cg12961733",0.567115099401667,0.797449509777548,0.230334410375881,0.012576588450059,1,0.824239385583441
"Hypermethylated in DIS","cg12990614",0.478245590682765,0.601719347333135,0.12347375665037,0.0224095917964501,1,0.824239385583441
"Hypermethylated in DIS","cg13896476",0.647120984149384,0.815800822093243,0.16867983794386,0.0199527489442115,1,0.824239385583441
"Hypermethylated in DIS","cg16386697",0.704764747091206,0.916080083618076,0.21131533652687,0.0105740461956599,1,0.824239385583441
"Hypermethylated in DIS","cg17237086",0.540903309241422,0.645700736837495,0.104797427596074,0.00946406618318312,1,0.824239385583441
"Hypermethylated in DIS","cg17402397",0.389298786334815,0.490576473818104,0.101277687483289,0.0472050818696921,1,0.824239385583441
"Hypermethylated in DIS","cg17468100",0.317492715567193,0.44195762458691,0.124464909019717,0.0379646085261728,1,0.824239385583441
"Hypermethylated in DIS","cg17783244",0.685251834747576,0.815748587552932,0.130496752805356,0.00132970022657858,1,0.824239385583441
"Hypermethylated in DIS","cg18638931",0.626219167024405,0.827351991378354,0.201132824353948,0.000328075116166083,1,0.824239385583441
"Hypermethylated in DIS","cg18704527",0.245066140533954,0.365374230453691,0.120308089919736,0.0261319068123362,1,0.824239385583441
"Hypermethylated in DIS","cg19851222",0.622150314512584,0.72275356313075,0.100603248618166,0.0240860034349516,1,0.824239385583441
"Hypermethylated in DIS","cg20269537",0.46776198623652,0.573271642008012,0.105509655771492,0.0464740378667265,1,0.824239385583441
"Hypermethylated in DIS","cg21342728",0.341554068710818,0.444435247363899,0.10288117865308,0.0447305775121326,1,0.824239385583441
"Hypomethylated in DIS","cg22363893",0.541388020106193,0.281110776129534,-0.260277243976659,0.0045374418413409,1,0.824239385583441
"Hypomethylated in DIS","cg00579423",0.241105458979908,0.0752909975576774,-0.16581446142223,0.0494976130119802,1,0.824239385583441
"Hypomethylated in DIS","cg01565291",0.733825252840071,0.511048200042364,-0.222777052797707,0.0155482675287248,1,0.824239385583441
"Hypomethylated in DIS","cg03396826",0.527626894270486,0.321945836386994,-0.205681057883492,0.0211045980519611,1,0.824239385583441
"Hypomethylated in DIS","cg04028874",0.726453961448236,0.586438634949978,-0.140015326498258,0.0289055417752089,1,0.824239385583441
"Hypomethylated in DIS","cg04110886",0.809347521897399,0.611868492852652,-0.197479029044747,0.0214863097100554,1,0.824239385583441
"Hypomethylated in DIS","cg04601296",0.343954815462145,0.198582942958295,-0.14537187250385,0.0163292064080416,1,0.824239385583441
"Hypomethylated in DIS","cg04873098",0.738327071160793,0.462920348749723,-0.27540672241107,0.0170741110234177,1,0.824239385583441
"Hypomethylated in DIS","cg05797770",0.902992537379507,0.749120023631118,-0.153872513748389,0.00215283350402702,1,0.824239385583441
"Hypomethylated in DIS","cg06626847",0.361091125751686,0.167913202546359,-0.193177923205327,0.00542633669508327,1,0.824239385583441
"Hypomethylated in DIS","cg06764092",0.616542884558979,0.443525796440057,-0.173017088118921,0.0182846687538382,1,0.824239385583441
"Hypomethylated in DIS","cg06866616",0.473609040380078,0.3701321251527,-0.103476915227379,0.00754045165896349,1,0.824239385583441
"Hypomethylated in DIS","cg07357157",0.890360661437971,0.665537088464781,-0.22482357297319,0.021613989755364,1,0.824239385583441
"Hypomethylated in DIS","cg07387429",0.561678564528679,0.345571312329924,-0.216107252198756,0.00927147596293435,1,0.824239385583441
"Hypomethylated in DIS","cg08169827",0.497719119507394,0.324316126405789,-0.173402993101604,0.0242747435358409,1,0.824239385583441
"Hypomethylated in DIS","cg09036468",0.361603148522391,0.176442218796738,-0.185160929725653,0.0330237874051954,1,0.824239385583441
"Hypomethylated in DIS","cg10537450",0.375431124446276,0.27308991714611,-0.102341207300165,0.0154052755576707,1,0.824239385583441
"Hypomethylated in DIS","cg10777461",0.708878142637074,0.448392755806784,-0.26048538683029,0.020218668932299,1,0.824239385583441
"Hypomethylated in DIS","cg10962754",0.524785709214384,0.322788404862605,-0.201997304351779,0.0249010033186567,1,0.824239385583441
"Hypomethylated in DIS","cg11411203",0.322262831696935,0.180082367990586,-0.142180463706349,0.0086960533427644,1,0.824239385583441
"Hypomethylated in DIS","cg13103143",0.468824242408991,0.354798245750068,-0.114025996658923,0.00552100146657609,1,0.824239385583441
"Hypomethylated in DIS","cg14091531",0.783353454931181,0.673614051090949,-0.109739403840232,0.00451657691547361,1,0.824239385583441
"Hypomethylated in DIS","cg16049283",0.323668357913242,0.174844326173943,-0.148824031739299,0.0390169772942449,1,0.824239385583441
"Hypomethylated in DIS","cg16057915",0.957447817064781,0.716648380824245,-0.240799436240536,0.039827777696984,1,0.824239385583441
"Hypomethylated in DIS","cg17442483",0.919015265293398,0.815099502466973,-0.103915762826425,0.0470967783942086,1,0.824239385583441
"Hypomethylated in DIS","cg17879856",0.680468984495238,0.510888979901657,-0.169580004593581,0.0206948551335479,1,0.824239385583441
"Hypomethylated in DIS","cg17932598",0.675726690552182,0.531743968716836,-0.143982721835347,0.00329946249087801,1,0.824239385583441
"Hypomethylated in DIS","cg18184071",0.875033205780112,0.514036645288822,-0.36099656049129,0.000766029424887895,1,0.824239385583441
"Hypomethylated in DIS","cg19236794",0.470657049445894,0.311294715685865,-0.159362333760028,0.0414584407805113,1,0.824239385583441
"Hypomethylated in DIS","cg20593826",0.793945775236826,0.591022442616049,-0.202923332620777,0.0267773894815846,1,0.824239385583441
"Hypomethylated in DIS","cg20677143",0.414343164761307,0.312317377100351,-0.102025787660956,0.0310168416844243,1,0.824239385583441
"Hypomethylated in DIS","cg20806427",0.382566464534606,0.191123414700779,-0.191443049833827,0.0020215831829566,1,0.824239385583441
"Hypomethylated in DIS","cg23610373",0.192825787203673,0.0833794258790203,-0.109446361324652,0.00220588557402304,1,0.824239385583441
"Hypomethylated in DIS","cg24460126",0.829844151393324,0.619905629540047,-0.209938521853276,0.0070718367908101,1,0.824239385583441
"Hypomethylated in DIS","cg24854435",0.451576735029477,0.335726639448681,-0.115850095580796,0.0147267272952578,1,0.824239385583441
"Hypomethylated in DIS","cg26347746",0.549013302280054,0.344684277528155,-0.204329024751899,0.0196732731741208,1,0.824239385583441
"Hypomethylated in DIS","cg04220104",0.432980051898258,0.213885181588851,-0.219094870309407,0.0081606109239737,1,0.824239385583441
"Hypomethylated in DIS","cg05171197",0.917246168066696,0.804961061681043,-0.112285106385653,0.0172026009860165,1,0.824239385583441
"Hypomethylated in DIS","cg05247661",0.832934687243718,0.704308617096932,-0.128626070146786,0.0233522126666453,1,0.824239385583441
"Hypomethylated in DIS","cg05289022",0.807904067346395,0.364153021394837,-0.443751045951557,0.000158458625119429,1,0.824239385583441
"Hypomethylated in DIS","cg07416187",0.718569976831301,0.500720475677393,-0.217849501153908,0.00255607681251011,1,0.824239385583441
"Hypomethylated in DIS","cg07673080",0.811209366038446,0.507388401167228,-0.303820964871217,0.0141180064721867,1,0.824239385583441
"Hypomethylated in DIS","cg10108468",0.387648580708727,0.279791122946725,-0.107857457762002,0.043184534417972,1,0.824239385583441
"Hypomethylated in DIS","cg12571629",0.681736457353839,0.418127909750685,-0.263608547603154,0.00326935730171973,1,0.824239385583441
"Hypomethylated in DIS","cg13006424",0.791465037766218,0.296109982729202,-0.495355055037016,5.81335353641993e-05,1,0.824239385583441
"Hypomethylated in DIS","cg14157435",0.509786747071015,0.191849033553812,-0.317937713517203,0.0118694490937301,1,0.824239385583441
"Hypomethylated in DIS","cg17102205",0.822960812251707,0.706768026889402,-0.116192785362304,0.0419142907762252,1,0.824239385583441
"Hypomethylated in DIS","cg18077307",0.775099560719022,0.186325805221702,-0.58877375549732,6.00850887383096e-06,1,0.583440632070284
"Hypomethylated in DIS","cg22308949",0.450243227959786,0.241486820594373,-0.208756407365413,0.0128198026103833,1,0.824239385583441
"Hypomethylated in DIS","cg22350835",0.478658475840706,0.285602817895147,-0.193055657945559,0.00236548102002334,1,0.824239385583441
"Hypomethylated in DIS","cg22400703",0.724555453265024,0.611986676827436,-0.112568776437588,0.0375891805165631,1,0.824239385583441
"Hypomethylated in DIS","cg22412747",0.446860459475322,0.179811634913502,-0.26704882456182,0.00149564138399281,1,0.824239385583441
"Hypomethylated in DIS","cg22755142",0.849309485639739,0.712583684049723,-0.136725801590016,0.0170463481036079,1,0.824239385583441
"Hypomethylated in DIS","cg23415434",0.468128719895075,0.267829909207239,-0.200298810687836,0.0306041980320896,1,0.824239385583441
"Hypomethylated in DIS","cg23948843",0.612936984728456,0.511819595218474,-0.101117389509982,0.0158180102489793,1,0.824239385583441
"Hypomethylated in DIS","cg24750513",0.82264253243479,0.514883513718999,-0.30775901871579,0.0204834064294213,1,0.824239385583441
"Hypomethylated in DIS","cg25822369",0.657652658652527,0.532291082124609,-0.125361576527918,0.0494749849216935,1,0.824239385583441
"Hypomethylated in DIS","cg26890182",0.864730163911739,0.688922107626031,-0.175808056285708,0.0157994057259937,1,0.824239385583441
"Hypomethylated in DIS","cg00367649",0.535157757486679,0.401446911465313,-0.133710846021365,0.027587428246536,1,0.824239385583441
"Hypomethylated in DIS","cg05065603",0.814345576689786,0.682661490155277,-0.131684086534509,0.0360656820788811,1,0.824239385583441
"Hypomethylated in DIS","cg06705862",0.302329833629703,0.172467005834232,-0.129862827795471,0.0117162941363173,1,0.824239385583441
"Hypomethylated in DIS","cg08439880",0.903592939622939,0.724140385853478,-0.179452553769461,0.00222019240026583,1,0.824239385583441
"Hypomethylated in DIS","cg20916523",0.400792643195109,0.180392559238509,-0.2204000839566,0.0461156915836951,1,0.824239385583441
"Hypomethylated in DIS","cg21766308",0.586141010758267,0.278089104229122,-0.308051906529145,0.00141464381714507,1,0.824239385583441
"Hypomethylated in DIS","cg22533724",0.714585829751733,0.591517003372212,-0.123068826379521,0.00739249070981423,1,0.824239385583441
"Hypomethylated in DIS","cg00441899",0.889956321779181,0.766860434334875,-0.123095887444306,0.0313922799045719,1,0.824239385583441
"Hypomethylated in DIS","cg07260927",0.431706241515354,0.294319071944234,-0.13738716957112,0.020888000755127,1,0.824239385583441
"Hypomethylated in DIS","cg07509992",0.917332859123086,0.77027099066469,-0.147061868458397,0.0379783981857093,1,0.824239385583441
"Hypomethylated in DIS","cg08288016",0.692638574705621,0.483415138667232,-0.209223436038389,0.00236636184147009,1,0.824239385583441
"Hypomethylated in DIS","cg10128806",0.853660830382111,0.708850760238936,-0.144810070143175,0.0373802221308869,1,0.824239385583441
"Hypomethylated in DIS","cg11158902",0.785768426164619,0.682326048718505,-0.103442377446115,0.0480028077553314,1,0.824239385583441
"Hypomethylated in DIS","cg15081999",0.561741423096815,0.441946727077608,-0.119794696019207,0.0397760847614055,1,0.824239385583441
"Hypomethylated in DIS","cg16361705",0.545668604480619,0.209816048461669,-0.33585255601895,0.00143716401312532,1,0.824239385583441
"Hypomethylated in DIS","cg17161048",0.815020423201384,0.664146127411048,-0.150874295790335,0.0229445338876261,1,0.824239385583441
"Hypomethylated in DIS","cg17332603",0.412401898840762,0.293989303150887,-0.118412595689875,0.00239842708077583,1,0.824239385583441
"Hypomethylated in DIS","cg17801369",0.76589582979572,0.375761358575496,-0.390134471220224,0.00592650050182662,1,0.824239385583441
"Hypomethylated in DIS","cg18883033",0.673650418338325,0.503202194037918,-0.170448224300407,0.00822151787853614,1,0.824239385583441
"Hypomethylated in DIS","cg20729813",0.519869859332242,0.284041464900951,-0.235828394431291,0.00481804052299252,1,0.824239385583441
"Hypomethylated in DIS","cg00401101",0.405724529494063,0.246051756669638,-0.159672772824425,0.0378549952981144,1,0.824239385583441
"Hypomethylated in DIS","cg00607989",0.9239903088294,0.80209438220925,-0.12189592662015,0.0283185669144808,1,0.824239385583441
"Hypomethylated in DIS","cg02025971",0.448877009692769,0.297049639416051,-0.151827370276718,0.0172203324916448,1,0.824239385583441
"Hypomethylated in DIS","cg06777516",0.288951117713107,0.178921344303836,-0.110029773409271,0.00958514214641531,1,0.824239385583441
"Hypomethylated in DIS","cg07340025",0.349586077705794,0.162819554316292,-0.186766523389501,0.00450472821485162,1,0.824239385583441
"Hypomethylated in DIS","cg08351269",0.861032361850296,0.745336614475022,-0.115695747375274,0.0269669911464081,1,0.824239385583441
"Hypomethylated in DIS","cg09655403",0.742525527400417,0.48637234551131,-0.256153181889107,0.00740348338930317,1,0.824239385583441
"Hypomethylated in DIS","cg15197065",0.576146352126471,0.396818721316048,-0.179327630810424,0.0263310014734704,1,0.824239385583441
"Hypomethylated in DIS","cg19025234",0.332021407019936,0.19201082469209,-0.140010582327847,0.0363827019422945,1,0.824239385583441
"Hypomethylated in DIS","cg23279355",0.740158740625157,0.491323006528738,-0.248835734096419,0.0411207605024223,1,0.824239385583441
"Hypomethylated in DIS","cg26630791",0.631424203848286,0.424666569886773,-0.206757633961513,0.0234052492880896,1,0.824239385583441
"Hypomethylated in DIS","cg00058449",0.237790652744273,0.105354382122316,-0.132436270621957,0.0110778951414388,1,0.824239385583441
"Hypomethylated in DIS","cg01174743",0.306663787382967,0.104356985139895,-0.202306802243071,0.0123782331698709,1,0.824239385583441
"Hypomethylated in DIS","cg05495478",0.464757671725914,0.272553253790734,-0.192204417935181,0.0166147019775568,1,0.824239385583441
"Hypomethylated in DIS","cg06032479",0.900363978028552,0.731090321339735,-0.169273656688817,0.0414971528553083,1,0.824239385583441
"Hypomethylated in DIS","cg06430632",0.619680439063278,0.321549308043545,-0.298131131019733,0.048279251249158,1,0.824239385583441
"Hypomethylated in DIS","cg07068382",0.396234653998801,0.283558495148864,-0.112676158849937,0.00547410390733134,1,0.824239385583441
"Hypomethylated in DIS","cg07267782",0.403990804655572,0.280035604056176,-0.123955200599396,0.0272441730172999,1,0.824239385583441
"Hypomethylated in DIS","cg09194778",0.909212121182918,0.789771239005956,-0.119440882176961,0.0351337966577916,1,0.824239385583441
"Hypomethylated in DIS","cg09783253",0.368409078487284,0.0588700500016912,-0.309539028485593,0.00552920317689576,1,0.824239385583441
"Hypomethylated in DIS","cg10765922",0.837840949970969,0.639154180384907,-0.198686769586063,0.0492258781575174,1,0.824239385583441
"Hypomethylated in DIS","cg10768316",0.707643203254533,0.372584544055358,-0.335058659199175,0.0173861251043733,1,0.824239385583441
"Hypomethylated in DIS","cg13224161",0.819634212037707,0.639995428100327,-0.17963878393738,0.0317035911308968,1,0.824239385583441
"Hypomethylated in DIS","cg13471009",0.755697190118897,0.603871201823673,-0.151825988295223,0.0365954236660822,1,0.824239385583441
"Hypomethylated in DIS","cg17732216",0.771221219779884,0.576935980722954,-0.19428523905693,0.0129760347862042,1,0.824239385583441
"Hypomethylated in DIS","cg19582538",0.727155011153987,0.524657861763007,-0.202497149390979,0.0477222080467255,1,0.824239385583441
"Hypomethylated in DIS","cg20133890",0.719795393384952,0.584406374036619,-0.135389019348333,0.0146206646677085,1,0.824239385583441
"Hypomethylated in DIS","cg20139800",0.637138166132701,0.457772623960684,-0.179365542172017,0.00415501097155474,1,0.824239385583441
"Hypomethylated in DIS","cg20988098",0.490467277684135,0.107411984072746,-0.383055293611388,0.001733548558704,1,0.824239385583441
"Hypomethylated in DIS","cg21164975",0.777641586127989,0.611750277607018,-0.16589130852097,0.0303234012202409,1,0.824239385583441
"Hypomethylated in DIS","cg26433444",0.867273516064285,0.733304941972623,-0.133968574091663,0.0335287487192239,1,0.824239385583441
"Hypomethylated in DIS","cg01134260",0.572362291120161,0.405027315004387,-0.167334976115774,0.0158606879276867,1,0.824239385583441
"Hypomethylated in DIS","cg01217984",0.444984149222199,0.294991283544544,-0.149992865677655,0.00184953492323258,1,0.824239385583441
"Hypomethylated in DIS","cg01588379",0.843603377627498,0.449860823841759,-0.393742553785739,0.00463698313540971,1,0.824239385583441
"Hypomethylated in DIS","cg02225599",0.205773705501148,0.0478534371708351,-0.157920268330313,0.00612363215289521,1,0.824239385583441
"Hypomethylated in DIS","cg04027736",0.498946557527725,0.184581392420547,-0.314365165107178,4.63583108407179e-05,1,0.824239385583441
"Hypomethylated in DIS","cg05998486",0.539449405971232,0.42680591825949,-0.112643487711742,0.0327487282112389,1,0.824239385583441
"Hypomethylated in DIS","cg07278425",0.576001874667844,0.383376351893768,-0.192625522774076,0.0289381097483217,1,0.824239385583441
"Hypomethylated in DIS","cg09511477",0.736210877636347,0.414060270288687,-0.322150607347659,0.0106168060442511,1,0.824239385583441
"Hypomethylated in DIS","cg12299599",0.69381361117631,0.427367503113156,-0.266446108063154,0.0193928311225446,1,0.824239385583441
"Hypomethylated in DIS","cg15050051",0.605925104495406,0.240059391701341,-0.365865712794065,0.00122831207541964,1,0.824239385583441
"Hypomethylated in DIS","cg16767506",0.351885780043311,0.144389027911077,-0.207496752132234,0.0399905939968221,1,0.824239385583441
"Hypomethylated in DIS","cg17063731",0.393025008681052,0.281895074152849,-0.111129934528202,0.0314226313777417,1,0.824239385583441
"Hypomethylated in DIS","cg17881200",0.43953180018304,0.2178472587424,-0.22168454144064,0.0466045222344702,1,0.824239385583441
"Hypomethylated in DIS","cg17890940",0.877251532723528,0.529344225023464,-0.347907307700063,0.022488914754096,1,0.824239385583441
"Hypomethylated in DIS","cg17914838",0.807992429764418,0.665829264009108,-0.14216316575531,0.0338885864347685,1,0.824239385583441
"Hypomethylated in DIS","cg18353405",0.824921958116684,0.495683862036825,-0.329238096079858,0.0452536578296586,1,0.824239385583441
"Hypomethylated in DIS","cg18367631",0.612883356282578,0.283712747916016,-0.329170608366562,0.00401527081692915,1,0.824239385583441
"Hypomethylated in DIS","cg19127138",0.410215536621804,0.220416075076775,-0.189799461545028,0.00508841964885553,1,0.824239385583441
"Hypomethylated in DIS","cg19521279",0.833896889264992,0.665187969944182,-0.168708919320809,0.0108892593456895,1,0.824239385583441
"Hypomethylated in DIS","cg22165106",0.707261591671888,0.434392907063626,-0.272868684608262,0.0176625524604622,1,0.824239385583441
"Hypomethylated in DIS","cg22505411",0.819961865344299,0.632468565028134,-0.187493300316166,0.0364068902100476,1,0.824239385583441
"Hypomethylated in DIS","cg22762813",0.326302528105953,0.200621324994699,-0.125681203111254,0.0199344644298609,1,0.824239385583441
"Hypomethylated in DIS","cg26308704",0.898471039704144,0.736611794514288,-0.161859245189857,0.0121570253414185,1,0.824239385583441
"Hypomethylated in DIS","cg27006947",0.488957709463563,0.387363922644121,-0.101593786819442,0.0209577496868584,1,0.824239385583441
"Hypomethylated in DIS","cg01599714",0.789771187851056,0.584422363562565,-0.20534882428849,0.0316197153254207,1,0.824239385583441
"Hypomethylated in DIS","cg03014589",0.934037410916753,0.83110611508529,-0.102931295831463,0.0333567985300767,1,0.824239385583441
"Hypomethylated in DIS","cg04259752",0.692566022834456,0.528168650318033,-0.164397372516423,0.0104264375804949,1,0.824239385583441
"Hypomethylated in DIS","cg06040034",0.792684712148783,0.560722357903448,-0.231962354245335,0.0258582016864304,1,0.824239385583441
"Hypomethylated in DIS","cg06894628",0.573917580135802,0.382816042318835,-0.191101537816968,0.00065309057972462,1,0.824239385583441
"Hypomethylated in DIS","cg06997767",0.799013723568102,0.618509343282314,-0.180504380285788,0.0208374486781156,1,0.824239385583441
"Hypomethylated in DIS","cg11847597",0.691931616962595,0.534869718093692,-0.157061898868903,0.00764882441066895,1,0.824239385583441
"Hypomethylated in DIS","cg13428978",0.45986982774124,0.339496030875891,-0.120373796865348,0.018657950040045,1,0.824239385583441
"Hypomethylated in DIS","cg23281480",0.882387884279315,0.696321496518845,-0.186066387760469,0.0153777814586576,1,0.824239385583441
"Hypomethylated in DIS","cg25350011",0.69638347228507,0.322037949836246,-0.374345522448824,0.00540221095282452,1,0.824239385583441
"Hypomethylated in DIS","cg26056498",0.60884612179019,0.37970366201587,-0.22914245977432,0.00742103135010964,1,0.824239385583441
"Hypomethylated in DIS","cg26286901",0.964723870407424,0.857597434808439,-0.107126435598985,0.0473561365324474,1,0.824239385583441
"Hypomethylated in DIS","cg13613044",0.914173559543545,0.772370697078499,-0.141802862465046,0.0284810828938977,1,0.824239385583441
"Hypomethylated in DIS","cg13860981",0.697749648213996,0.351481819211673,-0.346267829002323,0.00363100301281227,1,0.824239385583441
"Hypomethylated in DIS","cg13868084",0.319550107318061,0.206383891987636,-0.113166215330425,0.000747604266355057,1,0.824239385583441
"Hypomethylated in DIS","cg14294859",0.74491831983294,0.429831544241086,-0.315086775591854,0.0410749630875779,1,0.824239385583441
"Hypomethylated in DIS","cg14485633",0.401888681271491,0.223521099953244,-0.178367581318247,0.000403531797440428,1,0.824239385583441
"Hypomethylated in DIS","cg14573833",0.904229141673139,0.801379814310756,-0.102849327362383,0.0141243626888131,1,0.824239385583441
"Hypomethylated in DIS","cg01011367",0.26846638968848,0.151928301781145,-0.116538087907336,0.0012597250630176,1,0.824239385583441
"Hypomethylated in DIS","cg02286717",0.751546428063437,0.499864371927552,-0.251682056135885,0.00505056768777011,1,0.824239385583441
"Hypomethylated in DIS","cg02943604",0.329781207748989,0.193813040989036,-0.135968166759953,0.00637447812902839,1,0.824239385583441
"Hypomethylated in DIS","cg03711485",0.389978360147214,0.277877612142982,-0.112100748004232,0.0368890185396003,1,0.824239385583441
"Hypomethylated in DIS","cg03934443",0.827924466726791,0.694614386516488,-0.133310080210303,0.0199330970026815,1,0.824239385583441
"Hypomethylated in DIS","cg05313588",0.882234942179283,0.765630438698722,-0.116604503480561,0.0494740798035582,1,0.824239385583441
"Hypomethylated in DIS","cg05495790",0.632636710728692,0.517293377841816,-0.115343332886876,0.0169225640535917,1,0.824239385583441
"Hypomethylated in DIS","cg07225966",0.287233645413235,0.137176509168532,-0.150057136244703,0.0212801122653323,1,0.824239385583441
"Hypomethylated in DIS","cg08380478",0.725972529550002,0.417458572400031,-0.308513957149971,0.00483009805938022,1,0.824239385583441
"Hypomethylated in DIS","cg08435131",0.479423031949513,0.373196191470397,-0.106226840479116,0.0253190912461103,1,0.824239385583441
"Hypomethylated in DIS","cg13714026",0.899804710080515,0.768588330192094,-0.131216379888422,0.0186818694629318,1,0.824239385583441
"Hypomethylated in DIS","cg15462970",0.840810162868946,0.669337681163905,-0.171472481705041,0.00324784105134245,1,0.824239385583441
"Hypomethylated in DIS","cg17743250",0.703391648294472,0.564318581703585,-0.139073066590887,0.0271884935999883,1,0.824239385583441
"Hypomethylated in DIS","cg19307545",0.272647852549944,0.123943164445704,-0.14870468810424,0.00839660417208166,1,0.824239385583441
"Hypomethylated in DIS","cg22621161",0.921817636930495,0.749595644533218,-0.172221992397277,0.0391635624872733,1,0.824239385583441
"Hypomethylated in DIS","cg22789769",0.808722050175814,0.665288697324811,-0.143433352851003,0.0272349622938867,1,0.824239385583441
"Hypomethylated in DIS","cg22822446",0.688820359210349,0.450764241025327,-0.238056118185022,0.0109128861937151,1,0.824239385583441
"Hypomethylated in DIS","cg24270624",0.553796512782041,0.445378485319031,-0.108418027463009,0.0293415375622682,1,0.824239385583441
"Hypomethylated in DIS","cg24913868",0.315536019074403,0.210942171155608,-0.104593847918795,0.0116838392085647,1,0.824239385583441
"Hypomethylated in DIS","cg25712088",0.511053079746502,0.320332970558998,-0.190720109187503,0.00406155047307424,1,0.824239385583441
"Hypomethylated in DIS","cg27141489",0.848240778705521,0.663992676889532,-0.184248101815989,0.0288472673946683,1,0.824239385583441
"Hypomethylated in DIS","cg01151584",0.655025368864592,0.521953407538433,-0.133071961326159,0.00724290329925419,1,0.824239385583441
"Hypomethylated in DIS","cg02787737",0.24008408125726,0.0562166608711894,-0.183867420386071,0.00114398209441239,1,0.824239385583441
"Hypomethylated in DIS","cg03306615",0.44619636194294,0.321784252523094,-0.124412109419846,0.0420478243103473,1,0.824239385583441
"Hypomethylated in DIS","cg05128379",0.83854292546886,0.717217864751904,-0.121325060716955,0.0129880356177844,1,0.824239385583441
"Hypomethylated in DIS","cg07524873",0.862665462010753,0.761342709185318,-0.101322752825435,0.0468355544865775,1,0.824239385583441
"Hypomethylated in DIS","cg09813060",0.482929916923568,0.205673841664397,-0.277256075259171,0.031968557545243,1,0.824239385583441
"Hypomethylated in DIS","cg14402017",0.743629282679303,0.624417752569972,-0.119211530109331,0.0307807932846983,1,0.824239385583441
"Hypomethylated in DIS","cg15263021",0.474149014399244,0.36628921707487,-0.107859797324374,0.00876095092942328,1,0.824239385583441
"Hypomethylated in DIS","cg15356553",0.718739618621183,0.533703328234841,-0.185036290386342,0.00514292826391488,1,0.824239385583441
"Hypomethylated in DIS","cg15701612",0.916261008575012,0.586000123423149,-0.330260885151863,0.0086908635247558,1,0.824239385583441
"Hypomethylated in DIS","cg16777618",0.468462980638619,0.152669509385631,-0.315793471252988,0.0480902085498169,1,0.824239385583441
"Hypomethylated in DIS","cg17658113",0.887448441082819,0.67666463326573,-0.210783807817089,0.0255024514720335,1,0.824239385583441
"Hypomethylated in DIS","cg19695805",0.197345087072775,0.0885076918732249,-0.108837395199551,0.0338481404779675,1,0.824239385583441
"Hypomethylated in DIS","cg20451986",0.357841070872321,0.0860380396476746,-0.271803031224646,0.00143924134750193,1,0.824239385583441
"Hypomethylated in DIS","cg23715045",0.914082685893223,0.776955671629135,-0.137127014264088,0.000579576615870559,1,0.824239385583441
"Hypomethylated in DIS","cg24490227",0.478640170375252,0.212907857507819,-0.265732312867433,0.00467073907290783,1,0.824239385583441
"Hypomethylated in DIS","cg24750539",0.767872800924123,0.653575484371416,-0.114297316552707,0.0351573860165367,1,0.824239385583441
"Hypomethylated in DIS","cg24942416",0.923069308685206,0.766336886366381,-0.156732422318825,0.00349190801411588,1,0.824239385583441
"Hypomethylated in DIS","cg25852095",0.252941457076171,0.0887995832526821,-0.164141873823489,0.0226734203842746,1,0.824239385583441
"Hypomethylated in DIS","cg26376030",0.437592760208391,0.228519410748532,-0.209073349459859,0.0167091766132717,1,0.824239385583441
"Hypomethylated in DIS","cg27466532",0.826152151549949,0.653027373381958,-0.173124778167991,0.0245860741860805,1,0.824239385583441
"Hypomethylated in DIS","cg00794174",0.914663361784128,0.715736967930215,-0.198926393853914,0.00969926131367816,1,0.824239385583441
"Hypomethylated in DIS","cg03327403",0.799532414567241,0.659512884477631,-0.14001953008961,0.0167153501357159,1,0.824239385583441
"Hypomethylated in DIS","cg04144604",0.798046636934656,0.695758929779719,-0.102287707154937,0.0499769737711449,1,0.824239385583441
"Hypomethylated in DIS","cg04948956",0.623995189192465,0.490684161647842,-0.133311027544623,0.0444134221691901,1,0.824239385583441
"Hypomethylated in DIS","cg05839365",0.473710631530983,0.315574685786389,-0.158135945744594,0.0145645455639027,1,0.824239385583441
"Hypomethylated in DIS","cg08537890",0.567554492434969,0.33300104790655,-0.234553444528419,0.014343552984501,1,0.824239385583441
"Hypomethylated in DIS","cg08762603",0.768251322621512,0.628485048395042,-0.13976627422647,0.0286415040377586,1,0.824239385583441
"Hypomethylated in DIS","cg11161597",0.362332174538902,0.185019643208858,-0.177312531330044,0.00280797656589776,1,0.824239385583441
"Hypomethylated in DIS","cg13617280",0.743844772761734,0.563055232644649,-0.180789540117085,0.00389054836636807,1,0.824239385583441
"Hypomethylated in DIS","cg16726039",0.731314067051081,0.287398154141044,-0.443915912910037,0.000978303717964129,1,0.824239385583441
"Hypomethylated in DIS","cg19358373",0.680520181002964,0.521024421753673,-0.15949575924929,0.0309697302175203,1,0.824239385583441
"Hypomethylated in DIS","cg22221074",0.444341653325691,0.298431598442585,-0.145910054883105,0.000681213455617993,1,0.824239385583441
"Hypomethylated in DIS","cg27470433",0.526596258924316,0.231535553564277,-0.295060705360039,0.00447909592610215,1,0.824239385583441
"Hypomethylated in DIS","cg01435643",0.544492652631354,0.192060635698032,-0.352432016933322,0.00392030167590755,1,0.824239385583441
"Hypomethylated in DIS","cg02024925",0.89400774314968,0.670183414003795,-0.223824329145885,0.0013730997715062,1,0.824239385583441
"Hypomethylated in DIS","cg06975067",0.273809656036637,0.126415406549488,-0.147394249487149,0.0280370572733265,1,0.824239385583441
"Hypomethylated in DIS","cg09519134",0.731504674350975,0.536695628841979,-0.194809045508995,3.67269200001136e-05,1,0.753785601813164
"Hypomethylated in DIS","cg09714789",0.791523638052602,0.634316486840005,-0.157207151212597,0.0412160416828287,1,0.824239385583441
"Hypomethylated in DIS","cg15426006",0.315623086282228,0.13489137146747,-0.180731714814758,0.00370286135892612,1,0.824239385583441
"Hypomethylated in DIS","cg22104744",0.325590819265334,0.212219112822138,-0.113371706443195,0.0490599865549553,1,0.824239385583441
"Hypomethylated in DIS","cg26897297",0.869430778883214,0.752103950769681,-0.117326828113533,0.00247707014576076,1,0.824239385583441
"Hypomethylated in DIS","cg27657439",0.366591354528915,0.151367703824045,-0.21522365070487,0.000169675900719016,1,0.824239385583441
"Hypomethylated in DIS","cg05093429",0.693246066616775,0.549509158425334,-0.143736908191441,0.0231449557383057,1,0.824239385583441
"Hypomethylated in DIS","cg05369327",0.347556669503391,0.198532314892357,-0.149024354611033,0.0364877943748683,1,0.824239385583441
"Hypomethylated in DIS","cg09298313",0.395432727464993,0.222198883759779,-0.173233843705214,0.0331180496646,1,0.824239385583441
"Hypomethylated in DIS","cg13019568",0.339427023851902,0.21301723061969,-0.126409793232212,0.035870946360645,1,0.824239385583441
"Hypomethylated in DIS","cg14851578",0.76004998356568,0.582561726001205,-0.177488257564475,0.0497469631351644,1,0.824239385583441
"Hypomethylated in DIS","cg01786704",0.326313541861975,0.132409400395638,-0.193904141466337,0.0198360940499183,1,0.824239385583441
"Hypomethylated in DIS","cg01919939",0.763811673549306,0.569670914387216,-0.194140759162091,0.0356381619739181,1,0.824239385583441
"Hypomethylated in DIS","cg15805998",0.742194880995698,0.600496700826597,-0.141698180169101,0.0313901366331178,1,0.824239385583441
"Hypomethylated in DIS","cg17514291",0.79071611761206,0.592154130890979,-0.198561986721082,0.00471151904868965,1,0.824239385583441
"Hypomethylated in DIS","cg20592017",0.883936371086204,0.598314972381777,-0.285621398704427,0.0413233152171237,1,0.824239385583441
"Hypomethylated in DIS","cg24373369",0.489685695415247,0.333019389475795,-0.156666305939451,0.00160375566760816,1,0.824239385583441
"Hypomethylated in DIS","cg01147352",0.287175322848987,0.134722274669293,-0.152453048179694,0.0131950187961505,1,0.824239385583441
"Hypomethylated in DIS","cg01421525",0.918897715018093,0.575418387967495,-0.343479327050598,0.00450192320330668,1,0.824239385583441
"Hypomethylated in DIS","cg02282640",0.951963238650935,0.838993917324946,-0.112969321325989,0.0303410708101513,1,0.824239385583441
"Hypomethylated in DIS","cg03737209",0.608801180510181,0.486403521197733,-0.122397659312448,0.0241372040860987,1,0.824239385583441
"Hypomethylated in DIS","cg04554272",0.69395069698188,0.187386438968619,-0.506564258013261,0.00115832251830741,1,0.824239385583441
"Hypomethylated in DIS","cg05849772",0.290519413550572,0.127161518786722,-0.163357894763851,0.0132263827978541,1,0.824239385583441
"Hypomethylated in DIS","cg05873017",0.894975674992745,0.794554540720872,-0.100421134271873,0.0397089339478408,1,0.824239385583441
"Hypomethylated in DIS","cg05880137",0.668645501420675,0.485282270209154,-0.183363231211521,0.0317482326349157,1,0.824239385583441
"Hypomethylated in DIS","cg07338658",0.912973943156377,0.600536461386828,-0.31243748176955,0.00443796487955863,1,0.824239385583441
"Hypomethylated in DIS","cg07502868",0.904382252850134,0.614392437015612,-0.289989815834522,0.012804138196952,1,0.824239385583441
"Hypomethylated in DIS","cg08118908",0.971105207886272,0.833110234444301,-0.137994973441971,0.00871231250754294,1,0.824239385583441
"Hypomethylated in DIS","cg09685060",0.560267280597185,0.454008359738023,-0.106258920859162,0.0454630074707466,1,0.824239385583441
"Hypomethylated in DIS","cg10471113",0.610498157009862,0.274044606068112,-0.33645355094175,0.0119317317272397,1,0.824239385583441
"Hypomethylated in DIS","cg27316939",0.272888561974724,0.142494517068411,-0.130394044906313,0.0497363359135684,1,0.824239385583441
"Hypomethylated in DIS","cg03803541",0.346238535445971,0.129083416912645,-0.217155118533326,0.00248637642338578,1,0.824239385583441
"Hypomethylated in DIS","cg10906729",0.770138980465934,0.409322998905712,-0.360815981560222,0.00659907094543536,1,0.824239385583441
"Hypomethylated in DIS","cg15435170",0.522050110912395,0.292637112971072,-0.229412997941322,0.00352352911950907,1,0.824239385583441
"Hypomethylated in DIS","cg16455894",0.605381126166017,0.497741642513757,-0.107639483652259,0.023849111598378,1,0.824239385583441
"Hypomethylated in DIS","cg16674433",0.644564267606704,0.455474948015506,-0.189089319591198,0.00424737058368334,1,0.824239385583441
"Hypomethylated in DIS","cg17179862",0.351798482588693,0.152676693719796,-0.199121788868896,0.00914512282897787,1,0.824239385583441
"Hypomethylated in DIS","cg17730048",0.366525823461989,0.251723403394729,-0.114802420067261,0.0275614836429849,1,0.824239385583441
"Hypomethylated in DIS","cg18684142",0.843330205068721,0.551892734867409,-0.291437470201312,0.00255135137181053,1,0.824239385583441
"Hypomethylated in DIS","cg19426413",0.602423994093776,0.453086798080671,-0.149337196013104,0.00491420907255042,1,0.824239385583441
"Hypomethylated in DIS","cg19828220",0.61089366887298,0.379918937042851,-0.230974731830129,0.00493521978933918,1,0.824239385583441
"Hypomethylated in DIS","cg20504474",0.574882162765713,0.353592439616734,-0.221289723148979,0.0182853853951256,1,0.824239385583441
"Hypomethylated in DIS","cg23505044",0.856163645902881,0.554299379227939,-0.301864266674942,0.000502739426561458,1,0.824239385583441
"Hypomethylated in DIS","cg23541975",0.861183839857171,0.714399744223049,-0.146784095634122,0.0142381994170178,1,0.824239385583441
"Hypomethylated in DIS","cg23797200",0.438097896556425,0.209290596586977,-0.228807299969449,0.0424041236491584,1,0.824239385583441
"Hypomethylated in DIS","cg24207068",0.358456292529571,0.167209682975294,-0.191246609554277,0.0455275745938946,1,0.824239385583441
"Hypomethylated in DIS","cg26282887",0.459909964169023,0.306126138377074,-0.153783825791949,0.0211009269761137,1,0.824239385583441
"Hypomethylated in DIS","cg12061113",0.383516214730212,0.220507842286772,-0.16300837244344,0.0168236734697311,1,0.824239385583441
"Hypomethylated in DIS","cg16244155",0.382048904829173,0.222660309601671,-0.159388595227501,0.0273575113851413,1,0.824239385583441
"Hypomethylated in DIS","cg16737533",0.360074204148074,0.183532109257539,-0.176542094890535,0.00788656420763332,1,0.824239385583441
"Hypomethylated in DIS","cg19774868",0.301299265210099,0.144591636403695,-0.156707628806404,0.0226010315488545,1,0.824239385583441
"Hypomethylated in DIS","cg01308806",0.55770557257305,0.408981252947259,-0.148724319625791,0.0342056513970251,1,0.824239385583441
"Hypomethylated in DIS","cg02462353",0.651929700430734,0.457633421587426,-0.194296278843307,0.00948627210586393,1,0.824239385583441
"Hypomethylated in DIS","cg03039294",0.68744190107294,0.537241899242992,-0.150200001829948,0.00180343708571356,1,0.824239385583441
"Hypomethylated in DIS","cg05215830",0.801547639460949,0.576519165727763,-0.225028473733185,0.000519381547528329,1,0.824239385583441
"Hypomethylated in DIS","cg10677351",0.916281243508744,0.8012929086131,-0.114988334895644,0.00975259972337993,1,0.824239385583441
"Hypomethylated in DIS","cg11877254",0.399761274944877,0.248026689624505,-0.151734585320372,0.0338967659126931,1,0.824239385583441
"Hypomethylated in DIS","cg12170787",0.474262937713657,0.244014345727351,-0.230248591986306,0.00126252876023784,1,0.824239385583441
"Hypomethylated in DIS","cg15436354",0.390576318972534,0.143739396023382,-0.246836922949152,0.0231288366841651,1,0.824239385583441
"Hypomethylated in DIS","cg18355337",0.636776324796115,0.230320738092376,-0.406455586703739,0.00572145384893151,1,0.824239385583441
"Hypomethylated in DIS","cg23849483",0.802875828845209,0.668192324601011,-0.134683504244198,0.00184075494413858,1,0.824239385583441
"Hypomethylated in DIS","cg25818583",0.793693172304557,0.560079522182709,-0.233613650121848,0.00226555346326416,1,0.824239385583441
"Hypomethylated in DIS","cg07947033",0.557505676064701,0.42700322409425,-0.130502451970451,0.0427872589095036,1,0.824239385583441
"Hypomethylated in DIS","cg12058372",0.786017487608466,0.619944030910924,-0.166073456697542,0.0233835480678408,1,0.824239385583441
"Hypomethylated in DIS","cg19640589",0.522743419561263,0.408335528241056,-0.114407891320206,0.0103261560592573,1,0.824239385583441
"Hypomethylated in DIS","cg20119532",0.660107655944678,0.466485498130841,-0.193622157813836,0.0127311200499736,1,0.824239385583441
"Hypomethylated in DIS","cg22772698",0.549107452248141,0.406519598884006,-0.142587853364135,0.0454032012853549,1,0.824239385583441
"Hypomethylated in DIS","cg24617313",0.593471729591544,0.294450648345644,-0.2990210812459,0.0489288531956398,1,0.824239385583441
"Hypomethylated in DIS","cg26861732",0.395438049630637,0.253625891678229,-0.141812157952408,0.0460186606524251,1,0.824239385583441
"Hypomethylated in DIS","cg24356473",0.524385426240711,0.362947854891448,-0.161437571349262,0.00422026355776293,1,0.824239385583441
"Hypomethylated in DIS","cg27619353",0.439924163015917,0.337104522880945,-0.102819640134972,0.01622826898538,1,0.824239385583441
"Hypomethylated in DIS","cg01307615",0.832838726947081,0.719007781918763,-0.113830945028319,0.0416208923109921,1,0.824239385583441
"Hypomethylated in DIS","cg02031392",0.688956317063323,0.496821995344385,-0.192134321718938,0.0138395270462037,1,0.824239385583441
"Hypomethylated in DIS","cg02413104",0.760864589837825,0.589148621608676,-0.171715968229149,0.0217588958496,1,0.824239385583441
"Hypomethylated in DIS","cg03887211",0.787199478220884,0.670897946748833,-0.116301531472052,0.0457291963222685,1,0.824239385583441
"Hypomethylated in DIS","cg04738169",0.708452025869773,0.602151089166608,-0.106300936703165,0.0459006058568281,1,0.824239385583441
"Hypomethylated in DIS","cg04886769",0.827967623805355,0.693233669737247,-0.134733954068109,0.0183495807451504,1,0.824239385583441
"Hypomethylated in DIS","cg06246900",0.875740654327845,0.765802759321445,-0.1099378950064,0.0364740415322683,1,0.824239385583441
"Hypomethylated in DIS","cg06848990",0.835236495487939,0.703935557543804,-0.131300937944135,0.0140052022242171,1,0.824239385583441
"Hypomethylated in DIS","cg07679571",0.597380345201623,0.448375253281112,-0.14900509192051,0.035366181779015,1,0.824239385583441
"Hypomethylated in DIS","cg08122495",0.67841112449097,0.543905700352575,-0.134505424138395,0.0480941440968221,1,0.824239385583441
"Hypomethylated in DIS","cg10674511",0.749901800258291,0.585139312336536,-0.164762487921754,0.00134802120969095,1,0.824239385583441
"Hypomethylated in DIS","cg11115577",0.75576554853643,0.628617136392501,-0.127148412143929,0.0396766328199697,1,0.824239385583441
"Hypomethylated in DIS","cg12753220",0.760994182150336,0.596285590766449,-0.164708591383887,0.0274061137178053,1,0.824239385583441
"Hypomethylated in DIS","cg14027817",0.720331388474202,0.537476737667225,-0.182854650806978,0.0223519730184974,1,0.824239385583441
"Hypomethylated in DIS","cg14107638",0.77973826588255,0.640101879742003,-0.139636386140547,0.0483028529714208,1,0.824239385583441
"Hypomethylated in DIS","cg15309862",0.780575614163357,0.614226365659143,-0.166349248504214,0.0357675090766002,1,0.824239385583441
"Hypomethylated in DIS","cg15465300",0.592685466662655,0.469836019755671,-0.122849446906984,0.0413265004822571,1,0.824239385583441
"Hypomethylated in DIS","cg15844109",0.715445223970684,0.586144896121619,-0.129300327849065,0.0136847630262494,1,0.824239385583441
"Hypomethylated in DIS","cg17073891",0.849773207621818,0.744496055340093,-0.105277152281726,0.029502333369381,1,0.824239385583441
"Hypomethylated in DIS","cg17813054",0.807523686258356,0.671860268462614,-0.135663417795741,0.0132904169922367,1,0.824239385583441
"Hypomethylated in DIS","cg18512357",0.731662254530349,0.625181600327559,-0.106480654202791,0.0476149080450765,1,0.824239385583441
"Hypomethylated in DIS","cg21411291",0.888513444182557,0.7752381813184,-0.113275262864157,0.0235498413407737,1,0.824239385583441
"Hypomethylated in DIS","cg25602651",0.791589765772676,0.685893606063211,-0.105696159709465,0.0285891233399632,1,0.824239385583441
"Hypomethylated in DIS","cg00028022",0.639148657446684,0.290180967991758,-0.348967689454926,0.0105994893511836,1,0.824239385583441
"Hypomethylated in DIS","cg00154920",0.683151353428732,0.566897408490981,-0.116253944937751,0.029956845854583,1,0.824239385583441
"Hypomethylated in DIS","cg00581603",0.857287217903779,0.738835287659783,-0.118451930243996,0.0388354144491604,1,0.824239385583441
"Hypomethylated in DIS","cg00923634",0.713507710768777,0.602314693782082,-0.111193016986695,0.020810903528138,1,0.824239385583441
"Hypomethylated in DIS","cg00983697",0.422599137749145,0.245074166000809,-0.177524971748336,0.0166668206501263,1,0.824239385583441
"Hypomethylated in DIS","cg01330815",0.573876313807805,0.441899401361525,-0.13197691244628,0.016996262048176,1,0.824239385583441
"Hypomethylated in DIS","cg01827761",0.751305659151393,0.651187358351716,-0.100118300799677,0.0299119068496541,1,0.824239385583441
"Hypomethylated in DIS","cg01941663",0.830173029004089,0.724370266885722,-0.105802762118366,0.0200446632673078,1,0.824239385583441
"Hypomethylated in DIS","cg02087985",0.672899006405555,0.501191080358671,-0.171707926046884,0.0485000108792595,1,0.824239385583441
"Hypomethylated in DIS","cg02345146",0.541008171849533,0.422297312830045,-0.118710859019488,0.0231744029658875,1,0.824239385583441
"Hypomethylated in DIS","cg02393699",0.769875718188249,0.540721500134606,-0.229154218053642,0.0181963134079444,1,0.824239385583441
"Hypomethylated in DIS","cg02721693",0.74121636348852,0.47702265194191,-0.26419371154661,0.0364938371115718,1,0.824239385583441
"Hypomethylated in DIS","cg02830936",0.713291150219162,0.570094232761115,-0.143196917458047,0.0401948596288157,1,0.824239385583441
"Hypomethylated in DIS","cg02984188",0.362807996045126,0.252920256400987,-0.109887739644139,0.00442641942734457,1,0.824239385583441
"Hypomethylated in DIS","cg03426226",0.901143108759677,0.798023000862577,-0.103120107897099,0.0286846745839166,1,0.824239385583441
"Hypomethylated in DIS","cg03458344",0.575383753340741,0.462683378793783,-0.112700374546957,0.0206134253593893,1,0.824239385583441
"Hypomethylated in DIS","cg04089743",0.580976905681739,0.455054419528712,-0.125922486153028,0.0445215615652797,1,0.824239385583441
"Hypomethylated in DIS","cg04305539",0.679545572390144,0.472372390043259,-0.207173182346885,0.0192494008872935,1,0.824239385583441
"Hypomethylated in DIS","cg04411442",0.828121518552394,0.697482194694581,-0.130639323857814,0.0271635009776844,1,0.824239385583441
"Hypomethylated in DIS","cg04811114",0.45094116827488,0.276210530881951,-0.174730637392929,0.0188160009293492,1,0.824239385583441
"Hypomethylated in DIS","cg05024121",0.367362737766678,0.259065640271667,-0.108297097495011,0.00527170754373561,1,0.824239385583441
"Hypomethylated in DIS","cg05044291",0.385331690323087,0.226740079787064,-0.158591610536023,0.0356501574279687,1,0.824239385583441
"Hypomethylated in DIS","cg05045598",0.40698064526741,0.246770102957523,-0.160210542309888,0.0347246558100115,1,0.824239385583441
"Hypomethylated in DIS","cg05381960",0.538012742939946,0.327023930283484,-0.210988812656461,0.00877229714582852,1,0.824239385583441
"Hypomethylated in DIS","cg06600287",0.810550579312273,0.707642503905392,-0.102908075406881,0.0316174690585883,1,0.824239385583441
"Hypomethylated in DIS","cg06825163",0.578984708219674,0.342384242815685,-0.236600465403989,0.017353584604335,1,0.824239385583441
"Hypomethylated in DIS","cg06899483",0.786852467166141,0.615722525305792,-0.171129941860349,0.00752574435225262,1,0.824239385583441
"Hypomethylated in DIS","cg06902368",0.794861431750027,0.630468629571666,-0.164392802178361,0.040472202550199,1,0.824239385583441
"Hypomethylated in DIS","cg07109453",0.725764827166398,0.569729108064757,-0.156035719101641,0.0411245822609234,1,0.824239385583441
"Hypomethylated in DIS","cg07121795",0.533229323990186,0.416543018994646,-0.11668630499554,0.0255952390454656,1,0.824239385583441
"Hypomethylated in DIS","cg07207669",0.695700753942776,0.571587321274455,-0.12411343266832,0.0216249799412605,1,0.824239385583441
"Hypomethylated in DIS","cg07737182",0.302474692251319,0.142610583170961,-0.159864109080358,0.00147393959503665,1,0.824239385583441
"Hypomethylated in DIS","cg07820189",0.801007052276255,0.670312640400699,-0.130694411875556,0.00499274290649723,1,0.824239385583441
"Hypomethylated in DIS","cg08143045",0.905478524564916,0.7459906422427,-0.159487882322217,0.031639346909114,1,0.824239385583441
"Hypomethylated in DIS","cg08521967",0.543977636818904,0.42336950325973,-0.120608133559174,0.0155556737418164,1,0.824239385583441
"Hypomethylated in DIS","cg08884932",0.444000111962545,0.279001006934071,-0.164999105028473,0.000372915951899676,1,0.824239385583441
"Hypomethylated in DIS","cg08915824",0.543040979660358,0.268891007535021,-0.274149972125337,0.0106105737511775,1,0.824239385583441
"Hypomethylated in DIS","cg09012411",0.733122759625158,0.616444091528021,-0.116678668097137,0.0114056317418823,1,0.824239385583441
"Hypomethylated in DIS","cg09173378",0.717900094743505,0.594201490537292,-0.123698604206213,0.00966873089691234,1,0.824239385583441
"Hypomethylated in DIS","cg09333723",0.811464693841397,0.699504291921288,-0.111960401920109,0.0449275333467539,1,0.824239385583441
"Hypomethylated in DIS","cg09368188",0.326768661581535,0.188767303957278,-0.138001357624257,0.0114721412076381,1,0.824239385583441
"Hypomethylated in DIS","cg09513758",0.899795242694193,0.771333166264979,-0.128462076429214,0.0430287035532658,1,0.824239385583441
"Hypomethylated in DIS","cg09554443",0.25336366339383,0.144816359401956,-0.108547303991874,0.0428908325238247,1,0.824239385583441
"Hypomethylated in DIS","cg09674502",0.475511632770152,0.250547199816795,-0.224964432953357,0.0411882679959344,1,0.824239385583441
"Hypomethylated in DIS","cg10124807",0.442628462705206,0.247012689412782,-0.195615773292424,0.0233862152873083,1,0.824239385583441
"Hypomethylated in DIS","cg10375954",0.359358831196718,0.233202579169756,-0.126156252026962,0.0406007795021335,1,0.824239385583441
"Hypomethylated in DIS","cg10386431",0.650562981435274,0.480495987854108,-0.170066993581167,0.0317812664891895,1,0.824239385583441
"Hypomethylated in DIS","cg10399789",0.874383641273863,0.759946564929673,-0.114437076344191,0.039047000782619,1,0.824239385583441
"Hypomethylated in DIS","cg10584024",0.509601193308916,0.265532799840286,-0.24406839346863,0.0398230281302432,1,0.824239385583441
"Hypomethylated in DIS","cg11190658",0.633829612847029,0.507290728672579,-0.12653888417445,0.0479896482499939,1,0.824239385583441
"Hypomethylated in DIS","cg11225330",0.67945697829442,0.499095901155185,-0.180361077139235,0.00595012217889106,1,0.824239385583441
"Hypomethylated in DIS","cg11235697",0.8445506383124,0.647315657838239,-0.19723498047416,0.0207904239832961,1,0.824239385583441
"Hypomethylated in DIS","cg12051819",0.4485897073855,0.291761727883826,-0.156827979501674,0.0162955137650201,1,0.824239385583441
"Hypomethylated in DIS","cg12126706",0.598185685546387,0.317229223460807,-0.28095646208558,0.00514889381376249,1,0.824239385583441
"Hypomethylated in DIS","cg12388523",0.771758019834602,0.30323632446812,-0.468521695366482,0.0082960119978603,1,0.824239385583441
"Hypomethylated in DIS","cg12753165",0.879822923712648,0.717504444117122,-0.162318479595526,0.00684867433251911,1,0.824239385583441
"Hypomethylated in DIS","cg12806882",0.604693836243149,0.466506922633014,-0.138186913610135,0.0329654203539807,1,0.824239385583441
"Hypomethylated in DIS","cg13420413",0.665146991164995,0.529162482606348,-0.135984508558647,0.0429493349060592,1,0.824239385583441
"Hypomethylated in DIS","cg13482134",0.792482409918107,0.35154661493475,-0.440935794983357,0.0329107189845176,1,0.824239385583441
"Hypomethylated in DIS","cg13551783",0.583295342293483,0.349775409512936,-0.233519932780547,0.00410673492011395,1,0.824239385583441
"Hypomethylated in DIS","cg14008593",0.605369001841928,0.404347052041884,-0.201021949800044,0.011905777609483,1,0.824239385583441
"Hypomethylated in DIS","cg14748380",0.686016580643038,0.434192196875455,-0.251824383767584,0.00594048203356633,1,0.824239385583441
"Hypomethylated in DIS","cg15620905",0.716647983325912,0.570698517170226,-0.145949466155686,0.0383963918433883,1,0.824239385583441
"Hypomethylated in DIS","cg15818208",0.328598436440338,0.173454701429025,-0.155143735011313,0.043472706553391,1,0.824239385583441
"Hypomethylated in DIS","cg15903280",0.78858218394074,0.621933553786493,-0.166648630154246,0.0161910504757816,1,0.824239385583441
"Hypomethylated in DIS","cg15925478",0.65072290960374,0.499443148650452,-0.151279760953287,0.0239706628695845,1,0.824239385583441
"Hypomethylated in DIS","cg16104584",0.542117272934025,0.301490198086137,-0.240627074847888,0.0247817588300919,1,0.824239385583441
"Hypomethylated in DIS","cg16263152",0.407011201732444,0.27862294544429,-0.128388256288154,0.0172532335456851,1,0.824239385583441
"Hypomethylated in DIS","cg16346032",0.583046606083221,0.355601961117588,-0.227444644965633,0.0321408254175064,1,0.824239385583441
"Hypomethylated in DIS","cg16516400",0.329693340990529,0.20205998196236,-0.127633359028168,0.0126903814461269,1,0.824239385583441
"Hypomethylated in DIS","cg16596317",0.644152641093316,0.507956250181328,-0.136196390911988,0.0127946202184437,1,0.824239385583441
"Hypomethylated in DIS","cg16646597",0.751131140846068,0.595241550333902,-0.155889590512166,0.0487475072190597,1,0.824239385583441
"Hypomethylated in DIS","cg16736630",0.414115184572655,0.300221911787875,-0.11389327278478,0.01076139264906,1,0.824239385583441
"Hypomethylated in DIS","cg17083209",0.402992135091883,0.133296035844679,-0.269696099247204,0.0374693636487397,1,0.824239385583441
"Hypomethylated in DIS","cg17108141",0.554074788606929,0.445476213942534,-0.108598574664394,0.0481429880392927,1,0.824239385583441
"Hypomethylated in DIS","cg17126435",0.859631703637914,0.756393325923908,-0.103238377714006,0.0455035421627633,1,0.824239385583441
"Hypomethylated in DIS","cg17177602",0.544133813204352,0.413908745801216,-0.130225067403136,0.0102929469227641,1,0.824239385583441
"Hypomethylated in DIS","cg17250929",0.51145228279948,0.336811966296991,-0.174640316502489,0.0254721914953593,1,0.824239385583441
"Hypomethylated in DIS","cg17515347",0.682106451961046,0.513143024518839,-0.168963427442207,0.0106476684698647,1,0.824239385583441
"Hypomethylated in DIS","cg17724175",0.865893891416572,0.763770096300814,-0.102123795115758,0.0091422920040509,1,0.824239385583441
"Hypomethylated in DIS","cg17885794",0.601573067891169,0.405893198246881,-0.195679869644288,0.0338757131563588,1,0.824239385583441
"Hypomethylated in DIS","cg17969662",0.79759264979767,0.688802400350807,-0.108790249446863,0.045826484508731,1,0.824239385583441
"Hypomethylated in DIS","cg17984885",0.899266691058201,0.720779061618227,-0.178487629439974,0.0345899356025881,1,0.824239385583441
"Hypomethylated in DIS","cg18433086",0.601839500774459,0.462766428299538,-0.139073072474921,0.0404788964937417,1,0.824239385583441
"Hypomethylated in DIS","cg18815120",0.401942212503296,0.212775179527923,-0.189167032975373,0.0413652320188934,1,0.824239385583441
"Hypomethylated in DIS","cg18923740",0.394459736670876,0.265362427533192,-0.129097309137684,0.0110870323445481,1,0.824239385583441
"Hypomethylated in DIS","cg18941831",0.867983400759739,0.74085580609694,-0.127127594662799,0.0180488465113847,1,0.824239385583441
"Hypomethylated in DIS","cg19500334",0.784286681723732,0.668076491523805,-0.116210190199927,0.00535287676202887,1,0.824239385583441
"Hypomethylated in DIS","cg19619028",0.635780524826567,0.440901059233756,-0.194879465592811,0.0284077835510829,1,0.824239385583441
"Hypomethylated in DIS","cg20144066",0.77731732786448,0.507129882191733,-0.270187445672747,0.00984048745421492,1,0.824239385583441
"Hypomethylated in DIS","cg20320200",0.774360515681969,0.620173540685615,-0.154186974996354,0.00929885284448425,1,0.824239385583441
"Hypomethylated in DIS","cg20320283",0.67836767954189,0.555926221802607,-0.122441457739283,0.043415550025714,1,0.824239385583441
"Hypomethylated in DIS","cg20420249",0.84634934950797,0.743677931748789,-0.102671417759181,0.00844868509766727,1,0.824239385583441
"Hypomethylated in DIS","cg20510272",0.610472412978538,0.475309470376069,-0.135162942602469,0.0459179758951905,1,0.824239385583441
"Hypomethylated in DIS","cg20598894",0.801628758701195,0.588746143397726,-0.21288261530347,0.000919616051865619,1,0.824239385583441
"Hypomethylated in DIS","cg20611334",0.712188807446439,0.605574854093093,-0.106613953353346,0.0108275311885422,1,0.824239385583441
"Hypomethylated in DIS","cg20630887",0.856690357608024,0.692354782776326,-0.164335574831698,0.000755013265638802,1,0.824239385583441
"Hypomethylated in DIS","cg20800117",0.785524844454294,0.590852385478861,-0.194672458975433,0.0155661535032603,1,0.824239385583441
"Hypomethylated in DIS","cg20810345",0.788843408965911,0.660327290348465,-0.128516118617446,0.0453019137531397,1,0.824239385583441
"Hypomethylated in DIS","cg21147310",0.331458920824838,0.224331908370225,-0.107127012454613,0.0198987786041468,1,0.824239385583441
"Hypomethylated in DIS","cg21271945",0.438329001453598,0.334507570731264,-0.103821430722334,0.0317905920652972,1,0.824239385583441
"Hypomethylated in DIS","cg21363811",0.776170789019303,0.648841028252523,-0.12732976076678,0.0425452135740264,1,0.824239385583441
"Hypomethylated in DIS","cg21785384",0.693119091181517,0.49880028154242,-0.194318809639097,0.0101482896221329,1,0.824239385583441
"Hypomethylated in DIS","cg22172038",0.425344385474847,0.315756873247836,-0.109587512227011,0.0372020478569141,1,0.824239385583441
"Hypomethylated in DIS","cg22226398",0.77225335397781,0.662103368685911,-0.110149985291898,0.00632266691209176,1,0.824239385583441
"Hypomethylated in DIS","cg22350438",0.707094780892774,0.599729614091204,-0.107365166801569,0.0177913759240645,1,0.824239385583441
"Hypomethylated in DIS","cg22396959",0.694456054388417,0.547903175951395,-0.146552878437022,0.0427450862180715,1,0.824239385583441
"Hypomethylated in DIS","cg22711082",0.380674492766977,0.155947080621014,-0.224727412145963,0.000376792218896539,1,0.824239385583441
"Hypomethylated in DIS","cg22715764",0.782769842169386,0.649570914518492,-0.133198927650895,0.0495538928106717,1,0.824239385583441
"Hypomethylated in DIS","cg22719314",0.832604963681242,0.677184291569537,-0.155420672111705,0.00117282250115437,1,0.824239385583441
"Hypomethylated in DIS","cg22852353",0.777000480092563,0.583715088634499,-0.193285391458065,0.00611695137992812,1,0.824239385583441
"Hypomethylated in DIS","cg22874652",0.486919593144645,0.31469090357279,-0.172228689571855,0.0370610013337182,1,0.824239385583441
"Hypomethylated in DIS","cg22877366",0.414184906513429,0.166531799894286,-0.247653106619143,0.00236084608953174,1,0.824239385583441
"Hypomethylated in DIS","cg23213217",0.3111310362782,0.198886443747405,-0.112244592530794,0.0240399003976644,1,0.824239385583441
"Hypomethylated in DIS","cg23648809",0.652687589181981,0.48536737831568,-0.167320210866301,0.00585488522963605,1,0.824239385583441
"Hypomethylated in DIS","cg23691781",0.487237730757663,0.269994647172727,-0.217243083584935,0.00847206272243047,1,0.824239385583441
"Hypomethylated in DIS","cg24038105",0.306726050551503,0.16545854438121,-0.141267506170293,0.000542160257341045,1,0.824239385583441
"Hypomethylated in DIS","cg24317406",0.609534236762605,0.492927684150283,-0.116606552612323,0.0223902052861284,1,0.824239385583441
"Hypomethylated in DIS","cg24361198",0.933521026009346,0.745996374722373,-0.187524651286973,5.51981859382382e-07,0.267993816512459,0.266491177951723
"Hypomethylated in DIS","cg24478129",0.811553302595545,0.497438008974271,-0.314115293621274,0.0217828281836516,1,0.824239385583441
"Hypomethylated in DIS","cg24577455",0.628551380118862,0.305592910332625,-0.322958469786237,0.00857355665449487,1,0.824239385583441
"Hypomethylated in DIS","cg24593138",0.600064236827275,0.49548934427997,-0.104574892547306,0.0267637487276674,1,0.824239385583441
"Hypomethylated in DIS","cg24807850",0.809888730684459,0.593531176705256,-0.216357553979203,0.0213324718177697,1,0.824239385583441
"Hypomethylated in DIS","cg24941292",0.744100501622335,0.598968896773693,-0.145131604848642,0.0142271426299267,1,0.824239385583441
"Hypomethylated in DIS","cg25097189",0.373951474237651,0.228451957168223,-0.145499517069428,0.0157910164474056,1,0.824239385583441
"Hypomethylated in DIS","cg25189904",0.488281414350215,0.368261324548586,-0.120020089801629,0.0313207988658225,1,0.824239385583441
"Hypomethylated in DIS","cg25282454",0.710791066513178,0.388389237073934,-0.322401829439244,8.47256563363552e-05,1,0.824239385583441
"Hypomethylated in DIS","cg25382900",0.346709007796775,0.177032701652414,-0.169676306144361,0.012925379089107,1,0.824239385583441
"Hypomethylated in DIS","cg25683662",0.703993931265774,0.3874549602456,-0.316538971020174,0.00318948926187054,1,0.824239385583441
"Hypomethylated in DIS","cg26188212",0.667346077675571,0.303883960837092,-0.363462116838479,0.000722565813054025,1,0.824239385583441
"Hypomethylated in DIS","cg26233172",0.516832680098062,0.41266300049045,-0.104169679607612,0.0157324254318694,1,0.824239385583441
"Hypomethylated in DIS","cg26313955",0.380384079701826,0.246724429111513,-0.133659650590314,0.0231174743973303,1,0.824239385583441
"Hypomethylated in DIS","cg26908356",0.690099604450836,0.283667448323349,-0.406432156127487,0.0322607352151924,1,0.824239385583441
"Hypomethylated in DIS","cg27512510",0.650018572535775,0.524334550044416,-0.125684022491359,0.0426554097770702,1,0.824239385583441
"Hypomethylated in DIS","cg27526758",0.741571147281191,0.51637470426443,-0.225196443016761,0.00878719658851327,1,0.824239385583441
"Hypomethylated in DIS","cg27540799",0.767746281332177,0.629767957827425,-0.137978323504752,0.036796963377769,1,0.824239385583441
"Hypomethylated in DIS","cg27545296",0.786326823356313,0.58087117364995,-0.205455649706364,0.000343262655242097,1,0.824239385583441
"Hypomethylated in DIS","cg27574654",0.911322314893263,0.764494455487935,-0.146827859405328,0.0476772966048773,1,0.824239385583441
"Hypomethylated in DIS","cg27576900",0.703714598588751,0.551118209833036,-0.152596388755715,0.00187774503667683,1,0.824239385583441
"Hypomethylated in DIS","cg00079551",0.729681102227338,0.500653890593142,-0.229027211634196,0.00615145742809593,1,0.824239385583441
"Hypomethylated in DIS","cg00335735",0.836978630717086,0.716733767148699,-0.120244863568387,0.0400076895796635,1,0.824239385583441
"Hypomethylated in DIS","cg00402533",0.648237108028492,0.499120637156012,-0.149116470872479,0.0366497589943206,1,0.824239385583441
"Hypomethylated in DIS","cg01286624",0.826131262463344,0.698354591146938,-0.127776671316405,0.0100954380821125,1,0.824239385583441
"Hypomethylated in DIS","cg01385412",0.674298339289577,0.529848518397685,-0.144449820891892,0.0245260080180792,1,0.824239385583441
"Hypomethylated in DIS","cg01880929",0.792908594112861,0.649954545894311,-0.142954048218549,0.0390773544498114,1,0.824239385583441
"Hypomethylated in DIS","cg01883989",0.811120813145189,0.705673523791127,-0.105447289354062,0.0306750976041058,1,0.824239385583441
"Hypomethylated in DIS","cg02185666",0.393330039030288,0.267283380684844,-0.126046658345444,0.0034975103742355,1,0.824239385583441
"Hypomethylated in DIS","cg02380135",0.30735791911021,0.0615695839729615,-0.245788335137248,0.00583807743885206,1,0.824239385583441
"Hypomethylated in DIS","cg02495518",0.486002140685704,0.36220474717385,-0.123797393511853,0.034281148472491,1,0.824239385583441
"Hypomethylated in DIS","cg02786257",0.789174121297345,0.606362960174747,-0.182811161122598,0.0169508610306594,1,0.824239385583441
"Hypomethylated in DIS","cg02879423",0.327745376894857,0.221139547158574,-0.106605829736283,0.0357378243659803,1,0.824239385583441
"Hypomethylated in DIS","cg02975463",0.444713816999784,0.333476154530871,-0.111237662468913,0.0374414968061595,1,0.824239385583441
"Hypomethylated in DIS","cg02998028",0.726259489390597,0.579310570852401,-0.146948918538195,0.0343552245483886,1,0.824239385583441
"Hypomethylated in DIS","cg03476109",0.76063002598641,0.616137578180123,-0.144492447806287,0.0247303079382633,1,0.824239385583441
"Hypomethylated in DIS","cg03718845",0.764898070304324,0.57282717858647,-0.192070891717854,0.0189328630795328,1,0.824239385583441
"Hypomethylated in DIS","cg03740612",0.693054436653986,0.535052813565313,-0.158001623088673,0.0085965311655407,1,0.824239385583441
"Hypomethylated in DIS","cg03810768",0.580180986892025,0.468795540216726,-0.111385446675299,0.033555579699685,1,0.824239385583441
"Hypomethylated in DIS","cg03887528",0.428023076004853,0.312263251470791,-0.115759824534061,0.0418722221461422,1,0.824239385583441
"Hypomethylated in DIS","cg03960811",0.759079073882705,0.588754938211733,-0.170324135670971,0.0324251091862733,1,0.824239385583441
"Hypomethylated in DIS","cg04848957",0.865457477573964,0.716227609843313,-0.149229867730651,0.0362170567141811,1,0.824239385583441
"Hypomethylated in DIS","cg05037556",0.438475887779829,0.273723535307701,-0.164752352472129,0.00526554681377324,1,0.824239385583441
"Hypomethylated in DIS","cg05114739",0.777045112743414,0.63084221611921,-0.146202896624204,0.0284031998054973,1,0.824239385583441
"Hypomethylated in DIS","cg05195017",0.339939787682594,0.201427233125188,-0.138512554557405,0.00352763566084662,1,0.824239385583441
"Hypomethylated in DIS","cg05293897",0.516583575007101,0.329447472463527,-0.187136102543574,0.00244811651492471,1,0.824239385583441
"Hypomethylated in DIS","cg05348875",0.623039971636431,0.337942790978886,-0.285097180657544,0.0141141248806505,1,0.824239385583441
"Hypomethylated in DIS","cg05528339",0.734096799082145,0.534118714776211,-0.199978084305933,0.0364563803258543,1,0.824239385583441
"Hypomethylated in DIS","cg05543030",0.584540650892911,0.299384423526545,-0.285156227366366,0.000462076905984908,1,0.824239385583441
"Hypomethylated in DIS","cg05844832",0.843590790290517,0.715980204991778,-0.127610585298739,0.00426006391293168,1,0.824239385583441
"Hypomethylated in DIS","cg05870586",0.313828290404861,0.198817250159849,-0.115011040245013,0.0121382168597191,1,0.824239385583441
"Hypomethylated in DIS","cg05986623",0.849580371875832,0.743073789877945,-0.106506581997887,0.012003153640884,1,0.824239385583441
"Hypomethylated in DIS","cg06094745",0.725116377770159,0.557719074845311,-0.167397302924849,0.0451452185769951,1,0.824239385583441
"Hypomethylated in DIS","cg06737250",0.525535199531438,0.179879636984902,-0.345655562546537,0.0490641653013269,1,0.824239385583441
"Hypomethylated in DIS","cg06746096",0.84187953338065,0.664386480705159,-0.177493052675491,0.0302192902536575,1,0.824239385583441
"Hypomethylated in DIS","cg06832677",0.602440526945355,0.40662883427812,-0.195811692667235,0.0377272049405701,1,0.824239385583441
"Hypomethylated in DIS","cg06860600",0.473173585045403,0.294908102516262,-0.178265482529141,0.00385669255093261,1,0.824239385583441
"Hypomethylated in DIS","cg07298772",0.738337996068069,0.58634745895785,-0.151990537110219,0.0237290973070127,1,0.824239385583441
"Hypomethylated in DIS","cg07313737",0.891789407716607,0.772297443286687,-0.11949196442992,0.00262665501466599,1,0.824239385583441
"Hypomethylated in DIS","cg07720865",0.711615382395496,0.524793500039477,-0.186821882356019,0.00925596743706125,1,0.824239385583441
"Hypomethylated in DIS","cg07755689",0.723194563579254,0.527935712488696,-0.195258851090557,0.0090506032931227,1,0.824239385583441
"Hypomethylated in DIS","cg08035323",0.424415861392907,0.269047977416624,-0.155367883976284,0.0217222864346997,1,0.824239385583441
"Hypomethylated in DIS","cg08211895",0.722747949681086,0.581354807454993,-0.141393142226094,0.0160376630590588,1,0.824239385583441
"Hypomethylated in DIS","cg08357990",0.326844531423015,0.168988863275542,-0.157855668147474,0.043838302387431,1,0.824239385583441
"Hypomethylated in DIS","cg08444004",0.417720129232655,0.231576933363587,-0.186143195869068,0.0438729804965991,1,0.824239385583441
"Hypomethylated in DIS","cg08871239",0.732493264803178,0.578067183587302,-0.154426081215876,0.0372375356301414,1,0.824239385583441
"Hypomethylated in DIS","cg09152813",0.748745662303046,0.627934990794955,-0.120810671508091,0.0206715016931309,1,0.824239385583441
"Hypomethylated in DIS","cg09332960",0.618767613607221,0.361083846829374,-0.257683766777847,0.0212693734232255,1,0.824239385583441
"Hypomethylated in DIS","cg09368486",0.403550639412852,0.265732523630914,-0.137818115781937,0.00689300598801585,1,0.824239385583441
"Hypomethylated in DIS","cg09950920",0.74367072013047,0.563371582951981,-0.180299137178489,0.0382211950269199,1,0.824239385583441
"Hypomethylated in DIS","cg10639368",0.715767912568787,0.515819870339292,-0.199948042229496,0.0148050828524831,1,0.824239385583441
"Hypomethylated in DIS","cg11026129",0.734137810223511,0.61734728012707,-0.116790530096441,0.0426351424980673,1,0.824239385583441
"Hypomethylated in DIS","cg11028872",0.691914345297371,0.491194304319571,-0.200720040977801,0.0253538718948812,1,0.824239385583441
"Hypomethylated in DIS","cg11505026",0.743429289928632,0.524093219336894,-0.219336070591738,0.0120068569267506,1,0.824239385583441
"Hypomethylated in DIS","cg11555067",0.315700646092544,0.1570235344865,-0.158677111606044,0.000261236445526024,1,0.824239385583441
"Hypomethylated in DIS","cg12213414",0.816093385226658,0.54349758328147,-0.272595801945187,0.0109972041320501,1,0.824239385583441
"Hypomethylated in DIS","cg12338137",0.765674202427305,0.654667612789555,-0.11100658963775,0.0452833597681699,1,0.824239385583441
"Hypomethylated in DIS","cg12655542",0.298732104278462,0.150174409048875,-0.148557695229587,0.00185433865927276,1,0.824239385583441
"Hypomethylated in DIS","cg12682972",0.535148184031915,0.31704465709911,-0.218103526932805,0.0391111902202308,1,0.824239385583441
"Hypomethylated in DIS","cg13391675",0.794849974188366,0.67836346294429,-0.116486511244075,0.035536934356445,1,0.824239385583441
"Hypomethylated in DIS","cg13411948",0.379465949608555,0.248379339328246,-0.131086610280309,0.0290311431183053,1,0.824239385583441
"Hypomethylated in DIS","cg13666267",0.724482013303174,0.595004833183855,-0.12947718011932,0.0228714213592079,1,0.824239385583441
"Hypomethylated in DIS","cg13772414",0.356765442832423,0.241844057459968,-0.114921385372454,0.0151423683471829,1,0.824239385583441
"Hypomethylated in DIS","cg13875008",0.609716469202463,0.387420249968137,-0.222296219234327,0.0206629095825229,1,0.824239385583441
"Hypomethylated in DIS","cg14065857",0.623881121514754,0.422010204875185,-0.201870916639569,0.00905786785861588,1,0.824239385583441
"Hypomethylated in DIS","cg14271023",0.913334745688428,0.661405137578258,-0.25192960811017,0.0277305185352651,1,0.824239385583441
"Hypomethylated in DIS","cg14362178",0.675467758490494,0.293032411128367,-0.382435347362127,0.00306057968933053,1,0.824239385583441
"Hypomethylated in DIS","cg14573099",0.583631231184605,0.379182572631503,-0.204448658553102,0.0412667940494809,1,0.824239385583441
"Hypomethylated in DIS","cg14840792",0.653502349961887,0.547001105267684,-0.106501244694204,0.0347209400243362,1,0.824239385583441
"Hypomethylated in DIS","cg14989714",0.70796916399689,0.418169005011246,-0.289800158985644,0.0235522606658755,1,0.824239385583441
"Hypomethylated in DIS","cg15035973",0.854552765012366,0.696569623141176,-0.157983141871191,0.016310937416844,1,0.824239385583441
"Hypomethylated in DIS","cg15552091",0.731610370294583,0.531507292409056,-0.200103077885527,0.039221362521376,1,0.824239385583441
"Hypomethylated in DIS","cg15600915",0.715333965058087,0.57998945787743,-0.135344507180657,0.0380612515778465,1,0.824239385583441
"Hypomethylated in DIS","cg15768138",0.591858182238488,0.366044673442471,-0.225813508796017,0.0477165397978769,1,0.824239385583441
"Hypomethylated in DIS","cg15978561",0.217525292553551,0.107118866498216,-0.110406426055335,0.0359210564687055,1,0.824239385583441
"Hypomethylated in DIS","cg16592101",0.74335842142668,0.621501097729177,-0.121857323697502,0.0338021194440407,1,0.824239385583441
"Hypomethylated in DIS","cg16951074",0.692035920951085,0.433690172937972,-0.258345748013113,0.00612596971050622,1,0.824239385583441
"Hypomethylated in DIS","cg16957993",0.862902726218105,0.705595931590564,-0.157306794627541,0.00254392423343218,1,0.824239385583441
"Hypomethylated in DIS","cg17181966",0.648624506427425,0.499415435896857,-0.149209070530568,2.57704000603128e-05,1,0.735990498475448
"Hypomethylated in DIS","cg17293973",0.827272357993064,0.721635345699936,-0.105637012293128,0.0363840702665023,1,0.824239385583441
"Hypomethylated in DIS","cg17356718",0.841683867173509,0.696025705068165,-0.145658162105344,0.00243092567283488,1,0.824239385583441
"Hypomethylated in DIS","cg18305912",0.674396608630232,0.56152478120488,-0.112871827425352,0.0412525074605552,1,0.824239385583441
"Hypomethylated in DIS","cg18323589",0.758561887040177,0.602073609021778,-0.156488278018399,0.0232192874136957,1,0.824239385583441
"Hypomethylated in DIS","cg18369990",0.639739989254374,0.466446172763589,-0.173293816490786,0.00569122496315128,1,0.824239385583441
"Hypomethylated in DIS","cg18790856",0.447640725615033,0.232443573443178,-0.215197152171855,0.00398114011187372,1,0.824239385583441
"Hypomethylated in DIS","cg18822719",0.778732903935574,0.66545312749296,-0.113279776442614,0.0349595777345142,1,0.824239385583441
"Hypomethylated in DIS","cg18845417",0.718444652976503,0.611825426724143,-0.10661922625236,0.0310459176844671,1,0.824239385583441
"Hypomethylated in DIS","cg19426625",0.675648517555215,0.515413948606998,-0.160234568948217,0.0152217072183172,1,0.824239385583441
"Hypomethylated in DIS","cg19451732",0.670631143212938,0.565265011862255,-0.105366131350682,0.0147285350151649,1,0.824239385583441
"Hypomethylated in DIS","cg19869100",0.871979803832907,0.748976181868958,-0.123003621963949,0.0115104333359429,1,0.824239385583441
"Hypomethylated in DIS","cg19927457",0.817217884830891,0.697443144723366,-0.119774740107525,0.0109268266398234,1,0.824239385583441
"Hypomethylated in DIS","cg19969733",0.558535970916836,0.382603036002409,-0.175932934914428,0.0450884599018099,1,0.824239385583441
"Hypomethylated in DIS","cg20242066",0.613156092661472,0.350570539942041,-0.262585552719431,0.00102028478202637,1,0.824239385583441
"Hypomethylated in DIS","cg20298668",0.837008656180529,0.692071348519549,-0.14493730766098,0.0248277962935814,1,0.824239385583441
"Hypomethylated in DIS","cg20314918",0.807256070961317,0.66591027800653,-0.141345792954787,0.0130718759595177,1,0.824239385583441
"Hypomethylated in DIS","cg20608990",0.511550219481342,0.392382016645987,-0.119168202835355,0.00601101232869403,1,0.824239385583441
"Hypomethylated in DIS","cg20814312",0.461189378717392,0.352508340922465,-0.108681037794928,0.0325016619740952,1,0.824239385583441
"Hypomethylated in DIS","cg20820876",0.608398055711115,0.46972304139199,-0.138675014319125,0.01500335456764,1,0.824239385583441
"Hypomethylated in DIS","cg21513088",0.235212294210256,0.13187457929073,-0.103337714919526,0.0102910486919844,1,0.824239385583441
"Hypomethylated in DIS","cg21647278",0.630249869498688,0.523641038252758,-0.10660883124593,0.049640359228173,1,0.824239385583441
"Hypomethylated in DIS","cg21746633",0.905199967186254,0.507576234284012,-0.397623732902242,0.0311881143637398,1,0.824239385583441
"Hypomethylated in DIS","cg21855211",0.171187393698019,0.0585107249936698,-0.112676668704349,0.0371108245875199,1,0.824239385583441
"Hypomethylated in DIS","cg22572873",0.754586218740945,0.603139526739338,-0.151446692001607,0.00798605940882229,1,0.824239385583441
"Hypomethylated in DIS","cg22833612",0.663428808049866,0.391053012912562,-0.272375795137304,0.0232189725058752,1,0.824239385583441
"Hypomethylated in DIS","cg22864500",0.803130288286754,0.641992556009915,-0.16113773227684,0.00588332060822066,1,0.824239385583441
"Hypomethylated in DIS","cg22900476",0.65364899631275,0.52456142535653,-0.12908757095622,0.0445451263173455,1,0.824239385583441
"Hypomethylated in DIS","cg22904096",0.373845192535863,0.228744286209501,-0.145100906326362,0.00860444680313399,1,0.824239385583441
"Hypomethylated in DIS","cg22975318",0.72656177822052,0.493409234177251,-0.233152544043268,0.0239560940874713,1,0.824239385583441
"Hypomethylated in DIS","cg23031975",0.788907361628718,0.563268135370884,-0.225639226257833,0.000920453120179373,1,0.824239385583441
"Hypomethylated in DIS","cg23198623",0.378621868225197,0.206141218476383,-0.172480649748813,0.00826269114583231,1,0.824239385583441
"Hypomethylated in DIS","cg23684316",0.565506160444268,0.421745572562498,-0.14376058788177,0.0443814574561711,1,0.824239385583441
"Hypomethylated in DIS","cg23833033",0.861610984441241,0.756152625438664,-0.105458359002577,0.0443959771773081,1,0.824239385583441
"Hypomethylated in DIS","cg23855901",0.906505446202471,0.694772505974038,-0.211732940228434,0.0405764608495145,1,0.824239385583441
"Hypomethylated in DIS","cg24045357",0.553628152364749,0.255056309563076,-0.298571842801673,0.000342459562380769,1,0.824239385583441
"Hypomethylated in DIS","cg24211214",0.784081432544265,0.663777712687601,-0.120303719856664,0.0148151182032811,1,0.824239385583441
"Hypomethylated in DIS","cg24872815",0.764304924859509,0.655335254147735,-0.108969670711774,0.00474561553427859,1,0.824239385583441
"Hypomethylated in DIS","cg24981400",0.558742980611681,0.389764959810765,-0.168978020800915,0.0449122832662573,1,0.824239385583441
"Hypomethylated in DIS","cg25079915",0.412027706596176,0.223374288393299,-0.188653418202877,0.0150227643634289,1,0.824239385583441
"Hypomethylated in DIS","cg25237113",0.799764181070267,0.656497318128414,-0.143266862941853,0.0281609423590206,1,0.824239385583441
"Hypomethylated in DIS","cg25305750",0.298299619683335,0.120926135727701,-0.177373483955634,0.0109372208355324,1,0.824239385583441
"Hypomethylated in DIS","cg25535106",0.758494285857328,0.599516345875958,-0.15897793998137,0.0465188430920232,1,0.824239385583441
"Hypomethylated in DIS","cg25710298",0.545542126522825,0.346087082848197,-0.199455043674627,0.00596929363981725,1,0.824239385583441
"Hypomethylated in DIS","cg25746890",0.845138669566252,0.740101094918775,-0.105037574647477,0.0133395897326458,1,0.824239385583441
"Hypomethylated in DIS","cg25818605",0.716493633208691,0.608313801239861,-0.108179831968831,0.0336308671119147,1,0.824239385583441
"Hypomethylated in DIS","cg26191447",0.317639925453094,0.151277211993763,-0.166362713459332,0.000498435513286257,1,0.824239385583441
"Hypomethylated in DIS","cg26236972",0.509331804741756,0.379140149402841,-0.130191655338915,0.0401971200884943,1,0.824239385583441
"Hypomethylated in DIS","cg26423322",0.549487676508859,0.41178351473006,-0.137704161778799,0.0350285231280312,1,0.824239385583441
"Hypomethylated in DIS","cg27337902",0.771336085992342,0.667230260594794,-0.104105825397548,0.0340837138470059,1,0.824239385583441
"Hypomethylated in DIS","cg27416489",0.705026161388288,0.481423573299221,-0.223602588089067,0.0186344121999934,1,0.824239385583441
"Hypomethylated in DIS","cg27432699",0.771863535525606,0.581326614210099,-0.190536921315507,0.0440598758722718,1,0.824239385583441
"Hypomethylated in DIS","cg27598107",0.692253492544433,0.432703180981873,-0.259550311562561,0.0368113629402079,1,0.824239385583441
"Hypomethylated in DIS","cg27599376",0.282882092882273,0.157740098671149,-0.125141994211123,0.00374577808743645,1,0.824239385583441
"Hypomethylated in DIS","cg00134602",0.676828226169043,0.526551214518026,-0.150277011651017,0.0370766177011289,1,0.824239385583441
"Hypomethylated in DIS","cg00472710",0.568700930019132,0.322144531271585,-0.246556398747546,0.000939813323086319,1,0.824239385583441
"Hypomethylated in DIS","cg00840990",0.644461673443091,0.400104185329929,-0.244357488113162,0.00261367482480099,1,0.824239385583441
"Hypomethylated in DIS","cg00862290",0.741385060228409,0.495653033392791,-0.245732026835618,0.00223264285717285,1,0.824239385583441
"Hypomethylated in DIS","cg01059398",0.460576633173317,0.322021381376063,-0.138555251797254,0.0292516663988287,1,0.824239385583441
"Hypomethylated in DIS","cg01149683",0.695870720273074,0.460877399474103,-0.234993320798971,0.0087592828740649,1,0.824239385583441
"Hypomethylated in DIS","cg01292810",0.669857424323466,0.397149493987836,-0.272707930335631,0.0145607236583586,1,0.824239385583441
"Hypomethylated in DIS","cg01423389",0.802809350896922,0.690391170418143,-0.112418180478779,0.0412072914145604,1,0.824239385583441
"Hypomethylated in DIS","cg01794805",0.760976719815919,0.600727845683981,-0.160248874131937,0.0107965469223438,1,0.824239385583441
"Hypomethylated in DIS","cg01919208",0.345635805524602,0.244655041901395,-0.100980763623207,0.0445847739448628,1,0.824239385583441
"Hypomethylated in DIS","cg02099877",0.861837160254,0.731568722124935,-0.130268438129065,0.000717324076688677,1,0.824239385583441
"Hypomethylated in DIS","cg02357541",0.833714528081175,0.700607889725906,-0.13310663835527,0.0275356873147125,1,0.824239385583441
"Hypomethylated in DIS","cg02832485",0.484288134127785,0.343885080024654,-0.140403054103131,0.00037287512935657,1,0.824239385583441
"Hypomethylated in DIS","cg02909206",0.810018754896117,0.671714514914857,-0.138304239981261,0.0261562749419773,1,0.824239385583441
"Hypomethylated in DIS","cg03026939",0.205857298988685,0.104849581388183,-0.101007717600502,0.012678171979609,1,0.824239385583441
"Hypomethylated in DIS","cg03131527",0.673745708784561,0.525249291220309,-0.148496417564252,0.0296147449097994,1,0.824239385583441
"Hypomethylated in DIS","cg03633574",0.671368542522951,0.419753603403684,-0.251614939119267,0.0315205191635979,1,0.824239385583441
"Hypomethylated in DIS","cg03787282",0.663634953278771,0.41926511787904,-0.244369835399731,0.0464210402516888,1,0.824239385583441
"Hypomethylated in DIS","cg04039397",0.47611749556403,0.272844005749369,-0.203273489814661,0.0313966559763397,1,0.824239385583441
"Hypomethylated in DIS","cg04071964",0.505838837162043,0.404802669300296,-0.101036167861747,0.00544982528268516,1,0.824239385583441
"Hypomethylated in DIS","cg04357717",0.685684816759266,0.471334533419796,-0.21435028333947,0.00947729903811021,1,0.824239385583441
"Hypomethylated in DIS","cg04528326",0.848667664613972,0.44686258505847,-0.401805079555502,0.0252517414367835,1,0.824239385583441
"Hypomethylated in DIS","cg05253480",0.753922330654033,0.638098837159537,-0.115823493494496,0.0419308706562051,1,0.824239385583441
"Hypomethylated in DIS","cg05279738",0.690717490470479,0.536990628183906,-0.153726862286574,0.042274377858943,1,0.824239385583441
"Hypomethylated in DIS","cg05433805",0.713655480088681,0.506113381559786,-0.207542098528895,0.019889797582799,1,0.824239385583441
"Hypomethylated in DIS","cg05546296",0.547988000497835,0.400361071312149,-0.147626929185686,0.0440190963320156,1,0.824239385583441
"Hypomethylated in DIS","cg05654765",0.382180170146987,0.251455330192765,-0.130724839954222,0.0190041856754981,1,0.824239385583441
"Hypomethylated in DIS","cg06398251",0.758548630730073,0.648092254255209,-0.110456376474864,0.0200258870578835,1,0.824239385583441
"Hypomethylated in DIS","cg07094169",0.800891649775283,0.606415381279888,-0.194476268495395,0.00741970153422676,1,0.824239385583441
"Hypomethylated in DIS","cg07149179",0.618669899373417,0.403829148404711,-0.214840750968706,0.0158033307782135,1,0.824239385583441
"Hypomethylated in DIS","cg08234664",0.449464691356709,0.297350432007841,-0.152114259348868,0.0116135533733166,1,0.824239385583441
"Hypomethylated in DIS","cg08408303",0.587656488577605,0.410382787467493,-0.177273701110112,0.033291727085071,1,0.824239385583441
"Hypomethylated in DIS","cg08452338",0.817585626470476,0.664986504224587,-0.152599122245889,0.00429671944300108,1,0.824239385583441
"Hypomethylated in DIS","cg08468401",0.615553217538563,0.419206733102165,-0.196346484436399,0.00247027386080574,1,0.824239385583441
"Hypomethylated in DIS","cg08797864",0.782957370394033,0.679137443807892,-0.10381992658614,0.0385436191708674,1,0.824239385583441
"Hypomethylated in DIS","cg08822136",0.439054913173612,0.328898159330785,-0.110156753842827,0.0339092259843844,1,0.824239385583441
"Hypomethylated in DIS","cg08969925",0.381660718188355,0.197071261228733,-0.184589456959622,0.00440621466977158,1,0.824239385583441
"Hypomethylated in DIS","cg08973281",0.83168616569391,0.711007907916223,-0.120678257777687,0.0128509222812676,1,0.824239385583441
"Hypomethylated in DIS","cg09410271",0.261843145398142,0.152227170701629,-0.109615974696512,0.0161876979809314,1,0.824239385583441
"Hypomethylated in DIS","cg10699312",0.645771183214608,0.396580886938725,-0.249190296275884,0.0391843127226067,1,0.824239385583441
"Hypomethylated in DIS","cg10761425",0.556313538377969,0.436824268970568,-0.119489269407401,0.0186012064587707,1,0.824239385583441
"Hypomethylated in DIS","cg11200930",0.650892076133524,0.521629205582644,-0.12926287055088,0.0210138435977389,1,0.824239385583441
"Hypomethylated in DIS","cg13185177",0.682331234370689,0.376878982100016,-0.305452252270673,0.0310056158826841,1,0.824239385583441
"Hypomethylated in DIS","cg13537646",0.731617856080646,0.520960297322518,-0.210657558758128,0.00749865935416002,1,0.824239385583441
"Hypomethylated in DIS","cg13606421",0.4775488162632,0.341848816848519,-0.135699999414681,0.000741638387461234,1,0.824239385583441
"Hypomethylated in DIS","cg13710297",0.747694083283671,0.618968573331137,-0.128725509952535,0.031354538871615,1,0.824239385583441
"Hypomethylated in DIS","cg14099457",0.504163559020987,0.375542747284159,-0.128620811736828,0.0305144666498966,1,0.824239385583441
"Hypomethylated in DIS","cg14312439",0.489992586464467,0.351288539264311,-0.138704047200156,0.0215919444434368,1,0.824239385583441
"Hypomethylated in DIS","cg14659930",0.653376369765891,0.421999717681635,-0.231376652084255,0.0176501052628205,1,0.824239385583441
"Hypomethylated in DIS","cg14855367",0.818071819769602,0.638278693281738,-0.179793126487864,0.0326772551279082,1,0.824239385583441
"Hypomethylated in DIS","cg14886629",0.844227585986341,0.716525062173391,-0.127702523812951,0.00301052743234094,1,0.824239385583441
"Hypomethylated in DIS","cg15045153",0.81745486329599,0.664844396342863,-0.152610466953127,0.00519177544307583,1,0.824239385583441
"Hypomethylated in DIS","cg15077975",0.713178387900209,0.592064281908926,-0.121114105991283,0.0190551840496139,1,0.824239385583441
"Hypomethylated in DIS","cg15095327",0.519909173049628,0.348148100317541,-0.171761072732087,0.00111802800348324,1,0.824239385583441
"Hypomethylated in DIS","cg15417641",0.842502955654647,0.732571853316686,-0.109931102337961,0.0302262382179121,1,0.824239385583441
"Hypomethylated in DIS","cg15697575",0.705668033362379,0.518475178478296,-0.187192854884083,0.00115958919773979,1,0.824239385583441
"Hypomethylated in DIS","cg15761531",0.705299477601103,0.497548486079881,-0.207750991521222,0.0344787755576289,1,0.824239385583441
"Hypomethylated in DIS","cg16282892",0.372374408793893,0.260261991854631,-0.112112416939262,0.0379140314907665,1,0.824239385583441
"Hypomethylated in DIS","cg16629288",0.484264621210257,0.379815353973414,-0.104449267236843,0.0231654789260994,1,0.824239385583441
"Hypomethylated in DIS","cg16780454",0.470179075772712,0.222430594584957,-0.247748481187755,0.000348735163487522,1,0.824239385583441
"Hypomethylated in DIS","cg17086773",0.767902995685863,0.539733377385274,-0.228169618300589,0.0276621276978727,1,0.824239385583441
"Hypomethylated in DIS","cg17916418",0.641402263122558,0.486442780048089,-0.15495948307447,0.00557318311673027,1,0.824239385583441
"Hypomethylated in DIS","cg18334977",0.866562565143104,0.759577670952573,-0.106984894190531,0.0210062732765983,1,0.824239385583441
"Hypomethylated in DIS","cg18405719",0.670398804489422,0.458150560581543,-0.212248243907879,0.0204372455983202,1,0.824239385583441
"Hypomethylated in DIS","cg18789887",0.8129599290106,0.682146192384563,-0.130813736626036,0.00458031764934693,1,0.824239385583441
"Hypomethylated in DIS","cg19889855",0.629265585420133,0.392016603459682,-0.237248981960451,0.0227078229347047,1,0.824239385583441
"Hypomethylated in DIS","cg20364183",0.662788304055848,0.297585666437188,-0.36520263761866,0.0376700551235572,1,0.824239385583441
"Hypomethylated in DIS","cg20668765",0.704278555658615,0.488965288258669,-0.215313267399946,0.0458889599747843,1,0.824239385583441
"Hypomethylated in DIS","cg20894410",0.703955130325617,0.574759774246952,-0.129195356078665,0.0278321875654154,1,0.824239385583441
"Hypomethylated in DIS","cg20925263",0.366907582353827,0.246669619700114,-0.120237962653714,0.0208258799451513,1,0.824239385583441
"Hypomethylated in DIS","cg21188533",0.779138399097189,0.621303275069393,-0.157835124027796,0.0210859188585365,1,0.824239385583441
"Hypomethylated in DIS","cg21787176",0.740006693512463,0.578214199106165,-0.161792494406298,0.0130451118796157,1,0.824239385583441
"Hypomethylated in DIS","cg21798630",0.725497347511567,0.556209029896466,-0.169288317615101,0.0246521002024246,1,0.824239385583441
"Hypomethylated in DIS","cg23067317",0.845667830554169,0.740498179516718,-0.105169651037451,0.0481674794247548,1,0.824239385583441
"Hypomethylated in DIS","cg23333146",0.726181752789203,0.521079868842133,-0.20510188394707,0.00978030670399623,1,0.824239385583441
"Hypomethylated in DIS","cg23449544",0.382731583529579,0.231321760035486,-0.151409823494093,0.0225855134621521,1,0.824239385583441
"Hypomethylated in DIS","cg23466339",0.495978547213295,0.359304832873664,-0.136673714339631,0.0439485459769792,1,0.824239385583441
"Hypomethylated in DIS","cg24049629",0.337570627709838,0.169965895065892,-0.167604732643946,0.0378473148426674,1,0.824239385583441
"Hypomethylated in DIS","cg24125710",0.589553040458657,0.418615924030278,-0.170937116428379,0.0235684426361018,1,0.824239385583441
"Hypomethylated in DIS","cg25123427",0.787596165015111,0.674362147792615,-0.113234017222496,0.010255863209008,1,0.824239385583441
"Hypomethylated in DIS","cg25265234",0.733719969640791,0.58567715889121,-0.148042810749581,0.0479483409545264,1,0.824239385583441
"Hypomethylated in DIS","cg25423174",0.515105345491182,0.397134155822496,-0.117971189668686,0.0413458111259106,1,0.824239385583441
"Hypomethylated in DIS","cg26295774",0.555555762564021,0.35212839386655,-0.203427368697472,0.0354147684692381,1,0.824239385583441
"Hypomethylated in DIS","cg26645655",0.59321608381809,0.355039243389011,-0.238176840429079,0.0207503557103015,1,0.824239385583441
"Hypomethylated in DIS","cg27108889",0.572084069147922,0.464341207604256,-0.107742861543666,0.00243264000480765,1,0.824239385583441
"Hypomethylated in DIS","cg27275941",0.641658948280463,0.505303644191576,-0.136355304088887,0.0388379347182341,1,0.824239385583441
"Hypomethylated in DIS","cg27574595",0.756352149792786,0.561755567161442,-0.194596582631343,0.0203256990210675,1,0.824239385583441
"Hypomethylated in DIS","cg00320354",0.816113058879078,0.652668541230696,-0.163444517648382,0.028994888260658,1,0.824239385583441
"Hypomethylated in DIS","cg00569896",0.556629935651888,0.319415800973629,-0.237214134678259,0.0316878620142483,1,0.824239385583441
"Hypomethylated in DIS","cg00689360",0.865127112123367,0.758560524888688,-0.106566587234679,0.0341956959173714,1,0.824239385583441
"Hypomethylated in DIS","cg00865973",0.853716315376987,0.700989844946814,-0.152726470430173,0.0380871552600465,1,0.824239385583441
"Hypomethylated in DIS","cg01116491",0.843052911821601,0.697910772012701,-0.145142139808901,0.0291845767941903,1,0.824239385583441
"Hypomethylated in DIS","cg01253711",0.756732920746315,0.344079202834588,-0.412653717911727,0.0459492822490018,1,0.824239385583441
"Hypomethylated in DIS","cg01502301",0.831754473599707,0.645399921757036,-0.186354551842672,0.008960625711896,1,0.824239385583441
"Hypomethylated in DIS","cg01661567",0.364967034177939,0.202134201279917,-0.162832832898022,0.00631132643933726,1,0.824239385583441
"Hypomethylated in DIS","cg01933073",0.323298358727451,0.192645417854364,-0.130652940873088,0.0310187304366955,1,0.824239385583441
"Hypomethylated in DIS","cg02553486",0.435681294521843,0.327725239354925,-0.107956055166919,0.0347009875810007,1,0.824239385583441
"Hypomethylated in DIS","cg02790305",0.36675957945971,0.170139882405048,-0.196619697054662,0.00568985368032401,1,0.824239385583441
"Hypomethylated in DIS","cg02886188",0.670473157693181,0.512205864665358,-0.158267293027822,5.11374419349141e-05,1,0.824239385583441
"Hypomethylated in DIS","cg04297507",0.747870224549379,0.520036300086835,-0.227833924462544,0.0196354573955977,1,0.824239385583441
"Hypomethylated in DIS","cg04348265",0.30253651451107,0.0780291916822699,-0.2245073228288,0.00363951688358047,1,0.824239385583441
"Hypomethylated in DIS","cg04522984",0.599235789126651,0.493654933373381,-0.10558085575327,0.0171408755185033,1,0.824239385583441
"Hypomethylated in DIS","cg05211868",0.656200115415271,0.473552056021199,-0.182648059394072,0.0164171886848302,1,0.824239385583441
"Hypomethylated in DIS","cg05647891",0.712267905189973,0.558759231735901,-0.153508673454072,0.041799567758231,1,0.824239385583441
"Hypomethylated in DIS","cg05719818",0.606464899538873,0.462337376009153,-0.14412752352972,0.0352792534239347,1,0.824239385583441
"Hypomethylated in DIS","cg05897210",0.53815315815917,0.389133747876767,-0.149019410282403,0.0248326632250314,1,0.824239385583441
"Hypomethylated in DIS","cg06121226",0.767355366846941,0.664864976831183,-0.102490390015758,0.0144311189625731,1,0.824239385583441
"Hypomethylated in DIS","cg06606539",0.84705127286613,0.746982371108553,-0.100068901757577,0.0209912347697507,1,0.824239385583441
"Hypomethylated in DIS","cg06712886",0.563669443598701,0.378997421223689,-0.184672022375013,0.0248880095063089,1,0.824239385583441
"Hypomethylated in DIS","cg07108443",0.692974372929197,0.566815902222453,-0.126158470706744,0.0381945767176747,1,0.824239385583441
"Hypomethylated in DIS","cg07465140",0.554957559749199,0.423909125734602,-0.131048434014597,0.0171527355332006,1,0.824239385583441
"Hypomethylated in DIS","cg08179817",0.598761207094793,0.487560129383657,-0.111201077711136,0.015440265122206,1,0.824239385583441
"Hypomethylated in DIS","cg09013032",0.748668990669821,0.634141309474638,-0.114527681195183,0.0097263708625164,1,0.824239385583441
"Hypomethylated in DIS","cg10131286",0.754414889067247,0.549865006127699,-0.204549882939548,0.00553915693925264,1,0.824239385583441
"Hypomethylated in DIS","cg10269431",0.717153522394379,0.525795178394808,-0.191358343999571,0.0391284583926388,1,0.824239385583441
"Hypomethylated in DIS","cg11054911",0.84188171927773,0.659296082751688,-0.182585636526043,0.0326607249534008,1,0.824239385583441
"Hypomethylated in DIS","cg11165823",0.813297555576462,0.65730829280401,-0.155989262772452,0.0411012276717546,1,0.824239385583441
"Hypomethylated in DIS","cg11459852",0.828448228843317,0.635474630147937,-0.192973598695379,0.000859804263806539,1,0.824239385583441
"Hypomethylated in DIS","cg11599269",0.622890907217186,0.504532877714397,-0.11835802950279,0.0226892097521549,1,0.824239385583441
"Hypomethylated in DIS","cg12147198",0.305995746768255,0.183579159800485,-0.12241658696777,0.0101706741136854,1,0.824239385583441
"Hypomethylated in DIS","cg12309668",0.306112815751331,0.160004250564757,-0.146108565186574,0.0355452412056532,1,0.824239385583441
"Hypomethylated in DIS","cg13609457",0.517385670418677,0.391972850756348,-0.125412819662329,0.0274601699852316,1,0.824239385583441
"Hypomethylated in DIS","cg13648715",0.791221737978212,0.672088006765781,-0.119133731212431,0.0259661587038864,1,0.824239385583441
"Hypomethylated in DIS","cg13921444",0.410193027025672,0.0886260226678144,-0.321567004357857,0.00270303821965115,1,0.824239385583441
"Hypomethylated in DIS","cg13996610",0.811143753718269,0.706075685943216,-0.105068067775053,0.0435757712469989,1,0.824239385583441
"Hypomethylated in DIS","cg14780276",0.869719512014574,0.764829274208199,-0.104890237806375,0.0111097793652508,1,0.824239385583441
"Hypomethylated in DIS","cg14959260",0.698093771520028,0.541081750454332,-0.157012021065696,0.0415675765350106,1,0.824239385583441
"Hypomethylated in DIS","cg15297220",0.308815167966829,0.121153562918297,-0.187661605048531,0.000479829750757591,1,0.824239385583441
"Hypomethylated in DIS","cg15848159",0.798601297138844,0.626830850032685,-0.171770447106159,0.0241465368361595,1,0.824239385583441
"Hypomethylated in DIS","cg16001165",0.841693602541046,0.730888509080362,-0.110805093460685,0.0366192545125669,1,0.824239385583441
"Hypomethylated in DIS","cg16269196",0.526078826415773,0.401447756537933,-0.12463106987784,0.0277649474059979,1,0.824239385583441
"Hypomethylated in DIS","cg17075352",0.620064176387139,0.390542767896116,-0.229521408491022,0.0247468641506363,1,0.824239385583441
"Hypomethylated in DIS","cg17791799",0.66253821718982,0.451778660499134,-0.210759556690686,0.0339631896520743,1,0.824239385583441
"Hypomethylated in DIS","cg18334727",0.763985670342447,0.616187562322094,-0.147798108020354,0.00609762093282847,1,0.824239385583441
"Hypomethylated in DIS","cg19117904",0.71911867549652,0.548971022492927,-0.170147653003592,0.0236339952185701,1,0.824239385583441
"Hypomethylated in DIS","cg19922435",0.424613244181411,0.309061684007942,-0.115551560173469,0.0493540085437225,1,0.824239385583441
"Hypomethylated in DIS","cg20011360",0.697246886623403,0.376158981148447,-0.321087905474956,0.0259766637264524,1,0.824239385583441
"Hypomethylated in DIS","cg20576590",0.810974364295877,0.612414481876573,-0.198559882419304,0.0208158883439619,1,0.824239385583441
"Hypomethylated in DIS","cg21005218",0.615088966593214,0.453163473984199,-0.161925492609015,0.0271600985345443,1,0.824239385583441
"Hypomethylated in DIS","cg21309167",0.609340153967353,0.160344488651994,-0.448995665315359,0.0120177975533478,1,0.824239385583441
"Hypomethylated in DIS","cg22077313",0.327796549078256,0.208665369398733,-0.119131179679523,0.026368823968046,1,0.824239385583441
"Hypomethylated in DIS","cg22654656",0.822613568657785,0.625241255391223,-0.197372313266562,0.00711451447983682,1,0.824239385583441
"Hypomethylated in DIS","cg22660207",0.735373615021278,0.503057968141159,-0.232315646880119,0.0449941560659186,1,0.824239385583441
"Hypomethylated in DIS","cg22703113",0.344006999398784,0.243705172146067,-0.100301827252717,0.0410104079524746,1,0.824239385583441
"Hypomethylated in DIS","cg23109323",0.817864588329246,0.517895308071927,-0.29996928025732,0.0183956856560995,1,0.824239385583441
"Hypomethylated in DIS","cg23170646",0.514345199377941,0.361230206726705,-0.153114992651236,0.0121079338286241,1,0.824239385583441
"Hypomethylated in DIS","cg23427912",0.729530528573605,0.577559266622346,-0.151971261951258,0.0405206400132931,1,0.824239385583441
"Hypomethylated in DIS","cg23625823",0.530324474028302,0.416549011198357,-0.113775462829945,0.0367703662404244,1,0.824239385583441
"Hypomethylated in DIS","cg24076537",0.709585339287896,0.600012669273584,-0.109572670014312,0.0191653903257876,1,0.824239385583441
"Hypomethylated in DIS","cg24228231",0.774553129700212,0.658601440135663,-0.115951689564549,0.0280808737772195,1,0.824239385583441
"Hypomethylated in DIS","cg24693803",0.502655183469108,0.350323421182654,-0.152331762286454,0.000436440912217025,1,0.824239385583441
"Hypomethylated in DIS","cg24768050",0.735545377881739,0.542643362537303,-0.192902015344436,0.0377406436612406,1,0.824239385583441
"Hypomethylated in DIS","cg25585279",0.788033483723457,0.673197505180405,-0.114835978543051,0.0182718057659387,1,0.824239385583441
"Hypomethylated in DIS","cg25587350",0.43460013834116,0.298485637697718,-0.136114500643443,0.0135084486196925,1,0.824239385583441
"Hypomethylated in DIS","cg26227569",0.489736022252404,0.331073512583634,-0.15866250966877,0.0119459609690984,1,0.824239385583441
"Hypomethylated in DIS","cg26785346",0.358033337471684,0.0985866498443791,-0.259446687627305,8.12139915252704e-05,1,0.824239385583441
"Hypomethylated in DIS","cg26838398",0.823952649153359,0.709826524400573,-0.114126124752785,0.0110059076884121,1,0.824239385583441
"Hypomethylated in DIS","cg26943120",0.536631389630243,0.277628160919209,-0.259003228711035,0.0293311455267686,1,0.824239385583441
"Hypomethylated in DIS","cg27079740",0.710963453271815,0.502247002311949,-0.208716450959866,0.00793944549905471,1,0.824239385583441
"Hypomethylated in DIS","cg27190654",0.607082968119899,0.420347935146408,-0.186735032973491,0.00724013680852534,1,0.824239385583441
"Hypomethylated in DIS","cg27448532",0.623453717986783,0.418768817639577,-0.204684900347206,0.0152918496062393,1,0.824239385583441
"Hypomethylated in DIS","cg00542992",0.36304171123402,0.244813568743269,-0.118228142490752,0.015528018703185,1,0.824239385583441
"Hypomethylated in DIS","cg00589737",0.799658561154074,0.677262216902816,-0.122396344251258,0.00444836111708691,1,0.824239385583441
"Hypomethylated in DIS","cg00619263",0.884196364020735,0.770438594740102,-0.113757769280633,0.00256995179736143,1,0.824239385583441
"Hypomethylated in DIS","cg00834922",0.462770941244633,0.331975759315061,-0.130795181929572,0.0155537480334079,1,0.824239385583441
"Hypomethylated in DIS","cg01012572",0.845830891015491,0.720180938334917,-0.125649952680574,0.0246464301148901,1,0.824239385583441
"Hypomethylated in DIS","cg01425680",0.714089992251689,0.604745798927519,-0.10934419332417,0.0350773318469954,1,0.824239385583441
"Hypomethylated in DIS","cg01574364",0.782463655653132,0.547264353591883,-0.235199302061249,0.0243904652843575,1,0.824239385583441
"Hypomethylated in DIS","cg01741836",0.710849761740188,0.544836757869834,-0.166013003870355,0.0321701596259698,1,0.824239385583441
"Hypomethylated in DIS","cg02244175",0.334233636709643,0.216473243834312,-0.117760392875331,0.019557061270641,1,0.824239385583441
"Hypomethylated in DIS","cg02346737",0.784254187875844,0.499386298123765,-0.284867889752079,0.00260037516334276,1,0.824239385583441
"Hypomethylated in DIS","cg03546977",0.432273181975437,0.321155341960741,-0.111117840014696,0.0206727551260673,1,0.824239385583441
"Hypomethylated in DIS","cg03637218",0.695411958251158,0.404172419914728,-0.29123953833643,0.0231361819480439,1,0.824239385583441
"Hypomethylated in DIS","cg04062715",0.789959096675859,0.628361962135939,-0.16159713453992,0.0368753330468709,1,0.824239385583441
"Hypomethylated in DIS","cg04242245",0.825354194540256,0.660370472634702,-0.164983721905554,0.038852178331286,1,0.824239385583441
"Hypomethylated in DIS","cg04286455",0.673378751610431,0.442585243361346,-0.230793508249085,0.0254582899362403,1,0.824239385583441
"Hypomethylated in DIS","cg04676568",0.914086137979501,0.632760049712427,-0.281326088267074,0.0106122869747047,1,0.824239385583441
"Hypomethylated in DIS","cg04704634",0.791085980899254,0.614442019760213,-0.17664396113904,0.0191534630519965,1,0.824239385583441
"Hypomethylated in DIS","cg05213379",0.410616964398818,0.274676281892192,-0.135940682506626,0.0473129198373341,1,0.824239385583441
"Hypomethylated in DIS","cg05661533",0.332614960172763,0.193616975944222,-0.138997984228541,0.0444556843699575,1,0.824239385583441
"Hypomethylated in DIS","cg05941376",0.739409054951631,0.512237744843528,-0.227171310108103,0.0352683040025448,1,0.824239385583441
"Hypomethylated in DIS","cg05986288",0.695700180198855,0.489520508756918,-0.206179671441938,0.00106549173053305,1,0.824239385583441
"Hypomethylated in DIS","cg06012959",0.541083851890105,0.360390374123215,-0.18069347776689,0.0150493025388324,1,0.824239385583441
"Hypomethylated in DIS","cg06893379",0.768471669834927,0.579803739849795,-0.188667929985132,0.0317799192399536,1,0.824239385583441
"Hypomethylated in DIS","cg06895913",0.571640505083742,0.38726607660851,-0.184374428475233,0.0252031858037026,1,0.824239385583441
"Hypomethylated in DIS","cg07487948",0.796474145101262,0.599241753652708,-0.197232391448555,0.00389814959662904,1,0.824239385583441
"Hypomethylated in DIS","cg08212685",0.456815288398923,0.294417821509575,-0.162397466889348,0.0179563953019102,1,0.824239385583441
"Hypomethylated in DIS","cg08238375",0.697110809624561,0.192970642147257,-0.504140167477304,0.022634455473278,1,0.824239385583441
"Hypomethylated in DIS","cg08285289",0.446282491074546,0.298527789542119,-0.147754701532427,0.0266836219629739,1,0.824239385583441
"Hypomethylated in DIS","cg08299521",0.22200544558184,0.0970403476486586,-0.124965097933181,0.0112372008821259,1,0.824239385583441
"Hypomethylated in DIS","cg08525713",0.779555189246316,0.642243871678036,-0.13731131756828,0.0115359459320538,1,0.824239385583441
"Hypomethylated in DIS","cg08675002",0.721795458561789,0.554309359996805,-0.167486098564984,0.0171006815378767,1,0.824239385583441
"Hypomethylated in DIS","cg09172244",0.8118077864814,0.67946705047878,-0.13234073600262,0.00758258042995344,1,0.824239385583441
"Hypomethylated in DIS","cg09586838",0.855531628518541,0.741969915923563,-0.113561712594977,0.00359017601581922,1,0.824239385583441
"Hypomethylated in DIS","cg09701062",0.415799405793259,0.28601604280695,-0.129783362986309,0.0401393207513003,1,0.824239385583441
"Hypomethylated in DIS","cg09737019",0.757606674078665,0.63081241629373,-0.126794257784936,0.0268126985166115,1,0.824239385583441
"Hypomethylated in DIS","cg10874644",0.873358173228009,0.687744785032096,-0.185613388195913,0.00495876889578185,1,0.824239385583441
"Hypomethylated in DIS","cg10938600",0.502494518377981,0.255400574813261,-0.24709394356472,0.0146114022111761,1,0.824239385583441
"Hypomethylated in DIS","cg10962524",0.743245200443582,0.557344894700382,-0.1859003057432,0.00555373471021897,1,0.824239385583441
"Hypomethylated in DIS","cg12199221",0.452887858485598,0.229979520324349,-0.222908338161249,0.000407741356342612,1,0.824239385583441
"Hypomethylated in DIS","cg12351310",0.759260999279978,0.634080113956389,-0.12518088532359,0.0208042335080848,1,0.824239385583441
"Hypomethylated in DIS","cg12371563",0.676198757363196,0.508486826400688,-0.167711930962508,0.0413865159889858,1,0.824239385583441
"Hypomethylated in DIS","cg13006681",0.741133568368353,0.582631813450515,-0.158501754917837,0.0362983651026312,1,0.824239385583441
"Hypomethylated in DIS","cg13018402",0.624775167573837,0.469587996019982,-0.155187171553855,0.0408808166018544,1,0.824239385583441
"Hypomethylated in DIS","cg13383639",0.805879473118488,0.699259844618465,-0.106619628500023,0.0359039687983878,1,0.824239385583441
"Hypomethylated in DIS","cg13612055",0.817854856907641,0.551761979885364,-0.266092877022277,0.0245746900454844,1,0.824239385583441
"Hypomethylated in DIS","cg13624988",0.452892658584109,0.234799543317435,-0.218093115266674,0.0113632736846627,1,0.824239385583441
"Hypomethylated in DIS","cg13980410",0.678203828918695,0.578149491104957,-0.100054337813738,0.0423502328600304,1,0.824239385583441
"Hypomethylated in DIS","cg13992911",0.478548365987587,0.339781328281017,-0.138767037706569,0.0257657469401976,1,0.824239385583441
"Hypomethylated in DIS","cg14542334",0.673995649354806,0.525468472447576,-0.148527176907231,0.00213359531224928,1,0.824239385583441
"Hypomethylated in DIS","cg14789272",0.35268536190575,0.216657263447598,-0.136028098458152,0.00823114314545194,1,0.824239385583441
"Hypomethylated in DIS","cg15226348",0.683103001669025,0.548258483364877,-0.134844518304148,0.000746696583793303,1,0.824239385583441
"Hypomethylated in DIS","cg15528722",0.817141971108014,0.594090127388092,-0.223051843719922,0.0189091113694797,1,0.824239385583441
"Hypomethylated in DIS","cg15672022",0.546865006795411,0.272746520480493,-0.274118486314918,0.0113284973412699,1,0.824239385583441
"Hypomethylated in DIS","cg16545743",0.817737772068196,0.670870911089499,-0.146866860978696,0.0402236153537872,1,0.824239385583441
"Hypomethylated in DIS","cg16677191",0.358191750192168,0.229268909240082,-0.128922840952085,0.0441907074101982,1,0.824239385583441
"Hypomethylated in DIS","cg17983064",0.669917468142294,0.439471703802284,-0.23044576434001,0.0297669389215388,1,0.824239385583441
"Hypomethylated in DIS","cg18068561",0.575829967469571,0.450847986021709,-0.124981981447861,0.0379777058943933,1,0.824239385583441
"Hypomethylated in DIS","cg18264728",0.710700437625285,0.438437021153754,-0.272263416471531,0.00285402452323417,1,0.824239385583441
"Hypomethylated in DIS","cg18804667",0.440900549780009,0.329096837401622,-0.111803712378387,0.00321454129718926,1,0.824239385583441
"Hypomethylated in DIS","cg19032705",0.637580825554739,0.336300957674612,-0.301279867880127,0.0295671623138108,1,0.824239385583441
"Hypomethylated in DIS","cg19413392",0.528371645723575,0.383899000353521,-0.144472645370054,0.0491860954328737,1,0.824239385583441
"Hypomethylated in DIS","cg19494588",0.669577142597802,0.399517150762157,-0.270059991835646,8.23807489292221e-05,1,0.824239385583441
"Hypomethylated in DIS","cg19553961",0.694678405213097,0.569792602975199,-0.124885802237897,0.0433011275745681,1,0.824239385583441
"Hypomethylated in DIS","cg19684783",0.574551400236606,0.360435612611508,-0.214115787625098,0.0156235983043416,1,0.824239385583441
"Hypomethylated in DIS","cg19700872",0.357812432489731,0.189105818347235,-0.168706614142496,0.00818140349236826,1,0.824239385583441
"Hypomethylated in DIS","cg19722082",0.795455313187697,0.690450158476596,-0.105005154711101,0.017402364512355,1,0.824239385583441
"Hypomethylated in DIS","cg20540306",0.549971233198433,0.428233392979266,-0.121737840219168,0.00580854646871287,1,0.824239385583441
"Hypomethylated in DIS","cg20971045",0.28218559099179,0.178074999689245,-0.104110591302545,0.0417027900108573,1,0.824239385583441
"Hypomethylated in DIS","cg21902325",0.682112639784322,0.545894465455979,-0.136218174328343,0.0375304566274065,1,0.824239385583441
"Hypomethylated in DIS","cg22179564",0.542612693947278,0.390978951699028,-0.151633742248249,0.0483274402437211,1,0.824239385583441
"Hypomethylated in DIS","cg22967717",0.618544688360649,0.379223813394863,-0.239320874965786,0.00645420015772665,1,0.824239385583441
"Hypomethylated in DIS","cg23051392",0.74817400037954,0.588118886935746,-0.160055113443795,0.000805330543278454,1,0.824239385583441
"Hypomethylated in DIS","cg23200466",0.4707085262496,0.362641577302968,-0.108066948946632,0.00740736076430166,1,0.824239385583441
"Hypomethylated in DIS","cg23484741",0.827769662875952,0.722305261245292,-0.10546440163066,0.0217887815164935,1,0.824239385583441
"Hypomethylated in DIS","cg23497707",0.769417585449039,0.622002446506727,-0.147415138942311,0.0495659412506496,1,0.824239385583441
"Hypomethylated in DIS","cg24069653",0.832926135968949,0.711989296730736,-0.120936839238213,0.0329974340256799,1,0.824239385583441
"Hypomethylated in DIS","cg24656596",0.6556076485545,0.437459127577931,-0.21814852097657,0.0197527136045628,1,0.824239385583441
"Hypomethylated in DIS","cg24921943",0.509571747371488,0.33862773565788,-0.170944011713608,0.0338428227962701,1,0.824239385583441
"Hypomethylated in DIS","cg25218470",0.697804136603626,0.554618136695234,-0.143185999908392,0.0496750923554303,1,0.824239385583441
"Hypomethylated in DIS","cg25542319",0.781253405961855,0.61841988325621,-0.162833522705644,0.00359635629682232,1,0.824239385583441
"Hypomethylated in DIS","cg25663304",0.149498059480605,0.0481561011916361,-0.101341958288969,0.000779363467852995,1,0.824239385583441
"Hypomethylated in DIS","cg26117521",0.726941277616811,0.585134300547271,-0.141806977069541,0.00501529985059902,1,0.824239385583441
"Hypomethylated in DIS","cg26320006",0.450637071233455,0.300571748581369,-0.150065322652086,0.0158054467453812,1,0.824239385583441
"Hypomethylated in DIS","cg26369418",0.222337511383281,0.111245710455723,-0.111091800927559,0.00331947680587265,1,0.824239385583441
"Hypomethylated in DIS","cg26468696",0.419031628298931,0.254868718610144,-0.164162909688787,0.0079574685082479,1,0.824239385583441
"Hypomethylated in DIS","cg26646867",0.572335244945469,0.370713727999155,-0.201621516946314,0.0445998624344442,1,0.824239385583441
"Hypomethylated in DIS","cg26967723",0.661862258276265,0.51218442923812,-0.149677829038145,0.0374218206416159,1,0.824239385583441
"Hypomethylated in DIS","cg27035514",0.575595420136315,0.417469801768878,-0.158125618367437,0.0399507784171172,1,0.824239385583441
"Hypomethylated in DIS","cg27072813",0.768294177511311,0.641500688894628,-0.126793488616683,0.0356197355679741,1,0.824239385583441
"Hypomethylated in DIS","cg00017931",0.278997814457963,0.0608786718511053,-0.218119142606858,0.00366847759655218,1,0.824239385583441
"Hypomethylated in DIS","cg00326902",0.743364128963172,0.516915677287787,-0.226448451675385,0.0106565740838501,1,0.824239385583441
"Hypomethylated in DIS","cg00523379",0.595438471801008,0.314517626455927,-0.280920845345081,0.0108520227308014,1,0.824239385583441
"Hypomethylated in DIS","cg00579694",0.82257814239722,0.69191972367724,-0.13065841871998,0.0280163566355244,1,0.824239385583441
"Hypomethylated in DIS","cg00756845",0.752313039749538,0.570827427813447,-0.181485611936092,0.0437292193423553,1,0.824239385583441
"Hypomethylated in DIS","cg00791074",0.497043305155285,0.304714068935766,-0.192329236219519,0.00471178452259623,1,0.824239385583441
"Hypomethylated in DIS","cg00909062",0.834904136468832,0.723492213794174,-0.111411922674657,0.0263976114190397,1,0.824239385583441
"Hypomethylated in DIS","cg01152408",0.352103837669671,0.239656439004528,-0.112447398665143,0.00039132439419848,1,0.824239385583441
"Hypomethylated in DIS","cg01188191",0.31560906193008,0.198613147281103,-0.116995914648977,0.0399613942950138,1,0.824239385583441
"Hypomethylated in DIS","cg01287079",0.806264709479101,0.660537775671315,-0.145726933807786,0.0354256922562764,1,0.824239385583441
"Hypomethylated in DIS","cg01765653",0.684938798386428,0.549258549189517,-0.135680249196911,0.0210453381036002,1,0.824239385583441
"Hypomethylated in DIS","cg01946401",0.666212806346362,0.454083662378042,-0.21212914396832,0.0243757124432754,1,0.824239385583441
"Hypomethylated in DIS","cg02068596",0.685935484920747,0.332157048012295,-0.353778436908451,0.00222625885825912,1,0.824239385583441
"Hypomethylated in DIS","cg02142926",0.513663103908423,0.356916676593211,-0.156746427315213,0.00508914098115026,1,0.824239385583441
"Hypomethylated in DIS","cg02347984",0.554697091404698,0.431317585073925,-0.123379506330773,0.039299414181809,1,0.824239385583441
"Hypomethylated in DIS","cg02357491",0.737885297863812,0.623273340310865,-0.114611957552947,0.0435888610500199,1,0.824239385583441
"Hypomethylated in DIS","cg02635033",0.846387474084325,0.736979217727433,-0.109408256356892,0.041952503431228,1,0.824239385583441
"Hypomethylated in DIS","cg03043157",0.642625835701928,0.399708751729382,-0.242917083972546,0.00606780015582446,1,0.824239385583441
"Hypomethylated in DIS","cg03211420",0.690807826684301,0.582546104641086,-0.108261722043215,0.00862668023031535,1,0.824239385583441
"Hypomethylated in DIS","cg03309393",0.644417216701363,0.519901247247869,-0.124515969453494,0.0149245365488592,1,0.824239385583441
"Hypomethylated in DIS","cg03344384",0.530620326725041,0.161304923995242,-0.369315402729799,3.01395024790263e-05,1,0.742846114595751
"Hypomethylated in DIS","cg03473408",0.812479791630729,0.70838451972025,-0.104095271910479,0.0447992879175052,1,0.824239385583441
"Hypomethylated in DIS","cg03854238",0.643134096714698,0.48266409649802,-0.160470000216678,0.0158123388917267,1,0.824239385583441
"Hypomethylated in DIS","cg04092581",0.760530982750479,0.578870401814576,-0.181660580935903,0.0327060803442397,1,0.824239385583441
"Hypomethylated in DIS","cg04312119",0.867753011373671,0.746506052419178,-0.121246958954493,0.043252021039048,1,0.824239385583441
"Hypomethylated in DIS","cg04340502",0.272982753291486,0.146863881323167,-0.126118871968319,0.00808602428939564,1,0.824239385583441
"Hypomethylated in DIS","cg04983349",0.671706214320978,0.496793547017808,-0.17491266730317,0.0168347804655089,1,0.824239385583441
"Hypomethylated in DIS","cg05181795",0.562674267968022,0.461225208709411,-0.101449059258611,0.0346489312297628,1,0.824239385583441
"Hypomethylated in DIS","cg05739816",0.554248379118938,0.297704907466628,-0.25654347165231,0.0178992908556144,1,0.824239385583441
"Hypomethylated in DIS","cg05750323",0.812614858459743,0.659811996310225,-0.152802862149518,0.0461268477261799,1,0.824239385583441
"Hypomethylated in DIS","cg06434490",0.82430968254915,0.709737869355264,-0.114571813193886,0.0457223092398653,1,0.824239385583441
"Hypomethylated in DIS","cg06512249",0.571747593489518,0.396963967789454,-0.174783625700064,0.016426644955363,1,0.824239385583441
"Hypomethylated in DIS","cg06519422",0.788460823860138,0.649770000094728,-0.13869082376541,0.0365082465808828,1,0.824239385583441
"Hypomethylated in DIS","cg06529600",0.711771239376007,0.611498743148896,-0.100272496227111,0.0297628636942903,1,0.824239385583441
"Hypomethylated in DIS","cg07053841",0.697854948673757,0.480607778671928,-0.217247170001828,0.0116330970226784,1,0.824239385583441
"Hypomethylated in DIS","cg07095347",0.629296126433082,0.452488431236523,-0.176807695196559,0.0314954608380817,1,0.824239385583441
"Hypomethylated in DIS","cg07207043",0.669530181330681,0.503343156226468,-0.166187025104213,0.00754343772223942,1,0.824239385583441
"Hypomethylated in DIS","cg07226165",0.730154039838887,0.629293323582869,-0.100860716256019,0.0323712209299779,1,0.824239385583441
"Hypomethylated in DIS","cg07637554",0.777170823343975,0.58688743036415,-0.190283392979825,0.0064915018904041,1,0.824239385583441
"Hypomethylated in DIS","cg08161546",0.568026950176677,0.444463583195091,-0.123563366981586,0.0394015956509086,1,0.824239385583441
"Hypomethylated in DIS","cg08188318",0.747743485047174,0.601734143958335,-0.14600934108884,0.0390359033861351,1,0.824239385583441
"Hypomethylated in DIS","cg08692676",0.698463276310401,0.56777635058754,-0.130686925722861,0.0356683444288476,1,0.824239385583441
"Hypomethylated in DIS","cg08931515",0.600674616296478,0.406097913721612,-0.194576702574866,0.0178337551897526,1,0.824239385583441
"Hypomethylated in DIS","cg09017117",0.661283525064152,0.479681180243227,-0.181602344820925,0.0153446355371105,1,0.824239385583441
"Hypomethylated in DIS","cg09981914",0.416851741183782,0.177700181066756,-0.239151560117026,0.00318964838680884,1,0.824239385583441
"Hypomethylated in DIS","cg10312186",0.228555851877417,0.108863584099517,-0.1196922677779,0.0261956872947443,1,0.824239385583441
"Hypomethylated in DIS","cg10519906",0.733852263063099,0.521471598409954,-0.212380664653145,0.0431624989284389,1,0.824239385583441
"Hypomethylated in DIS","cg10735454",0.442216267619045,0.339872603590055,-0.10234366402899,0.0479253638356144,1,0.824239385583441
"Hypomethylated in DIS","cg11452501",0.583467157695029,0.324074781442206,-0.259392376252823,0.0051349675659923,1,0.824239385583441
"Hypomethylated in DIS","cg11625488",0.294031196909115,0.168747960918383,-0.125283235990732,0.0397515638161401,1,0.824239385583441
"Hypomethylated in DIS","cg11839940",0.826031172195946,0.606740036398067,-0.219291135797879,0.00249185657838163,1,0.824239385583441
"Hypomethylated in DIS","cg12800266",0.700770282106132,0.540467290083363,-0.160302992022768,0.0176455941461372,1,0.824239385583441
"Hypomethylated in DIS","cg12872357",0.736868686616003,0.585551026504519,-0.151317660111485,0.0224815299068428,1,0.824239385583441
"Hypomethylated in DIS","cg13072943",0.721810177202003,0.612614726439584,-0.109195450762418,0.0395169228441148,1,0.824239385583441
"Hypomethylated in DIS","cg13258453",0.69361181239815,0.500231866753326,-0.193379945644824,0.0183813654317544,1,0.824239385583441
"Hypomethylated in DIS","cg13629388",0.198120825864851,0.0901245188976029,-0.107996306967248,0.000679247958913285,1,0.824239385583441
"Hypomethylated in DIS","cg13982456",0.761191257019206,0.519957153552957,-0.241234103466249,0.00142602026382378,1,0.824239385583441
"Hypomethylated in DIS","cg14044426",0.680098945294801,0.53559623782943,-0.144502707465371,0.0460265771611095,1,0.824239385583441
"Hypomethylated in DIS","cg14119792",0.646864428639454,0.501201588501689,-0.145662840137765,0.00277242051426067,1,0.824239385583441
"Hypomethylated in DIS","cg14173968",0.419857554606244,0.232019326947137,-0.187838227659107,0.0445390342321067,1,0.824239385583441
"Hypomethylated in DIS","cg14615010",0.773257461729578,0.623794376199808,-0.14946308552977,0.0184026149354767,1,0.824239385583441
"Hypomethylated in DIS","cg14737484",0.478304936975008,0.295931250372182,-0.182373686602826,0.00508167010934968,1,0.824239385583441
"Hypomethylated in DIS","cg14740554",0.478125056152165,0.320165348341815,-0.15795970781035,0.000781540824983483,1,0.824239385583441
"Hypomethylated in DIS","cg14812743",0.819094814940984,0.690443055242477,-0.128651759698508,0.0327808837573386,1,0.824239385583441
"Hypomethylated in DIS","cg14853443",0.68584539212224,0.571404670712847,-0.114440721409393,0.00157502060311221,1,0.824239385583441
"Hypomethylated in DIS","cg15281724",0.844629213419978,0.737130944856958,-0.10749826856302,0.0118855497511346,1,0.824239385583441
"Hypomethylated in DIS","cg15809217",0.61447482666506,0.419625577254982,-0.194849249410078,0.0297536573360259,1,0.824239385583441
"Hypomethylated in DIS","cg16100392",0.630476408961205,0.437598767183769,-0.192877641777436,0.0231617433187012,1,0.824239385583441
"Hypomethylated in DIS","cg16232444",0.818365658314723,0.647081710394213,-0.17128394792051,0.0176413564900644,1,0.824239385583441
"Hypomethylated in DIS","cg16439130",0.715383337835548,0.494615484451548,-0.220767853384,0.00191530341027427,1,0.824239385583441
"Hypomethylated in DIS","cg16564946",0.775678959438529,0.654565425943876,-0.121113533494653,0.0181279025395194,1,0.824239385583441
"Hypomethylated in DIS","cg16722947",0.773148769831306,0.655470343240302,-0.117678426591004,0.0332453978588339,1,0.824239385583441
"Hypomethylated in DIS","cg16764177",0.872982517126158,0.766097713140719,-0.106884803985439,0.0149511098745657,1,0.824239385583441
"Hypomethylated in DIS","cg16804603",0.547979580871234,0.377075355655877,-0.170904225215357,0.0393244827644305,1,0.824239385583441
"Hypomethylated in DIS","cg17190781",0.862094084455882,0.628725757614348,-0.233368326841534,0.0261531539001788,1,0.824239385583441
"Hypomethylated in DIS","cg17784808",0.39138422170663,0.280149308948015,-0.111234912758614,0.00586005498011476,1,0.824239385583441
"Hypomethylated in DIS","cg17806418",0.782429765707054,0.585036310056997,-0.197393455650057,0.0250237507926335,1,0.824239385583441
"Hypomethylated in DIS","cg18004110",0.865083890316173,0.732925914209313,-0.13215797610686,0.0278912193645494,1,0.824239385583441
"Hypomethylated in DIS","cg18052547",0.738787816404587,0.446188379816893,-0.292599436587694,0.0346747243658426,1,0.824239385583441
"Hypomethylated in DIS","cg18132363",0.371963786803184,0.263941302974995,-0.108022483828189,0.0104968934733682,1,0.824239385583441
"Hypomethylated in DIS","cg18200389",0.864725933516783,0.757382535378231,-0.107343398138552,0.0160990310732675,1,0.824239385583441
"Hypomethylated in DIS","cg18235662",0.827872559536315,0.727367359376166,-0.10050520016015,0.0195534859669582,1,0.824239385583441
"Hypomethylated in DIS","cg19979896",0.845182512850004,0.743036320856284,-0.10214619199372,0.0266946603079211,1,0.824239385583441
"Hypomethylated in DIS","cg20030820",0.751513471472493,0.597599437365239,-0.153914034107254,0.0345194294173469,1,0.824239385583441
"Hypomethylated in DIS","cg20133046",0.758405532014405,0.623119172553995,-0.13528635946041,0.0262730532820315,1,0.824239385583441
"Hypomethylated in DIS","cg20227056",0.665113470612282,0.510016987218196,-0.155096483394086,0.00817372511517557,1,0.824239385583441
"Hypomethylated in DIS","cg20545458",0.444975733108843,0.302020653439739,-0.142955079669104,0.0218394600990678,1,0.824239385583441
"Hypomethylated in DIS","cg21414905",0.490406566256527,0.266168838556772,-0.224237727699756,0.0220233888343577,1,0.824239385583441
"Hypomethylated in DIS","cg21478597",0.732980353537669,0.614447650560444,-0.118532702977225,0.0283754893716149,1,0.824239385583441
"Hypomethylated in DIS","cg21793517",0.739965572862839,0.61282331531677,-0.127142257546068,0.0429254087023493,1,0.824239385583441
"Hypomethylated in DIS","cg22001483",0.337688166442612,0.172564701386008,-0.165123465056604,0.0200992652261567,1,0.824239385583441
"Hypomethylated in DIS","cg22410568",0.903691899052421,0.726146058011506,-0.177545841040915,0.0135818907676419,1,0.824239385583441
"Hypomethylated in DIS","cg22446264",0.809576258462424,0.614800130012805,-0.194776128449619,0.0384607977488733,1,0.824239385583441
"Hypomethylated in DIS","cg22679406",0.786069066210163,0.619165235694808,-0.166903830515355,0.0192036667743596,1,0.824239385583441
"Hypomethylated in DIS","cg23064481",0.69924942598568,0.541216517199797,-0.158032908785883,0.0170185820541672,1,0.824239385583441
"Hypomethylated in DIS","cg23530239",0.516880814852907,0.303315025602094,-0.213565789250813,0.00480876512698456,1,0.824239385583441
"Hypomethylated in DIS","cg23606396",0.367278117679916,0.239995820672583,-0.127282297007333,0.00977799377948657,1,0.824239385583441
"Hypomethylated in DIS","cg23641108",0.834207545090769,0.674294618398128,-0.159912926692641,0.00534914952482735,1,0.824239385583441
"Hypomethylated in DIS","cg23847843",0.732899415419164,0.499275350330297,-0.233624065088867,0.0015055123377792,1,0.824239385583441
"Hypomethylated in DIS","cg24028809",0.456552427656222,0.271620430704335,-0.184931996951887,0.0104496938204013,1,0.824239385583441
"Hypomethylated in DIS","cg24067911",0.431231137865567,0.291190891480557,-0.14004024638501,0.0452063308013074,1,0.824239385583441
"Hypomethylated in DIS","cg24112628",0.613016366002411,0.2541853444789,-0.358831021523512,0.000484012626030178,1,0.824239385583441
"Hypomethylated in DIS","cg24121503",0.494333111913165,0.334598107942229,-0.159735003970936,0.0101415397603608,1,0.824239385583441
"Hypomethylated in DIS","cg24375209",0.798114960924884,0.679824789425603,-0.118290171499281,0.0396567506195949,1,0.824239385583441
"Hypomethylated in DIS","cg24587080",0.733712694789939,0.614187132979739,-0.119525561810199,0.0466517806168972,1,0.824239385583441
"Hypomethylated in DIS","cg25465438",0.51407755725027,0.344975338172457,-0.169102219077813,0.02658161246256,1,0.824239385583441
"Hypomethylated in DIS","cg25861453",0.706613396250682,0.518424900883207,-0.188188495367474,0.00432075692638182,1,0.824239385583441
"Hypomethylated in DIS","cg25968437",0.251181700760704,0.124830849180108,-0.126350851580595,0.00251120947397567,1,0.824239385583441
"Hypomethylated in DIS","cg26288370",0.787603314225503,0.631217862706183,-0.156385451519321,0.039903537743996,1,0.824239385583441
"Hypomethylated in DIS","cg26680608",0.495187411482597,0.322026494486786,-0.173160916995811,0.0130210726387286,1,0.824239385583441
"Hypomethylated in DIS","cg27091343",0.746234300141802,0.616412902476061,-0.129821397665741,0.0133089588179101,1,0.824239385583441
"Hypomethylated in DIS","cg27107292",0.772818760144695,0.639596124261619,-0.133222635883076,0.0419248139629449,1,0.824239385583441
"Hypomethylated in DIS","cg00445443",0.28789197124075,0.0881907180171546,-0.199701253223596,0.00551265957922409,1,0.824239385583441
"Hypomethylated in DIS","cg00480856",0.817142199900222,0.694357968939947,-0.122784230960276,0.04929356112746,1,0.824239385583441
"Hypomethylated in DIS","cg00945810",0.646619116384076,0.513942147273255,-0.132676969110821,0.0140978421922276,1,0.824239385583441
"Hypomethylated in DIS","cg01079060",0.665974430908871,0.450228270648471,-0.2157461602604,0.0330804675123833,1,0.824239385583441
"Hypomethylated in DIS","cg01083469",0.817795065784726,0.634459259666717,-0.183335806118009,0.0123523399050139,1,0.824239385583441
"Hypomethylated in DIS","cg01507577",0.688847522716012,0.51243531503993,-0.176412207676082,0.0168975536595896,1,0.824239385583441
"Hypomethylated in DIS","cg01987393",0.546735400032655,0.281252139200563,-0.265483260832092,0.00345196986130781,1,0.824239385583441
"Hypomethylated in DIS","cg02063817",0.562004766006152,0.391571646135554,-0.170433119870598,0.014982910557635,1,0.824239385583441
"Hypomethylated in DIS","cg02099474",0.456312856590155,0.260425967109128,-0.195886889481028,0.0224202403402891,1,0.824239385583441
"Hypomethylated in DIS","cg02196256",0.58669449672642,0.452372151999432,-0.134322344726988,0.0495164195440351,1,0.824239385583441
"Hypomethylated in DIS","cg02451831",0.810144719902348,0.447891311735726,-0.362253408166621,0.00263190496111048,1,0.824239385583441
"Hypomethylated in DIS","cg02800100",0.733152077735029,0.531477697039237,-0.201674380695792,0.00276290096808217,1,0.824239385583441
"Hypomethylated in DIS","cg02847425",0.284603409939579,0.0999121261230148,-0.184691283816565,0.0273236396030823,1,0.824239385583441
"Hypomethylated in DIS","cg02935052",0.823572494002943,0.54350021862599,-0.280072275376953,0.00850242392241724,1,0.824239385583441
"Hypomethylated in DIS","cg03840849",0.776014109662524,0.61630409596003,-0.159710013702494,0.0238924620965672,1,0.824239385583441
"Hypomethylated in DIS","cg04420516",0.621605419143279,0.460961708792481,-0.160643710350798,0.0414056808312468,1,0.824239385583441
"Hypomethylated in DIS","cg04807561",0.707240903549386,0.573368569894686,-0.1338723336547,0.00532382920557945,1,0.824239385583441
"Hypomethylated in DIS","cg05541356",0.425804499044024,0.324888469783546,-0.100916029260478,0.0334644499836082,1,0.824239385583441
"Hypomethylated in DIS","cg05994974",0.667186733174838,0.397707636807952,-0.269479096366886,0.0026988967742867,1,0.824239385583441
"Hypomethylated in DIS","cg06166490",0.534418215243489,0.344158706598833,-0.190259508644656,0.00310097578403393,1,0.824239385583441
"Hypomethylated in DIS","cg06401979",0.37573605560575,0.193360209807678,-0.182375845798072,0.0283011135984447,1,0.824239385583441
"Hypomethylated in DIS","cg07017125",0.791719540090287,0.581683109398467,-0.210036430691821,0.0155542501251309,1,0.824239385583441
"Hypomethylated in DIS","cg07024786",0.659439698883658,0.431999435805512,-0.227440263078146,0.0044294556424123,1,0.824239385583441
"Hypomethylated in DIS","cg08657654",0.799840533145723,0.568284118558495,-0.231556414587227,0.0221555351697911,1,0.824239385583441
"Hypomethylated in DIS","cg08742095",0.817462019518,0.695408888837531,-0.122053130680469,0.0389376497574903,1,0.824239385583441
"Hypomethylated in DIS","cg09367467",0.417073023182349,0.265804413939764,-0.151268609242585,0.0149312855824864,1,0.824239385583441
"Hypomethylated in DIS","cg09908750",0.425008353829315,0.228898019546954,-0.19611033428236,0.00124231853031672,1,0.824239385583441
"Hypomethylated in DIS","cg10117599",0.824877273115418,0.236405964460723,-0.588471308654696,0.0467262042040107,1,0.824239385583441
"Hypomethylated in DIS","cg10213821",0.400660814998634,0.228290967035125,-0.172369847963509,0.0166522584791071,1,0.824239385583441
"Hypomethylated in DIS","cg10319053",0.373638060409994,0.203369631564925,-0.170268428845069,0.00248233533423621,1,0.824239385583441
"Hypomethylated in DIS","cg10573751",0.775506394255745,0.635168232681766,-0.14033816157398,0.0424371573650225,1,0.824239385583441
"Hypomethylated in DIS","cg10777347",0.438934379024889,0.274251981276493,-0.164682397748396,0.0210352975498222,1,0.824239385583441
"Hypomethylated in DIS","cg11311332",0.805246019586198,0.692386180651924,-0.112859838934274,0.0424398451806126,1,0.824239385583441
"Hypomethylated in DIS","cg11573518",0.547821053148184,0.419114722914952,-0.128706330233232,0.0344157892998407,1,0.824239385583441
"Hypomethylated in DIS","cg11611127",0.801904320425004,0.610872734543396,-0.191031585881609,0.00230009772253388,1,0.824239385583441
"Hypomethylated in DIS","cg11725581",0.740503008869644,0.587286082687436,-0.153216926182209,0.0398787862281157,1,0.824239385583441
"Hypomethylated in DIS","cg11747142",0.713628316344794,0.548816141358983,-0.164812174985811,0.0492296264020756,1,0.824239385583441
"Hypomethylated in DIS","cg12187687",0.666849926166983,0.528731799917315,-0.138118126249668,0.0162617550863432,1,0.824239385583441
"Hypomethylated in DIS","cg12750675",0.767739343062039,0.641441060491924,-0.126298282570116,0.041958074600241,1,0.824239385583441
"Hypomethylated in DIS","cg12868738",0.511074225393035,0.34874620063888,-0.162328024754155,0.000325039307964879,1,0.824239385583441
"Hypomethylated in DIS","cg13081213",0.837503783129788,0.725716657960038,-0.11178712516975,0.0442300338512479,1,0.824239385583441
"Hypomethylated in DIS","cg13329789",0.684698977213378,0.564439835085277,-0.120259142128101,0.00416255397141503,1,0.824239385583441
"Hypomethylated in DIS","cg13449377",0.784302763783196,0.631632603584851,-0.152670160198345,0.0178244980487553,1,0.824239385583441
"Hypomethylated in DIS","cg13985518",0.681714646812732,0.463789453811324,-0.217925193001408,0.00339341946133363,1,0.824239385583441
"Hypomethylated in DIS","cg14047091",0.573655134669933,0.465031814604355,-0.108623320065579,0.00660450000978401,1,0.824239385583441
"Hypomethylated in DIS","cg14051770",0.62884403089865,0.460299048748604,-0.168544982150045,0.00815905494558987,1,0.824239385583441
"Hypomethylated in DIS","cg14431020",0.580061503400966,0.443968022878449,-0.136093480522517,0.0406375367255247,1,0.824239385583441
"Hypomethylated in DIS","cg14491535",0.419319895705633,0.31813498402961,-0.101184911676023,0.0391605853281464,1,0.824239385583441
"Hypomethylated in DIS","cg14704980",0.337104890254207,0.229560987434187,-0.107543902820021,0.025291826019262,1,0.824239385583441
"Hypomethylated in DIS","cg14878128",0.699986399396129,0.309228806322494,-0.390757593073635,0.0124198804890018,1,0.824239385583441
"Hypomethylated in DIS","cg15034962",0.62630958533549,0.4029541855567,-0.22335539977879,0.0303555348507042,1,0.824239385583441
"Hypomethylated in DIS","cg15036867",0.531638421414917,0.321818027500743,-0.209820393914174,0.00592181096276593,1,0.824239385583441
"Hypomethylated in DIS","cg15037137",0.857854522704494,0.732999616120311,-0.124854906584184,0.00523771614610019,1,0.824239385583441
"Hypomethylated in DIS","cg15246238",0.823167968708674,0.69929119030571,-0.123876778402963,0.0285940261712639,1,0.824239385583441
"Hypomethylated in DIS","cg15247329",0.606808237070767,0.472755936622551,-0.134052300448216,0.03445329095325,1,0.824239385583441
"Hypomethylated in DIS","cg15798862",0.57899721593364,0.214387830120327,-0.364609385813313,0.0230589851995348,1,0.824239385583441
"Hypomethylated in DIS","cg18332229",0.58476241027744,0.313032403122636,-0.271730007154804,0.0171765307416229,1,0.824239385583441
"Hypomethylated in DIS","cg18751141",0.42445835848582,0.242647593554726,-0.181810764931094,0.0353065334142148,1,0.824239385583441
"Hypomethylated in DIS","cg19263469",0.690018402082272,0.585149230345727,-0.104869171736545,0.0135175913189378,1,0.824239385583441
"Hypomethylated in DIS","cg19432993",0.495989635128389,0.320144081628127,-0.175845553500262,0.00371808492851625,1,0.824239385583441
"Hypomethylated in DIS","cg19471856",0.885304140379022,0.762487256541316,-0.122816883837706,0.00720321065386667,1,0.824239385583441
"Hypomethylated in DIS","cg19744528",0.806338185972391,0.674129875854335,-0.132208310118056,0.0457965896023586,1,0.824239385583441
"Hypomethylated in DIS","cg19956914",0.714731574064886,0.54578640241788,-0.168945171647006,0.00531919538865051,1,0.824239385583441
"Hypomethylated in DIS","cg21899558",0.879651721538125,0.680095946607379,-0.199555774930746,0.0308774834510721,1,0.824239385583441
"Hypomethylated in DIS","cg22571135",0.599660355174704,0.323825573930699,-0.275834781244005,0.00122404372633718,1,0.824239385583441
"Hypomethylated in DIS","cg22811478",0.788741265092605,0.638326691480799,-0.150414573611806,0.0458565540322282,1,0.824239385583441
"Hypomethylated in DIS","cg23162571",0.198178030519743,0.0930911709508089,-0.105086859568934,0.0127329744610394,1,0.824239385583441
"Hypomethylated in DIS","cg23190054",0.596069675842873,0.494666439122341,-0.101403236720532,0.035992022700117,1,0.824239385583441
"Hypomethylated in DIS","cg23206851",0.240192409227305,0.135484357415174,-0.104708051812131,0.000495391260869454,1,0.824239385583441
"Hypomethylated in DIS","cg23351327",0.822854056351841,0.610544714908644,-0.212309341443197,0.00876691225468811,1,0.824239385583441
"Hypomethylated in DIS","cg23385492",0.492968436185002,0.331441039843443,-0.161527396341559,0.014796221299611,1,0.824239385583441
"Hypomethylated in DIS","cg24378559",0.370460075995695,0.26751858262804,-0.102941493367655,0.0321624888025108,1,0.824239385583441
"Hypomethylated in DIS","cg25257955",0.566647856151131,0.414458128607996,-0.152189727543134,0.0103655308109677,1,0.824239385583441
"Hypomethylated in DIS","cg25311470",0.426006435181338,0.268236544242087,-0.157769890939251,0.0253778533771608,1,0.824239385583441
"Hypomethylated in DIS","cg25962015",0.726172213390835,0.534724237280561,-0.191447976110275,0.00717692395020662,1,0.824239385583441
"Hypomethylated in DIS","cg26253500",0.76863905616946,0.499337560209866,-0.269301495959594,0.00245376693244837,1,0.824239385583441
"Hypomethylated in DIS","cg26874764",0.807405350338556,0.682761338978912,-0.124644011359643,0.00617347470219412,1,0.824239385583441
"Hypomethylated in DIS","cg00267694",0.849195645555942,0.738027372320448,-0.111168273235493,0.0207916977780566,1,0.824239385583441
"Hypomethylated in DIS","cg00471141",0.737254606014073,0.5531540458337,-0.184100560180373,0.014087317502887,1,0.824239385583441
"Hypomethylated in DIS","cg01115058",0.866019778370637,0.737690238266886,-0.12832954010375,0.0029287480156194,1,0.824239385583441
"Hypomethylated in DIS","cg01540522",0.732724162025266,0.467613756126371,-0.265110405898896,0.0430810094068626,1,0.824239385583441
"Hypomethylated in DIS","cg01862311",0.639927725754621,0.436327145973001,-0.20360057978162,0.017349061070921,1,0.824239385583441
"Hypomethylated in DIS","cg01924868",0.607069109656267,0.470758880987196,-0.136310228669071,0.0117940627000299,1,0.824239385583441
"Hypomethylated in DIS","cg02049210",0.234944180789081,0.117621742593018,-0.117322438196063,0.0361938072520793,1,0.824239385583441
"Hypomethylated in DIS","cg02402368",0.73237139777543,0.519889043075946,-0.212482354699484,0.020499645298478,1,0.824239385583441
"Hypomethylated in DIS","cg03399239",0.36558671946895,0.233902961357745,-0.131683758111205,0.0224775995980645,1,0.824239385583441
"Hypomethylated in DIS","cg03566001",0.84708428436109,0.669951680893091,-0.177132603467999,0.0271478060499828,1,0.824239385583441
"Hypomethylated in DIS","cg04017131",0.626705030964217,0.361439330111295,-0.265265700852923,0.0205924534223063,1,0.824239385583441
"Hypomethylated in DIS","cg04927345",0.55467821811766,0.384351921599166,-0.170326296518494,0.000765700751027695,1,0.824239385583441
"Hypomethylated in DIS","cg05365729",0.283614792634564,0.179863378555159,-0.103751414079406,0.00601993793883291,1,0.824239385583441
"Hypomethylated in DIS","cg05367885",0.529444674780873,0.343554802953969,-0.185889871826904,0.0173245910458687,1,0.824239385583441
"Hypomethylated in DIS","cg05490029",0.814554650567628,0.672615054368819,-0.141939596198809,0.0166547719014291,1,0.824239385583441
"Hypomethylated in DIS","cg05718076",0.749319007211582,0.565254873640769,-0.184064133570813,0.0263356893644219,1,0.824239385583441
"Hypomethylated in DIS","cg06167730",0.878590981149656,0.747604795439473,-0.130986185710183,0.0355424712031597,1,0.824239385583441
"Hypomethylated in DIS","cg06242449",0.242456927205959,0.141626617033221,-0.100830310172738,0.00844082142679122,1,0.824239385583441
"Hypomethylated in DIS","cg06935608",0.660424672182383,0.551506619998368,-0.108918052184015,0.00967089434311507,1,0.824239385583441
"Hypomethylated in DIS","cg07212327",0.675984692530678,0.476505561964266,-0.199479130566412,0.0410862235466209,1,0.824239385583441
"Hypomethylated in DIS","cg07249684",0.476614142167274,0.360781784533406,-0.115832357633868,0.0056289501077366,1,0.824239385583441
"Hypomethylated in DIS","cg07332601",0.769212752316645,0.580471055942953,-0.188741696373692,0.0243360272601762,1,0.824239385583441
"Hypomethylated in DIS","cg07927909",0.804906834556094,0.602271507745187,-0.202635326810908,0.0473984258646938,1,0.824239385583441
"Hypomethylated in DIS","cg08165361",0.855014106044651,0.71885351813915,-0.136160587905502,0.00553992207575362,1,0.824239385583441
"Hypomethylated in DIS","cg08457298",0.784236484470569,0.645128515931724,-0.139107968538845,0.00405686155973357,1,0.824239385583441
"Hypomethylated in DIS","cg08638874",0.830219718563357,0.657915528786579,-0.172304189776778,0.0113756519308483,1,0.824239385583441
"Hypomethylated in DIS","cg08955792",0.329911519599877,0.217570933842074,-0.112340585757803,0.00231304251549978,1,0.824239385583441
"Hypomethylated in DIS","cg09540738",0.627823393166951,0.505863678572031,-0.12195971459492,0.0468020333918227,1,0.824239385583441
"Hypomethylated in DIS","cg09548390",0.782061625831436,0.606852961613632,-0.175208664217804,0.043113240214365,1,0.824239385583441
"Hypomethylated in DIS","cg09584650",0.514902494810461,0.273909098118365,-0.240993396692096,0.0398020879082025,1,0.824239385583441
"Hypomethylated in DIS","cg09746261",0.716085082384787,0.496759037224886,-0.219326045159901,0.0463975557759861,1,0.824239385583441
"Hypomethylated in DIS","cg09981361",0.600631865791062,0.466215159399931,-0.134416706391131,0.0438811335030399,1,0.824239385583441
"Hypomethylated in DIS","cg10435486",0.495410330968292,0.384741709054591,-0.110668621913701,0.0383011755224012,1,0.824239385583441
"Hypomethylated in DIS","cg10660848",0.768335504118422,0.532276908707889,-0.236058595410533,0.00665344621384295,1,0.824239385583441
"Hypomethylated in DIS","cg10679266",0.63390574987636,0.457353410625624,-0.176552339250736,0.0495286562217953,1,0.824239385583441
"Hypomethylated in DIS","cg10964160",0.270222080018621,0.160941161270151,-0.10928091874847,0.00658311610267593,1,0.824239385583441
"Hypomethylated in DIS","cg12284098",0.557113005833238,0.395962479807219,-0.161150526026018,0.010108885667255,1,0.824239385583441
"Hypomethylated in DIS","cg13611636",0.811166482196403,0.682070778891251,-0.129095703305152,0.0354466715218466,1,0.824239385583441
"Hypomethylated in DIS","cg14686437",0.848784511186241,0.719535980830411,-0.12924853035583,0.0141132741076945,1,0.824239385583441
"Hypomethylated in DIS","cg14864167",0.57351377452991,0.327346506195963,-0.246167268333948,0.0189407804901705,1,0.824239385583441
"Hypomethylated in DIS","cg14992524",0.529511984936412,0.342771641190729,-0.186740343745682,0.0118335504054943,1,0.824239385583441
"Hypomethylated in DIS","cg16016465",0.699525359619002,0.510310340164855,-0.189215019454147,0.0100521911989981,1,0.824239385583441
"Hypomethylated in DIS","cg16017979",0.89213391329576,0.78915034914824,-0.10298356414752,0.0347608128163972,1,0.824239385583441
"Hypomethylated in DIS","cg16412772",0.372030825773847,0.268087427578054,-0.103943398195793,0.01756265835503,1,0.824239385583441
"Hypomethylated in DIS","cg16536560",0.82318869119712,0.68806203564672,-0.1351266555504,0.0322356482596893,1,0.824239385583441
"Hypomethylated in DIS","cg16661761",0.598995888580198,0.425228707286592,-0.173767181293606,0.0466398640352218,1,0.824239385583441
"Hypomethylated in DIS","cg17210126",0.822327169778447,0.654723512218114,-0.167603657560333,0.0295607046221372,1,0.824239385583441
"Hypomethylated in DIS","cg17524265",0.332673843311628,0.171836372108608,-0.16083747120302,0.019342519908689,1,0.824239385583441
"Hypomethylated in DIS","cg17696517",0.727226794246767,0.457367818624789,-0.269858975621978,0.0204704558207511,1,0.824239385583441
"Hypomethylated in DIS","cg17897391",0.55200627237709,0.290963414895467,-0.261042857481623,0.00805354250212876,1,0.824239385583441
"Hypomethylated in DIS","cg18649319",0.393243323471588,0.186373267672832,-0.206870055798756,0.0154676690220333,1,0.824239385583441
"Hypomethylated in DIS","cg19935471",0.650137336522064,0.4441506846756,-0.205986651846464,0.0348846290028553,1,0.824239385583441
"Hypomethylated in DIS","cg20426042",0.615375516999841,0.492208955143423,-0.123166561856418,0.0489126600008736,1,0.824239385583441
"Hypomethylated in DIS","cg20490392",0.744450433294934,0.435633960315892,-0.308816472979042,0.0104301418286602,1,0.824239385583441
"Hypomethylated in DIS","cg20610856",0.830645239866646,0.697697452353385,-0.132947787513261,0.0246638111875842,1,0.824239385583441
"Hypomethylated in DIS","cg20671920",0.277464094929546,0.171634526172848,-0.105829568756698,0.0118732824454542,1,0.824239385583441
"Hypomethylated in DIS","cg20819482",0.697311956897592,0.53641512400962,-0.160896832887971,0.0109910093679061,1,0.824239385583441
"Hypomethylated in DIS","cg21484512",0.693755190515981,0.573922077696708,-0.119833112819273,0.0392152894922072,1,0.824239385583441
"Hypomethylated in DIS","cg21735068",0.677941617357552,0.490724777444431,-0.187216839913122,0.0197234644042207,1,0.824239385583441
"Hypomethylated in DIS","cg21926626",0.570476340762522,0.459783116236268,-0.110693224526254,0.0495953034275169,1,0.824239385583441
"Hypomethylated in DIS","cg22272713",0.775017161065224,0.666041891350106,-0.108975269715117,0.0260251915422539,1,0.824239385583441
"Hypomethylated in DIS","cg22660370",0.390546473392549,0.152123819755139,-0.23842265363741,0.000223059731992262,1,0.824239385583441
"Hypomethylated in DIS","cg22763586",0.584196010126536,0.482558967266236,-0.101637042860301,0.0445784145410794,1,0.824239385583441
"Hypomethylated in DIS","cg23782083",0.719735803363152,0.50729692566861,-0.212438877694542,0.0147406025873517,1,0.824239385583441
"Hypomethylated in DIS","cg24195359",0.807346840261739,0.538473148861397,-0.268873691400342,0.00121360239935586,1,0.824239385583441
"Hypomethylated in DIS","cg24326782",0.639582484406259,0.486614043836058,-0.152968440570201,0.0281159360242272,1,0.824239385583441
"Hypomethylated in DIS","cg24639902",0.676744742812839,0.537689286690874,-0.139055456121965,0.0094194538830896,1,0.824239385583441
"Hypomethylated in DIS","cg24670715",0.855351783491041,0.626623791739442,-0.228727991751599,0.00522721184366788,1,0.824239385583441
"Hypomethylated in DIS","cg24843346",0.610493389977579,0.422760058856139,-0.18773333112144,0.00102213686067515,1,0.824239385583441
"Hypomethylated in DIS","cg25700686",0.449528827782202,0.334643307614033,-0.114885520168169,0.0172640771515975,1,0.824239385583441
"Hypomethylated in DIS","cg25927227",0.7674255613033,0.612169501493491,-0.155256059809809,0.0359202250868544,1,0.824239385583441
"Hypomethylated in DIS","cg26040708",0.702378782547394,0.493334425231696,-0.209044357315698,0.00158249773437172,1,0.824239385583441
"Hypomethylated in DIS","cg26972408",0.77321507182499,0.663837759435927,-0.109377312389063,0.0220626791365551,1,0.824239385583441
"Hypomethylated in DIS","cg27039118",0.780467658867685,0.639867939031358,-0.140599719836327,0.0352347215916052,1,0.824239385583441
"Hypomethylated in DIS","cg00115194",0.669339548236596,0.359270272097575,-0.310069276139021,0.039964217041675,1,0.824239385583441
"Hypomethylated in DIS","cg00571819",0.811379734801501,0.593165709698299,-0.218214025103202,0.04657907458961,1,0.824239385583441
"Hypomethylated in DIS","cg01400671",0.395159310425822,0.273746442798445,-0.121412867627376,0.00581615269464688,1,0.824239385583441
"Hypomethylated in DIS","cg02407308",0.644775823023438,0.379939101821827,-0.264836721201611,0.00606816095616862,1,0.824239385583441
"Hypomethylated in DIS","cg05072215",0.797705675354263,0.661255035758031,-0.136450639596231,0.0284671925953845,1,0.824239385583441
"Hypomethylated in DIS","cg06145669",0.614439481763455,0.457036274170731,-0.157403207592724,0.0239484427161721,1,0.824239385583441
"Hypomethylated in DIS","cg13478668",0.849448679005445,0.736657889905712,-0.112790789099733,0.00922661113430991,1,0.824239385583441
"Hypomethylated in DIS","cg13628022",0.312623672631579,0.125664686212822,-0.186958986418757,0.0066532555194769,1,0.824239385583441
"Hypomethylated in DIS","cg13694179",0.41479340506235,0.20941512091603,-0.20537828414632,0.00433159996405701,1,0.824239385583441
"Hypomethylated in DIS","cg13752545",0.728216923428729,0.541123209108138,-0.187093714320591,0.0321033331080115,1,0.824239385583441
"Hypomethylated in DIS","cg13853813",0.765598324948184,0.479167262214162,-0.286431062734023,0.0325363581358628,1,0.824239385583441
"Hypomethylated in DIS","cg13893799",0.805839175685663,0.696975099524504,-0.108864076161159,0.0469498966115712,1,0.824239385583441
"Hypomethylated in DIS","cg13903282",0.79349807132606,0.681154628476594,-0.112343442849467,0.00257218079887441,1,0.824239385583441
"Hypomethylated in DIS","cg14037346",0.901245889924468,0.760228576680514,-0.141017313243954,0.00100910202989612,1,0.824239385583441
"Hypomethylated in DIS","cg14133557",0.773606821889406,0.454061367328718,-0.319545454560687,7.26346806913252e-05,1,0.824239385583441
"Hypomethylated in DIS","cg14143519",0.667213959980607,0.534265592611691,-0.132948367368916,0.00530644805381295,1,0.824239385583441
"Hypomethylated in DIS","cg14154784",0.700867631560186,0.459245317783639,-0.241622313776546,0.0212731552823025,1,0.824239385583441
"Hypomethylated in DIS","cg14159704",0.763663351477066,0.532152461242188,-0.231510890234878,0.0180875481859668,1,0.824239385583441
"Hypomethylated in DIS","cg14198450",0.824568530048033,0.616804086400606,-0.207764443647426,0.00838756105851107,1,0.824239385583441
"Hypomethylated in DIS","cg14217552",0.806382299478869,0.676314088913021,-0.130068210565848,0.00309691982164316,1,0.824239385583441
"Hypomethylated in DIS","cg14219918",0.891580901463891,0.788986831692944,-0.102594069770947,0.0347862745904686,1,0.824239385583441
"Hypomethylated in DIS","cg14335349",0.808069414137161,0.614396788227275,-0.193672625909887,0.0070152391158862,1,0.824239385583441
"Hypomethylated in DIS","cg14353001",0.688148765351235,0.582445613425872,-0.105703151925363,0.0329477650296632,1,0.824239385583441
"Hypomethylated in DIS","cg14363249",0.545971961044082,0.360704322324553,-0.185267638719529,0.0477740014087828,1,0.824239385583441
"Hypomethylated in DIS","cg14380635",0.767914130672908,0.510890760885588,-0.257023369787321,5.73428589193735e-05,1,0.824239385583441
"Hypomethylated in DIS","cg14499274",0.743552245619848,0.627713490091348,-0.1158387555285,0.0426939306802342,1,0.824239385583441
"Hypomethylated in DIS","cg14502847",0.744631178118432,0.592684351652906,-0.151946826465526,0.0449966757159263,1,0.824239385583441
"Hypomethylated in DIS","cg14621763",0.88060555733291,0.679580126565007,-0.201025430767903,0.0431297984376185,1,0.824239385583441
"Hypomethylated in DIS","cg17270081",0.693821108572879,0.52215862671852,-0.171662481854359,0.0140074742319661,1,0.824239385583441
"Hypomethylated in DIS","cg20141118",0.626806237706894,0.518401780496831,-0.108404457210063,0.0456139688623765,1,0.824239385583441
"Hypomethylated in DIS","cg20324199",0.339896796637103,0.147474002879092,-0.192422793758011,0.0192406969932911,1,0.824239385583441
"Hypomethylated in DIS","cg21192468",0.547994626543075,0.432210325919212,-0.115784300623863,0.0377552669591424,1,0.824239385583441
"Hypomethylated in DIS","cg26053066",0.29170909850849,0.111770338782937,-0.179938759725553,9.70912963366611e-05,1,0.824239385583441
"Hypomethylated in DIS","cg00061792",0.645889550604909,0.427168621637521,-0.218720928967388,0.00826930253748709,1,0.824239385583441
"Hypomethylated in DIS","cg00110545",0.393749694470683,0.260260027927172,-0.133489666543511,0.0203177536817987,1,0.824239385583441
"Hypomethylated in DIS","cg00267286",0.628611582099704,0.497500279637864,-0.13111130246184,0.0208688018352182,1,0.824239385583441
"Hypomethylated in DIS","cg00317020",0.483081542449664,0.353539558997996,-0.129541983451667,0.035236269899356,1,0.824239385583441
"Hypomethylated in DIS","cg00417456",0.753328329188526,0.621401307073204,-0.131927022115322,0.0201659568374248,1,0.824239385583441
"Hypomethylated in DIS","cg00848594",0.752920705216532,0.61684794250673,-0.136072762709802,0.00934046911736194,1,0.824239385583441
"Hypomethylated in DIS","cg01391548",0.656512893810735,0.486334179128874,-0.170178714681861,0.00269652794570102,1,0.824239385583441
"Hypomethylated in DIS","cg01866359",0.613355269671429,0.389805351822721,-0.223549917848708,0.000510724784609011,1,0.824239385583441
"Hypomethylated in DIS","cg02217842",0.41606411825809,0.282837441464886,-0.133226676793203,0.0120177921475621,1,0.824239385583441
"Hypomethylated in DIS","cg02338162",0.800834509081713,0.684942325091772,-0.115892183989941,0.0142562836248517,1,0.824239385583441
"Hypomethylated in DIS","cg03052071",0.798519674553754,0.549349262794281,-0.249170411759473,0.00436016152713726,1,0.824239385583441
"Hypomethylated in DIS","cg03129324",0.658901263479722,0.506120080209406,-0.152781183270316,0.0244915958703591,1,0.824239385583441
"Hypomethylated in DIS","cg03660085",0.790769728150522,0.680102091914237,-0.110667636236285,0.00786801865469645,1,0.824239385583441
"Hypomethylated in DIS","cg03764364",0.330830037504175,0.120562807468535,-0.21026723003564,0.0210241287392123,1,0.824239385583441
"Hypomethylated in DIS","cg03987752",0.760724482113598,0.610111947004806,-0.150612535108792,0.0046209747210519,1,0.824239385583441
"Hypomethylated in DIS","cg04304978",0.710272469190794,0.570589947183154,-0.13968252200764,0.0255344925509382,1,0.824239385583441
"Hypomethylated in DIS","cg04922063",0.741855960425346,0.523626474071088,-0.218229486354259,0.000797231172074707,1,0.824239385583441
"Hypomethylated in DIS","cg05131940",0.642677645531358,0.444661952307245,-0.198015693224113,0.0305879831034661,1,0.824239385583441
"Hypomethylated in DIS","cg05180182",0.861050224301927,0.76007249405058,-0.100977730251347,0.00289145188397939,1,0.824239385583441
"Hypomethylated in DIS","cg05448271",0.797637416425799,0.581117258030604,-0.216520158395195,0.00442653697892885,1,0.824239385583441
"Hypomethylated in DIS","cg05596621",0.569005558558159,0.344573012257421,-0.224432546300737,0.0385737598926892,1,0.824239385583441
"Hypomethylated in DIS","cg05814312",0.559204860905307,0.296935480510753,-0.262269380394554,0.00939150753373344,1,0.824239385583441
"Hypomethylated in DIS","cg06071730",0.573778547375094,0.44331180483763,-0.130466742537465,0.0290213394797891,1,0.824239385583441
"Hypomethylated in DIS","cg06193766",0.779579262045983,0.674752216083734,-0.104827045962248,0.0205082322867709,1,0.824239385583441
"Hypomethylated in DIS","cg06224017",0.844746204718233,0.72565802390751,-0.119088180810723,0.026050080319851,1,0.824239385583441
"Hypomethylated in DIS","cg06439603",0.341606386545066,0.229199324415396,-0.11240706212967,0.00960855614496833,1,0.824239385583441
"Hypomethylated in DIS","cg06570967",0.882179305912287,0.776670227505879,-0.105509078406408,0.04697826622692,1,0.824239385583441
"Hypomethylated in DIS","cg06624146",0.780871415614164,0.640752181000884,-0.14011923461328,0.0479108993445078,1,0.824239385583441
"Hypomethylated in DIS","cg06777902",0.454556587361042,0.280057539271996,-0.174499048089047,0.0334836330720221,1,0.824239385583441
"Hypomethylated in DIS","cg07191657",0.653274650684593,0.54180957960221,-0.111465071082383,0.0143659024915432,1,0.824239385583441
"Hypomethylated in DIS","cg07240689",0.774904762144167,0.648359236914038,-0.126545525230129,0.0135402144972427,1,0.824239385583441
"Hypomethylated in DIS","cg07551060",0.385384373924747,0.22254511044941,-0.162839263475336,0.00311034565559955,1,0.824239385583441
"Hypomethylated in DIS","cg07969669",0.67730051247512,0.401806183729372,-0.275494328745747,0.00263480232034323,1,0.824239385583441
"Hypomethylated in DIS","cg08291907",0.862798970123009,0.754751906866132,-0.108047063256877,0.0279214144770312,1,0.824239385583441
"Hypomethylated in DIS","cg08836481",0.687134277390689,0.533496312798782,-0.153637964591908,0.0255621745663877,1,0.824239385583441
"Hypomethylated in DIS","cg08971562",0.476775638856197,0.374902301798487,-0.10187333705771,0.0075646569873798,1,0.824239385583441
"Hypomethylated in DIS","cg09045574",0.62708244660318,0.4610927770967,-0.165989669506479,0.0489971646560817,1,0.824239385583441
"Hypomethylated in DIS","cg09461005",0.731684002627701,0.482160727259742,-0.249523275367959,0.000551349157322049,1,0.824239385583441
"Hypomethylated in DIS","cg09521743",0.539061195037784,0.304200113518709,-0.234861081519075,0.020079026202294,1,0.824239385583441
"Hypomethylated in DIS","cg09701700",0.452850494686308,0.339696417071541,-0.113154077614767,0.0110794398540026,1,0.824239385583441
"Hypomethylated in DIS","cg10377144",0.851351646684995,0.717158570686509,-0.134193075998486,0.0402549200905059,1,0.824239385583441
"Hypomethylated in DIS","cg10491120",0.233600878698262,0.128968002340135,-0.104632876358126,0.0167979757251219,1,0.824239385583441
"Hypomethylated in DIS","cg10575075",0.68193971374486,0.481995762843465,-0.199943950901395,0.0139247102900692,1,0.824239385583441
"Hypomethylated in DIS","cg10861731",0.822469702592323,0.566312493054041,-0.256157209538282,0.022835728846944,1,0.824239385583441
"Hypomethylated in DIS","cg11820931",0.759753197636334,0.647111874252154,-0.11264132338418,0.0187085896404288,1,0.824239385583441
"Hypomethylated in DIS","cg13399203",0.546568752868243,0.433042804062182,-0.113525948806061,0.039824246006185,1,0.824239385583441
"Hypomethylated in DIS","cg13553455",0.744823250095897,0.602760820764468,-0.142062429331429,0.011693130366883,1,0.824239385583441
"Hypomethylated in DIS","cg14429209",0.694990773268766,0.562238445025968,-0.132752328242798,0.0391365558062926,1,0.824239385583441
"Hypomethylated in DIS","cg14429526",0.466333837543295,0.350580276477209,-0.115753561066086,0.00899240468825319,1,0.824239385583441
"Hypomethylated in DIS","cg14731462",0.654258912792407,0.417724103853018,-0.236534808939389,0.00349396634248501,1,0.824239385583441
"Hypomethylated in DIS","cg15227994",0.334300485828528,0.211651004602614,-0.122649481225914,0.0300031048837968,1,0.824239385583441
"Hypomethylated in DIS","cg15302379",0.752687441975535,0.632043117004325,-0.12064432497121,0.0426138465996217,1,0.824239385583441
"Hypomethylated in DIS","cg15346619",0.651940021915499,0.503770146066099,-0.1481698758494,0.00900392580299689,1,0.824239385583441
"Hypomethylated in DIS","cg15601807",0.751897404259815,0.449832457694049,-0.302064946565766,0.0109580050361575,1,0.824239385583441
"Hypomethylated in DIS","cg15644671",0.804268044437527,0.695215360305709,-0.109052684131818,0.0277570519259023,1,0.824239385583441
"Hypomethylated in DIS","cg16151503",0.671297449936172,0.46886214542427,-0.202435304511902,0.0433553120550495,1,0.824239385583441
"Hypomethylated in DIS","cg16578636",0.269258503801902,0.154514036205505,-0.114744467596397,0.00194661182632529,1,0.824239385583441
"Hypomethylated in DIS","cg16863829",0.725472328101243,0.546047271119963,-0.17942505698128,0.0291518555146596,1,0.824239385583441
"Hypomethylated in DIS","cg17137888",0.616682777299429,0.457193908004241,-0.159488869295188,0.0378269982830427,1,0.824239385583441
"Hypomethylated in DIS","cg17425818",0.578949637019397,0.451282809380623,-0.127666827638774,0.0190156649708074,1,0.824239385583441
"Hypomethylated in DIS","cg18325841",0.81428285884562,0.666458690125161,-0.147824168720459,0.0425888341097126,1,0.824239385583441
"Hypomethylated in DIS","cg18450420",0.749718567077562,0.619883360679403,-0.129835206398159,0.0197506334064063,1,0.824239385583441
"Hypomethylated in DIS","cg18468041",0.565407358219763,0.451779174084764,-0.113628184135,0.0439557449139137,1,0.824239385583441
"Hypomethylated in DIS","cg18483404",0.832710575676308,0.721961249192027,-0.110749326484281,0.0164557682043999,1,0.824239385583441
"Hypomethylated in DIS","cg18589102",0.753258863627825,0.585667220035711,-0.167591643592114,0.00847712381857781,1,0.824239385583441
"Hypomethylated in DIS","cg19127638",0.852835012927357,0.680950447679761,-0.171884565247596,0.0178428534306127,1,0.824239385583441
"Hypomethylated in DIS","cg19335412",0.673799329441762,0.541502786318913,-0.13229654312285,0.0185718958181622,1,0.824239385583441
"Hypomethylated in DIS","cg19440720",0.877195431392615,0.775305375810307,-0.101890055582308,0.0224185221479549,1,0.824239385583441
"Hypomethylated in DIS","cg19684190",0.837182694190955,0.551187093803541,-0.285995600387414,0.00495202914815383,1,0.824239385583441
"Hypomethylated in DIS","cg19707359",0.699456962859993,0.550512636366439,-0.148944326493554,0.00170586083030115,1,0.824239385583441
"Hypomethylated in DIS","cg19730699",0.515614959719167,0.336294695775612,-0.179320263943555,0.00399446365420234,1,0.824239385583441
"Hypomethylated in DIS","cg20212940",0.566138919182319,0.272060165788445,-0.294078753393875,0.0234800107001406,1,0.824239385583441
"Hypomethylated in DIS","cg20384231",0.831201686596376,0.725372959473557,-0.10582872712282,0.0193389814268385,1,0.824239385583441
"Hypomethylated in DIS","cg20472384",0.733125466205148,0.447925633977766,-0.285199832227382,0.033616521999282,1,0.824239385583441
"Hypomethylated in DIS","cg20506085",0.550606442046175,0.388062932005322,-0.162543510040853,0.0329195433494567,1,0.824239385583441
"Hypomethylated in DIS","cg20543544",0.245674580242408,0.1306747594094,-0.114999820833008,0.00488095258916392,1,0.824239385583441
"Hypomethylated in DIS","cg20594303",0.378130501780067,0.235742632226054,-0.142387869554013,0.0203522439017654,1,0.824239385583441
"Hypomethylated in DIS","cg22539182",0.394164847576401,0.172576530688898,-0.221588316887503,0.000754291653986889,1,0.824239385583441
"Hypomethylated in DIS","cg22557725",0.673069574842432,0.486660176028147,-0.186409398814285,0.0457468553294648,1,0.824239385583441
"Hypomethylated in DIS","cg22633036",0.39073705497601,0.21714246635742,-0.17359458861859,0.0415683952642719,1,0.824239385583441
"Hypomethylated in DIS","cg22954052",0.775329635395049,0.606008357879044,-0.169321277516005,0.00428257645435005,1,0.824239385583441
"Hypomethylated in DIS","cg23264429",0.585810096576515,0.398013718814392,-0.187796377762123,0.00915348588667656,1,0.824239385583441
"Hypomethylated in DIS","cg23418510",0.735990719543395,0.606685232393477,-0.129305487149918,0.0283956626533588,1,0.824239385583441
"Hypomethylated in DIS","cg23837265",0.736583700232531,0.520921588675383,-0.215662111557148,0.0127863649868562,1,0.824239385583441
"Hypomethylated in DIS","cg24160569",0.607748768496473,0.477784470316362,-0.129964298180111,0.0105266954086887,1,0.824239385583441
"Hypomethylated in DIS","cg24381155",0.736748686147482,0.598477676248507,-0.138271009898975,0.0145654414140557,1,0.824239385583441
"Hypomethylated in DIS","cg24609819",0.833988620966172,0.693663361725129,-0.140325259241042,0.0431763256810424,1,0.824239385583441
"Hypomethylated in DIS","cg24876368",0.583036143142796,0.400413351866074,-0.182622791276722,0.0377287897439688,1,0.824239385583441
"Hypomethylated in DIS","cg24968869",0.88963188171757,0.781819429441896,-0.107812452275674,0.0403379440716932,1,0.824239385583441
"Hypomethylated in DIS","cg25039498",0.796607014490358,0.645251115206085,-0.151355899284273,0.00643812600817852,1,0.824239385583441
"Hypomethylated in DIS","cg25233900",0.705989992459864,0.575856031032277,-0.130133961427586,0.0194997020010886,1,0.824239385583441
"Hypomethylated in DIS","cg25586329",0.617225791242768,0.381577093043187,-0.235648698199581,0.00334842976223871,1,0.824239385583441
"Hypomethylated in DIS","cg26276667",0.769372532622434,0.647927740256608,-0.121444792365826,0.0183275146595876,1,0.824239385583441
"Hypomethylated in DIS","cg26562566",0.692277349864829,0.547670511878408,-0.144606837986421,0.0081992740130786,1,0.824239385583441
"Hypomethylated in DIS","cg26964636",0.767532519532178,0.600478495297351,-0.167054024234827,0.00628987310135343,1,0.824239385583441
"Hypomethylated in DIS","cg27287823",0.682987970365179,0.462505360204923,-0.220482610160256,0.018221759279878,1,0.824239385583441
"Hypomethylated in DIS","cg27421267",0.726346089660567,0.617341768969501,-0.109004320691067,0.0225039236844945,1,0.824239385583441
"Hypomethylated in DIS","cg27551625",0.691773837495818,0.504309755404552,-0.187464082091266,0.00922163186747186,1,0.824239385583441
"Hypomethylated in DIS","cg00078348",0.768494357359508,0.560938538963426,-0.207555818396083,0.0210522230967017,1,0.824239385583441
"Hypomethylated in DIS","cg00156427",0.477498714075086,0.354122031721657,-0.123376682353429,0.0281109367149479,1,0.824239385583441
"Hypomethylated in DIS","cg00498804",0.802388610843689,0.681092220855047,-0.121296389988641,0.00339257552052578,1,0.824239385583441
"Hypomethylated in DIS","cg00509485",0.657733675529794,0.388559771526373,-0.269173904003422,0.00139620105568753,1,0.824239385583441
"Hypomethylated in DIS","cg01110616",0.773364871779397,0.629033394343705,-0.144331477435692,0.0411809479992106,1,0.824239385583441
"Hypomethylated in DIS","cg01219426",0.304501941249651,0.184921119412237,-0.119580821837414,0.0223353279460492,1,0.824239385583441
"Hypomethylated in DIS","cg01663953",0.734155299697894,0.465795455458704,-0.26835984423919,0.0434508980448049,1,0.824239385583441
"Hypomethylated in DIS","cg01685893",0.779137739322042,0.655304956788072,-0.12383278253397,0.0268567292983467,1,0.824239385583441
"Hypomethylated in DIS","cg01694939",0.909631706298579,0.765909165904446,-0.143722540394133,0.0267559645447462,1,0.824239385583441
"Hypomethylated in DIS","cg01861537",0.556351411716511,0.391930361229693,-0.164421050486818,0.0470260804706837,1,0.824239385583441
"Hypomethylated in DIS","cg02001060",0.79458968729847,0.652654771519436,-0.141934915779034,0.0137352756627195,1,0.824239385583441
"Hypomethylated in DIS","cg02082342",0.870930302346336,0.732602080927934,-0.138328221418402,0.00219069229920275,1,0.824239385583441
"Hypomethylated in DIS","cg02470043",0.821756387076418,0.71248891648838,-0.109267470588038,0.00266395112468483,1,0.824239385583441
"Hypomethylated in DIS","cg02742555",0.281502317332313,0.176457659284145,-0.105044658048168,0.0299561491023573,1,0.824239385583441
"Hypomethylated in DIS","cg02816425",0.878309591281638,0.762308568675533,-0.116001022606105,0.0140178765543778,1,0.824239385583441
"Hypomethylated in DIS","cg03024791",0.640719374876468,0.518327640143855,-0.122391734732613,0.0157282448288264,1,0.824239385583441
"Hypomethylated in DIS","cg04503500",0.797185713338489,0.684205000377478,-0.11298071296101,0.0142624016199501,1,0.824239385583441
"Hypomethylated in DIS","cg05181279",0.74053692570488,0.563324925239058,-0.177212000465823,0.00654709925759437,1,0.824239385583441
"Hypomethylated in DIS","cg05442111",0.763706991693104,0.653789202250901,-0.109917789442203,0.0250534116820331,1,0.824239385583441
"Hypomethylated in DIS","cg05554192",0.822910734870988,0.685882897349821,-0.137027837521167,0.0116691072743499,1,0.824239385583441
"Hypomethylated in DIS","cg05566455",0.466235525788973,0.274724986848557,-0.191510538940416,0.00407821212855036,1,0.824239385583441
"Hypomethylated in DIS","cg06114171",0.632534695532251,0.531813047961605,-0.100721647570646,0.0238025655832063,1,0.824239385583441
"Hypomethylated in DIS","cg06120313",0.787129427736279,0.48666485485191,-0.300464572884369,0.0220538695544357,1,0.824239385583441
"Hypomethylated in DIS","cg06192220",0.794675746363262,0.567999095939932,-0.22667665042333,0.0375058905351175,1,0.824239385583441
"Hypomethylated in DIS","cg06355870",0.840043307490592,0.72450064265582,-0.115542664834772,0.012798694268025,1,0.824239385583441
"Hypomethylated in DIS","cg06799747",0.710273573530801,0.456812033841113,-0.253461539689687,0.00989366273173315,1,0.824239385583441
"Hypomethylated in DIS","cg07586868",0.618384474067127,0.494196491545708,-0.124187982521419,0.0235904503233627,1,0.824239385583441
"Hypomethylated in DIS","cg07655487",0.417988919644177,0.309512916696091,-0.108476002948086,0.0399568583570626,1,0.824239385583441
"Hypomethylated in DIS","cg07701610",0.816249588909411,0.604294625204349,-0.211954963705063,0.0128880412241375,1,0.824239385583441
"Hypomethylated in DIS","cg07774251",0.821695508514166,0.618801018697286,-0.20289448981688,0.02216575391785,1,0.824239385583441
"Hypomethylated in DIS","cg07850246",0.730525827763997,0.624294848907991,-0.106230978856006,0.0344762845982011,1,0.824239385583441
"Hypomethylated in DIS","cg08442823",0.5249982924385,0.246383859966053,-0.278614432472447,0.000181091953631489,1,0.824239385583441
"Hypomethylated in DIS","cg08505647",0.848407598818813,0.721671022306814,-0.126736576511999,0.00585219841827681,1,0.824239385583441
"Hypomethylated in DIS","cg08939373",0.666739290098177,0.402434200493468,-0.26430508960471,0.0325241329147414,1,0.824239385583441
"Hypomethylated in DIS","cg09122035",0.593663710593868,0.391950123213638,-0.20171358738023,0.0306295138108709,1,0.824239385583441
"Hypomethylated in DIS","cg09971562",0.635500504754978,0.472702949403992,-0.162797555350986,0.007268659192926,1,0.824239385583441
"Hypomethylated in DIS","cg10300891",0.888135683326335,0.773751017667019,-0.114384665659315,0.00705541113741746,1,0.824239385583441
"Hypomethylated in DIS","cg10481560",0.793711497036315,0.68427172683139,-0.109439770204925,0.00251538935463382,1,0.824239385583441
"Hypomethylated in DIS","cg11333968",0.617048103774273,0.383304199707734,-0.233743904066539,0.0084629363054083,1,0.824239385583441
"Hypomethylated in DIS","cg11382794",0.829835398579982,0.648488055632277,-0.181347342947704,0.0392466493543974,1,0.824239385583441
"Hypomethylated in DIS","cg11468953",0.283239508375032,0.157633427619983,-0.125606080755048,0.0289611735147867,1,0.824239385583441
"Hypomethylated in DIS","cg12598870",0.656401665653916,0.534211497411185,-0.122190168242731,0.0108246451484632,1,0.824239385583441
"Hypomethylated in DIS","cg12836303",0.842964126790001,0.708104527737878,-0.134859599052123,0.0360752261841954,1,0.824239385583441
"Hypomethylated in DIS","cg13365436",0.782797445923573,0.642691835597418,-0.140105610326155,0.0330169954830955,1,0.824239385583441
"Hypomethylated in DIS","cg13625026",0.315430066130646,0.193564267878701,-0.121865798251945,0.0460945058555987,1,0.824239385583441
"Hypomethylated in DIS","cg14140874",0.374516593915917,0.2498156456435,-0.124700948272417,0.0265565120944182,1,0.824239385583441
"Hypomethylated in DIS","cg14389139",0.869935790231081,0.764107091604068,-0.105828698627013,0.0458912700567458,1,0.824239385583441
"Hypomethylated in DIS","cg14909179",0.83181973598187,0.441148124941915,-0.390671611039955,0.00186038185366481,1,0.824239385583441
"Hypomethylated in DIS","cg15094908",0.828127192194362,0.640318560871505,-0.187808631322858,0.0156803509312376,1,0.824239385583441
"Hypomethylated in DIS","cg15336705",0.753021707913426,0.521172278445574,-0.231849429467853,0.0413411333693672,1,0.824239385583441
"Hypomethylated in DIS","cg15362894",0.393016772153576,0.174479360828183,-0.218537411325394,0.000761405698318613,1,0.824239385583441
"Hypomethylated in DIS","cg15844711",0.740873700948617,0.613280078969285,-0.127593621979332,0.0454159681932849,1,0.824239385583441
"Hypomethylated in DIS","cg16406611",0.761454123901952,0.507783663962728,-0.253670459939225,0.01475907806112,1,0.824239385583441
"Hypomethylated in DIS","cg16472904",0.225330745170217,0.112370607419808,-0.112960137750409,0.0029493566864118,1,0.824239385583441
"Hypomethylated in DIS","cg17017814",0.597131721695936,0.469514107306073,-0.127617614389863,0.0284371975791742,1,0.824239385583441
"Hypomethylated in DIS","cg17996830",0.82732397420031,0.681209298671063,-0.146114675529247,0.0414898015666702,1,0.824239385583441
"Hypomethylated in DIS","cg18156551",0.73583723331774,0.625366923257077,-0.110470310060664,0.0224934615257457,1,0.824239385583441
"Hypomethylated in DIS","cg18458509",0.276524787538985,0.153501443769426,-0.123023343769559,0.0295047492861977,1,0.824239385583441
"Hypomethylated in DIS","cg18550212",0.474529966666657,0.268446193205071,-0.206083773461585,0.0235010286164387,1,0.824239385583441
"Hypomethylated in DIS","cg18771050",0.633391951136201,0.411179108894383,-0.222212842241818,0.000577274463597765,1,0.824239385583441
"Hypomethylated in DIS","cg18962750",0.8864026929242,0.777725582423876,-0.108677110500324,0.0268040713129871,1,0.824239385583441
"Hypomethylated in DIS","cg19080354",0.367201942360458,0.223500109113379,-0.143701833247078,0.0105006760177589,1,0.824239385583441
"Hypomethylated in DIS","cg19356515",0.638348988365858,0.499670108403531,-0.138678879962327,0.0160048952408885,1,0.824239385583441
"Hypomethylated in DIS","cg19620758",0.793679171793179,0.628413488231755,-0.165265683561425,0.0432090701558478,1,0.824239385583441
"Hypomethylated in DIS","cg19954234",0.870845822814788,0.742584483516063,-0.128261339298725,0.0324938345287898,1,0.824239385583441
"Hypomethylated in DIS","cg19960899",0.768124908331328,0.639655039994565,-0.128469868336763,0.0157888262976522,1,0.824239385583441
"Hypomethylated in DIS","cg20064370",0.594264455610073,0.398708708828041,-0.195555746782031,0.0267346371414143,1,0.824239385583441
"Hypomethylated in DIS","cg20244273",0.288310107022019,0.18708557364987,-0.10122453337215,0.0151154264195833,1,0.824239385583441
"Hypomethylated in DIS","cg20497968",0.795463664313761,0.666373877099682,-0.129089787214079,0.00246242845976295,1,0.824239385583441
"Hypomethylated in DIS","cg20538073",0.750001414378223,0.559142941573047,-0.190858472805177,0.0238101269645605,1,0.824239385583441
"Hypomethylated in DIS","cg20933297",0.431105572426736,0.189855127912412,-0.241250444514324,0.0499292235435318,1,0.824239385583441
"Hypomethylated in DIS","cg21585512",0.499206956445519,0.291555206666738,-0.207651749778781,0.00663616346379059,1,0.824239385583441
"Hypomethylated in DIS","cg21929875",0.804075335721089,0.678837804858368,-0.125237530862721,0.000934671700951324,1,0.824239385583441
"Hypomethylated in DIS","cg22159835",0.826604965852471,0.721123005644763,-0.105481960207709,0.0355173711893608,1,0.824239385583441
"Hypomethylated in DIS","cg22974467",0.672060979860295,0.452650079607212,-0.219410900253083,0.0465636607336256,1,0.824239385583441
"Hypomethylated in DIS","cg23725454",0.576983448026349,0.406124446619406,-0.170859001406943,0.00517447429977359,1,0.824239385583441
"Hypomethylated in DIS","cg23966547",0.841497528133455,0.724816142481209,-0.116681385652247,0.0220298803288181,1,0.824239385583441
"Hypomethylated in DIS","cg24670445",0.72166791809803,0.614711463501565,-0.106956454596464,0.0121311090500979,1,0.824239385583441
"Hypomethylated in DIS","cg25006998",0.60112157683773,0.473108424898035,-0.128013151939695,0.0282884958703258,1,0.824239385583441
"Hypomethylated in DIS","cg25146879",0.744529152515354,0.619890586826231,-0.124638565689122,0.0346509222886461,1,0.824239385583441
"Hypomethylated in DIS","cg25169733",0.688920847515343,0.500003644565881,-0.188917202949462,0.00996358327492669,1,0.824239385583441
"Hypomethylated in DIS","cg25740457",0.57658235653636,0.432917797792059,-0.143664558744301,0.0219557201006502,1,0.824239385583441
"Hypomethylated in DIS","cg25743482",0.774800269859912,0.543657710784241,-0.23114255907567,0.0320323370857568,1,0.824239385583441
"Hypomethylated in DIS","cg26006254",0.547861337503036,0.429015315152456,-0.11884602235058,0.0329923497048333,1,0.824239385583441
"Hypomethylated in DIS","cg26152754",0.81330921842431,0.676853681431127,-0.136455536993183,0.0111627186188935,1,0.824239385583441
"Hypomethylated in DIS","cg27049594",0.849131596938651,0.65782276465389,-0.191308832284761,0.0437202424271879,1,0.824239385583441
"Hypomethylated in DIS","cg27121267",0.791032490003379,0.641931051563669,-0.149101438439711,0.0148149047812268,1,0.824239385583441
"Hypomethylated in DIS","cg27262041",0.727820099094552,0.539117037213436,-0.188703061881115,0.00144019516915897,1,0.824239385583441
"Hypomethylated in DIS","cg00194771",0.857490283076623,0.739696274599468,-0.117794008477155,0.0216378586813639,1,0.824239385583441
"Hypomethylated in DIS","cg00310523",0.326146422166591,0.187719727307013,-0.138426694859578,0.0450911266352268,1,0.824239385583441
"Hypomethylated in DIS","cg00792107",0.409348337362769,0.299981601500318,-0.109366735862452,0.00230734495326338,1,0.824239385583441
"Hypomethylated in DIS","cg01161055",0.895433164429232,0.793019272711334,-0.102413891717898,0.0352351690808848,1,0.824239385583441
"Hypomethylated in DIS","cg02352252",0.81554775218405,0.686285812300722,-0.129261939883327,0.0138257817522603,1,0.824239385583441
"Hypomethylated in DIS","cg02667103",0.867476023560771,0.758937424106083,-0.108538599454687,0.00336938010447513,1,0.824239385583441
"Hypomethylated in DIS","cg03149245",0.323460978798461,0.219903358950449,-0.103557619848012,0.0227947212763021,1,0.824239385583441
"Hypomethylated in DIS","cg03434950",0.794258587067163,0.692746735901929,-0.101511851165234,0.0262444886461929,1,0.824239385583441
"Hypomethylated in DIS","cg03618113",0.565712879318924,0.400232603383806,-0.165480275935118,0.0465813671053823,1,0.824239385583441
"Hypomethylated in DIS","cg03846111",0.433505766916779,0.328922696084194,-0.104583070832585,0.0260895062621186,1,0.824239385583441
"Hypomethylated in DIS","cg04074153",0.503869192440873,0.306093200589721,-0.197775991851152,0.0419611342794841,1,0.824239385583441
"Hypomethylated in DIS","cg04094478",0.897217855587716,0.792178062529691,-0.105039793058024,0.0323329918375731,1,0.824239385583441
"Hypomethylated in DIS","cg05207107",0.772372177248305,0.647971324742655,-0.12440085250565,0.0371398466350632,1,0.824239385583441
"Hypomethylated in DIS","cg06533408",0.496109518706158,0.371033710105979,-0.125075808600179,0.020738247720004,1,0.824239385583441
"Hypomethylated in DIS","cg06732241",0.338268020631703,0.209492410354106,-0.128775610277598,0.0125407765127647,1,0.824239385583441
"Hypomethylated in DIS","cg07072405",0.784958815846844,0.545653684358337,-0.239305131488507,0.00725653470099332,1,0.824239385583441
"Hypomethylated in DIS","cg07170300",0.182773988856898,0.0757438367722791,-0.107030152084619,0.0262980402559717,1,0.824239385583441
"Hypomethylated in DIS","cg07367607",0.443786809030355,0.326239919512879,-0.117546889517475,0.0314448069259704,1,0.824239385583441
"Hypomethylated in DIS","cg08024174",0.791471967122818,0.644703528144658,-0.14676843897816,0.0176655795169843,1,0.824239385583441
"Hypomethylated in DIS","cg08087969",0.467348409015824,0.30171577981137,-0.165632629204453,0.0172596406635896,1,0.824239385583441
"Hypomethylated in DIS","cg08324862",0.703807124033933,0.55200813625383,-0.151798987780103,0.0225456174401222,1,0.824239385583441
"Hypomethylated in DIS","cg08752433",0.628085378404437,0.459344218946155,-0.168741159458283,0.0316890378960049,1,0.824239385583441
"Hypomethylated in DIS","cg09084244",0.502189496480866,0.145240087133792,-0.356949409347073,0.0406657575621277,1,0.824239385583441
"Hypomethylated in DIS","cg09284209",0.616845623747343,0.19868869031393,-0.418156933433413,0.0209846406794239,1,0.824239385583441
"Hypomethylated in DIS","cg09694527",0.855333140401498,0.738387447345501,-0.116945693055997,0.00598774011519507,1,0.824239385583441
"Hypomethylated in DIS","cg10118167",0.256501848058287,0.139669325605337,-0.11683252245295,0.00425078153592907,1,0.824239385583441
"Hypomethylated in DIS","cg10548102",0.740975607618477,0.524895951099288,-0.216079656519189,0.0274300026255623,1,0.824239385583441
"Hypomethylated in DIS","cg11059944",0.899575138555938,0.774217691457697,-0.125357447098241,0.00335569204828259,1,0.824239385583441
"Hypomethylated in DIS","cg11661914",0.733300814463254,0.448915925438346,-0.284384889024908,0.00223740305440473,1,0.824239385583441
"Hypomethylated in DIS","cg11839682",0.860017196234673,0.734167601025105,-0.125849595209568,0.0181312952906284,1,0.824239385583441
"Hypomethylated in DIS","cg12371924",0.804826320948259,0.681305020255227,-0.123521300693032,0.0386984629234782,1,0.824239385583441
"Hypomethylated in DIS","cg12389043",0.821989868089225,0.580500253045369,-0.241489615043857,0.0488166266984763,1,0.824239385583441
"Hypomethylated in DIS","cg12403132",0.366370284512148,0.170220177545196,-0.196150106966952,0.00683813791396712,1,0.824239385583441
"Hypomethylated in DIS","cg13185702",0.643445121656605,0.454881941934782,-0.188563179721823,0.0059825067338069,1,0.824239385583441
"Hypomethylated in DIS","cg13380890",0.298102467506808,0.174733349965955,-0.123369117540854,0.0166055182713358,1,0.824239385583441
"Hypomethylated in DIS","cg13440652",0.806944231077815,0.668944601836875,-0.13799962924094,0.00812238372326086,1,0.824239385583441
"Hypomethylated in DIS","cg14301713",0.482220479862674,0.344114028716455,-0.138106451146218,0.0423262277010727,1,0.824239385583441
"Hypomethylated in DIS","cg14375747",0.808072648093646,0.600715326575357,-0.207357321518288,0.00440612814746148,1,0.824239385583441
"Hypomethylated in DIS","cg14783993",0.375417541355777,0.263539990700158,-0.11187755065562,0.0314100353455839,1,0.824239385583441
"Hypomethylated in DIS","cg15085883",0.515845765495214,0.260179215831096,-0.255666549664118,0.00577299427644309,1,0.824239385583441
"Hypomethylated in DIS","cg15454074",0.767017793870947,0.547203260957537,-0.21981453291341,0.00112612003672839,1,0.824239385583441
"Hypomethylated in DIS","cg15843572",0.658708411799185,0.477328778128638,-0.181379633670548,0.00535175646465452,1,0.824239385583441
"Hypomethylated in DIS","cg16119613",0.514388646839713,0.360241337125031,-0.154147309714682,0.00830187845426951,1,0.824239385583441
"Hypomethylated in DIS","cg16316183",0.85935476812449,0.704806318320702,-0.154548449803789,0.0220040083873551,1,0.824239385583441
"Hypomethylated in DIS","cg16533146",0.831206300885523,0.664049118998836,-0.167157181886687,0.0313369117509804,1,0.824239385583441
"Hypomethylated in DIS","cg16883901",0.836460311467142,0.62328554475811,-0.213174766709032,0.0034776010045547,1,0.824239385583441
"Hypomethylated in DIS","cg17094065",0.741355307768293,0.62492696192901,-0.116428345839283,0.00934278188794387,1,0.824239385583441
"Hypomethylated in DIS","cg17333398",0.87506015326075,0.768569831016181,-0.106490322244569,0.047581459125649,1,0.824239385583441
"Hypomethylated in DIS","cg18233411",0.775901153598747,0.650662956315374,-0.125238197283374,0.0418139018974794,1,0.824239385583441
"Hypomethylated in DIS","cg18578876",0.926624958254139,0.719488709581617,-0.207136248672522,0.0482220725212246,1,0.824239385583441
"Hypomethylated in DIS","cg18604939",0.591071098392308,0.379545803500103,-0.211525294892206,0.00920706122086546,1,0.824239385583441
"Hypomethylated in DIS","cg18669716",0.733136713262455,0.390690879380065,-0.34244583388239,0.00562192366175074,1,0.824239385583441
"Hypomethylated in DIS","cg19184897",0.340222076911095,0.17295508830494,-0.167266988606155,0.000151975187498637,1,0.824239385583441
"Hypomethylated in DIS","cg19393008",0.822596484458466,0.315884191974908,-0.506712292483558,0.0168561708127617,1,0.824239385583441
"Hypomethylated in DIS","cg19848940",0.51947041550906,0.35232052075529,-0.16714989475377,0.00475334889479529,1,0.824239385583441
"Hypomethylated in DIS","cg19853333",0.866798120721252,0.699790203286951,-0.167007917434301,0.0354371988460562,1,0.824239385583441
"Hypomethylated in DIS","cg20098659",0.797619608415703,0.5615214891772,-0.236098119238503,0.0218695676817629,1,0.824239385583441
"Hypomethylated in DIS","cg20708061",0.737147718694998,0.573682563859424,-0.163465154835573,0.0431891527702598,1,0.824239385583441
"Hypomethylated in DIS","cg21230547",0.756536938610463,0.654269537905537,-0.102267400704926,0.0325735947363652,1,0.824239385583441
"Hypomethylated in DIS","cg21416544",0.807097823415207,0.635530379333026,-0.171567444082181,0.00489297228769092,1,0.824239385583441
"Hypomethylated in DIS","cg22129323",0.453264981828942,0.296675316007203,-0.156589665821739,0.0296487848767786,1,0.824239385583441
"Hypomethylated in DIS","cg22149555",0.447363604982271,0.160734870760619,-0.286628734221652,0.00305682770136867,1,0.824239385583441
"Hypomethylated in DIS","cg23256579",0.841369690504717,0.637714650165416,-0.2036550403393,0.0225978357884409,1,0.824239385583441
"Hypomethylated in DIS","cg23295636",0.716909663487157,0.603773616253182,-0.113136047233974,0.0320149833831594,1,0.824239385583441
"Hypomethylated in DIS","cg23325240",0.656131151509546,0.549961683923762,-0.106169467585784,0.011795587380293,1,0.824239385583441
"Hypomethylated in DIS","cg23541923",0.557088095184067,0.407697106023403,-0.149390989160664,0.0383422780595408,1,0.824239385583441
"Hypomethylated in DIS","cg23598010",0.685602920599966,0.577508360315931,-0.108094560284035,0.0256491167177661,1,0.824239385583441
"Hypomethylated in DIS","cg24509104",0.808742757086084,0.678895776191674,-0.129846980894411,0.00204624578373385,1,0.824239385583441
"Hypomethylated in DIS","cg24697460",0.768178424423769,0.515418464790071,-0.252759959633698,0.00903971957562078,1,0.824239385583441
"Hypomethylated in DIS","cg25027699",0.690779916211691,0.542904385846154,-0.147875530365537,0.0155733886549917,1,0.824239385583441
"Hypomethylated in DIS","cg25201255",0.857234962643664,0.753076151052014,-0.104158811591651,0.0145219938673069,1,0.824239385583441
"Hypomethylated in DIS","cg25800166",0.704647585710897,0.578429103832931,-0.126218481877967,0.0220647169582568,1,0.824239385583441
"Hypomethylated in DIS","cg26165660",0.867315113734582,0.701261193762254,-0.166053919972328,0.0148612525114045,1,0.824239385583441
"Hypomethylated in DIS","cg26461449",0.795694130762672,0.686109687853896,-0.109584442908776,0.0397707982258945,1,0.824239385583441
"Hypomethylated in DIS","cg26485376",0.615310637271025,0.453133776888822,-0.162176860382203,0.0165399804553364,1,0.824239385583441
"Hypomethylated in DIS","cg26501657",0.424181931361452,0.315034199865385,-0.109147731496068,0.0316349755551399,1,0.824239385583441
"Hypomethylated in DIS","cg26571814",0.460612921399576,0.316226071596,-0.144386849803576,0.0436080358811044,1,0.824239385583441
"Hypomethylated in DIS","cg26724975",0.877148506607098,0.754612850746037,-0.12253565586106,0.0329022508745696,1,0.824239385583441
"Hypomethylated in DIS","cg26936219",0.377340367973318,0.257388841287189,-0.119951526686129,0.048841356092774,1,0.824239385583441
"Hypomethylated in DIS","cg27042523",0.59130335082269,0.394953529718131,-0.196349821104559,0.0176514421624254,1,0.824239385583441
"Hypomethylated in DIS","cg27088822",0.761551449608169,0.607837195008241,-0.153714254599928,0.0246968837256862,1,0.824239385583441
"Hypomethylated in DIS","cg27423177",0.425470420270369,0.305985013262398,-0.119485407007971,0.00495973124300526,1,0.824239385583441
"Hypomethylated in DIS","cg00990690",0.788058393335551,0.592477478559677,-0.195580914775874,0.010180820929403,1,0.824239385583441
"Hypomethylated in DIS","cg01289343",0.24502747419546,0.119272550594864,-0.125754923600596,0.0152414098981373,1,0.824239385583441
"Hypomethylated in DIS","cg01899620",0.650183262343676,0.430211355847342,-0.219971906496335,0.029633141409602,1,0.824239385583441
"Hypomethylated in DIS","cg01997461",0.577389075776466,0.40540974014948,-0.171979335626986,0.0337320623345566,1,0.824239385583441
"Hypomethylated in DIS","cg02002217",0.805047211096943,0.673221645124895,-0.131825565972048,0.0312628346702167,1,0.824239385583441
"Hypomethylated in DIS","cg03283486",0.855823251308817,0.617013948958221,-0.238809302350595,0.00648939870274743,1,0.824239385583441
"Hypomethylated in DIS","cg03691720",0.782737125492708,0.670155220142112,-0.112581905350597,0.0143721204913358,1,0.824239385583441
"Hypomethylated in DIS","cg04921578",0.518774986825416,0.365593225201029,-0.153181761624386,0.0377568504948831,1,0.824239385583441
"Hypomethylated in DIS","cg06047020",0.778054945541374,0.405828008705183,-0.372226936836191,0.00245763194716919,1,0.824239385583441
"Hypomethylated in DIS","cg06396119",0.814423996274269,0.711334013904098,-0.103089982370171,0.0252525038773561,1,0.824239385583441
"Hypomethylated in DIS","cg06573096",0.429366359975497,0.30729183541531,-0.122074524560187,0.0269104595776678,1,0.824239385583441
"Hypomethylated in DIS","cg06780726",0.806360680764788,0.628675643004319,-0.177685037760469,0.0015650974913302,1,0.824239385583441
"Hypomethylated in DIS","cg06885459",0.612309346925528,0.343157299662176,-0.269152047263352,0.0135088763338381,1,0.824239385583441
"Hypomethylated in DIS","cg08004525",0.287834107788202,0.157196607452815,-0.130637500335386,0.0381832183443295,1,0.824239385583441
"Hypomethylated in DIS","cg08620112",0.728604065249073,0.560623482616333,-0.16798058263274,0.00443364978294038,1,0.824239385583441
"Hypomethylated in DIS","cg09276445",0.27439021484794,0.155116985199125,-0.119273229648816,0.00573107289411454,1,0.824239385583441
"Hypomethylated in DIS","cg09501049",0.833433768660797,0.662665710864314,-0.170768057796483,0.0415524500447534,1,0.824239385583441
"Hypomethylated in DIS","cg10707081",0.680796654903865,0.530676412364797,-0.150120242539068,0.0145512879901936,1,0.824239385583441
"Hypomethylated in DIS","cg10787704",0.875976179182941,0.74353541629535,-0.132440762887591,0.0465716667145603,1,0.824239385583441
"Hypomethylated in DIS","cg10993865",0.938111753741483,0.614552468940002,-0.323559284801481,0.0319957310839818,1,0.824239385583441
"Hypomethylated in DIS","cg11438287",0.813558583171465,0.420943975644186,-0.392614607527279,0.0434640781807756,1,0.824239385583441
"Hypomethylated in DIS","cg12432568",0.654692586575155,0.49299341596307,-0.161699170612085,0.0124822272948085,1,0.824239385583441
"Hypomethylated in DIS","cg12447154",0.445447845151877,0.328990032053449,-0.116457813098428,0.0429781304982115,1,0.824239385583441
"Hypomethylated in DIS","cg13840419",0.799147633128823,0.664633418047251,-0.134514215081572,0.0301433150496663,1,0.824239385583441
"Hypomethylated in DIS","cg15185986",0.806156977798534,0.691423429584657,-0.114733548213877,0.0109362155740642,1,0.824239385583441
"Hypomethylated in DIS","cg15332217",0.378873270467374,0.237795672082683,-0.141077598384692,0.0439333974955491,1,0.824239385583441
"Hypomethylated in DIS","cg16169675",0.461204863226171,0.250413512804718,-0.210791350421452,0.0167132856723421,1,0.824239385583441
"Hypomethylated in DIS","cg16396191",0.632741265626006,0.41633337950049,-0.216407886125516,0.0170220844461724,1,0.824239385583441
"Hypomethylated in DIS","cg16639691",0.645278456373009,0.467772194535976,-0.177506261837032,0.0277735337787154,1,0.824239385583441
"Hypomethylated in DIS","cg17411792",0.860143965429922,0.72831101374333,-0.131832951686592,0.017901657985036,1,0.824239385583441
"Hypomethylated in DIS","cg18780491",0.383144424713123,0.207576289346613,-0.17556813536651,0.0313930898470553,1,0.824239385583441
"Hypomethylated in DIS","cg18972765",0.695123408089044,0.58663776047647,-0.108485647612574,0.0468123068772867,1,0.824239385583441
"Hypomethylated in DIS","cg20102045",0.816452175460141,0.658537017419097,-0.157915158041044,0.0176855406743345,1,0.824239385583441
"Hypomethylated in DIS","cg20256375",0.765594076305467,0.631257521756467,-0.134336554548999,0.0110996744332701,1,0.824239385583441
"Hypomethylated in DIS","cg20486551",0.686743202900847,0.533598772865635,-0.153144430035212,0.0402142784624698,1,0.824239385583441
"Hypomethylated in DIS","cg20608895",0.468435846634852,0.247569383765556,-0.220866462869296,0.0131803649765214,1,0.824239385583441
"Hypomethylated in DIS","cg20895669",0.640438965950524,0.405926296682996,-0.234512669267528,0.0116869105490627,1,0.824239385583441
"Hypomethylated in DIS","cg21801165",0.593694451171785,0.434544769268322,-0.159149681903463,0.0151797438792984,1,0.824239385583441
"Hypomethylated in DIS","cg21863546",0.822256176272062,0.667509332929425,-0.154746843342637,0.0165205663242716,1,0.824239385583441
"Hypomethylated in DIS","cg22731513",0.429177283326287,0.326588335950354,-0.102588947375933,0.00696522542545968,1,0.824239385583441
"Hypomethylated in DIS","cg24940155",0.653781593460129,0.450161626322413,-0.203619967137717,0.0435203974909719,1,0.824239385583441
"Hypomethylated in DIS","cg24969303",0.824930008401987,0.714735801658295,-0.110194206743692,0.00573088203426499,1,0.824239385583441
"Hypomethylated in DIS","cg25141611",0.413220766044172,0.218709297547269,-0.194511468496903,0.0333607659156411,1,0.824239385583441
"Hypomethylated in DIS","cg25734463",0.653894390637352,0.491770770350594,-0.162123620286758,0.0482653967262965,1,0.824239385583441
"Hypomethylated in DIS","cg26264602",0.660191276650922,0.492119751547065,-0.168071525103857,0.0118989822836748,1,0.824239385583441
"Hypomethylated in DIS","cg26493224",0.49751409113584,0.351772717584053,-0.145741373551788,0.0364875999210648,1,0.824239385583441
"Hypomethylated in DIS","cg26574777",0.864351195950674,0.657299306078742,-0.207051889871932,0.0494345367448118,1,0.824239385583441
"Hypomethylated in DIS","cg26772116",0.43342294520163,0.207108713701876,-0.226314231499754,0.0162579350936447,1,0.824239385583441
"Hypomethylated in DIS","cg27119904",0.26293269853128,0.124748974292259,-0.138183724239021,0.00995413634398068,1,0.824239385583441
"Hypomethylated in DIS","cg27164770",0.335079469189118,0.198993816797878,-0.136085652391241,0.00828556980838048,1,0.824239385583441
"Hypomethylated in DIS","cg27443567",0.700585612159642,0.442355672710047,-0.258229939449595,0.00899415368791132,1,0.824239385583441
"Hypomethylated in DIS","cg27492102",0.718886016705285,0.573915056898468,-0.144970959806817,0.0115114484058753,1,0.824239385583441
"Hypomethylated in DIS","cg00791868",0.550760273356248,0.301925475506041,-0.248834797850207,0.0276627436933973,1,0.824239385583441
"Hypomethylated in DIS","cg01048349",0.878870191557964,0.762534100784108,-0.116336090773857,0.0411752780649255,1,0.824239385583441
"Hypomethylated in DIS","cg01719405",0.607853603242902,0.363412223520092,-0.244441379722809,0.00142154562968109,1,0.824239385583441
"Hypomethylated in DIS","cg02008285",0.50382907309458,0.378434438998275,-0.125394634096305,0.0323964636099271,1,0.824239385583441
"Hypomethylated in DIS","cg05142445",0.705482078092008,0.587896087622444,-0.117585990469564,0.0294351304804211,1,0.824239385583441
"Hypomethylated in DIS","cg06819357",0.815456621841649,0.694141292539667,-0.121315329301982,0.00883669493895079,1,0.824239385583441
"Hypomethylated in DIS","cg06881965",0.693260489233992,0.488691721521696,-0.204568767712296,0.0203761482295986,1,0.824239385583441
"Hypomethylated in DIS","cg07099567",0.775139323192692,0.584616090329387,-0.190523232863304,0.0186289922451486,1,0.824239385583441
"Hypomethylated in DIS","cg07300408",0.65958913797368,0.440931522478821,-0.218657615494859,0.0431407327438878,1,0.824239385583441
"Hypomethylated in DIS","cg10065153",0.645356755307986,0.536410775583047,-0.108945979724939,0.0248448364327711,1,0.824239385583441
"Hypomethylated in DIS","cg10794733",0.546574685900477,0.380954647752666,-0.165620038147811,0.0182679182572982,1,0.824239385583441
"Hypomethylated in DIS","cg10832239",0.869146533288613,0.406098327222906,-0.463048206065707,0.0173945138775641,1,0.824239385583441
"Hypomethylated in DIS","cg11117717",0.781239710997369,0.656670451121789,-0.12456925987558,0.0421776617010977,1,0.824239385583441
"Hypomethylated in DIS","cg11125758",0.807364895751923,0.692527828718244,-0.114837067033679,0.0117160078330017,1,0.824239385583441
"Hypomethylated in DIS","cg13139697",0.727745311715292,0.510598120656646,-0.217147191058646,0.0448159798890334,1,0.824239385583441
"Hypomethylated in DIS","cg14092276",0.586924801762638,0.394676616695137,-0.192248185067501,0.0459559725286915,1,0.824239385583441
"Hypomethylated in DIS","cg14137698",0.842274509559574,0.723812920682674,-0.1184615888769,0.00503795882524046,1,0.824239385583441
"Hypomethylated in DIS","cg14366598",0.736193417250995,0.559239901869323,-0.176953515381672,0.0111994870469589,1,0.824239385583441
"Hypomethylated in DIS","cg15345396",0.692179626050965,0.540718660951165,-0.1514609650998,0.0351755870195774,1,0.824239385583441
"Hypomethylated in DIS","cg15742858",0.428875258067169,0.285154604341303,-0.143720653725866,0.0429551904498746,1,0.824239385583441
"Hypomethylated in DIS","cg15829467",0.726378526277706,0.598368102393645,-0.128010423884061,0.0460412668214667,1,0.824239385583441
"Hypomethylated in DIS","cg16072661",0.835551030187147,0.63695700742828,-0.198594022758866,0.00478074428779487,1,0.824239385583441
"Hypomethylated in DIS","cg16555466",0.662636061269235,0.463494373762708,-0.199141687506528,0.00473768423236151,1,0.824239385583441
"Hypomethylated in DIS","cg18174099",0.860958374628428,0.630610771913125,-0.230347602715303,0.0013464563736398,1,0.824239385583441
"Hypomethylated in DIS","cg18473335",0.611267458336844,0.372390050463931,-0.238877407872913,0.0203854415218776,1,0.824239385583441
"Hypomethylated in DIS","cg18686153",0.369238717012048,0.228317585723522,-0.140921131288526,0.00864354325310243,1,0.824239385583441
"Hypomethylated in DIS","cg19647114",0.668118613068969,0.547873767658986,-0.120244845409983,0.00602192528794037,1,0.824239385583441
"Hypomethylated in DIS","cg19873923",0.385459267381003,0.220481768114441,-0.164977499266562,0.00503474890852017,1,0.824239385583441
"Hypomethylated in DIS","cg20022541",0.833084414872683,0.563702102726673,-0.26938231214601,0.0175501211217748,1,0.824239385583441
"Hypomethylated in DIS","cg21796547",0.384741419415961,0.212540138079908,-0.172201281336052,0.0013979999384,1,0.824239385583441
"Hypomethylated in DIS","cg21827986",0.525618736402926,0.351710433917698,-0.173908302485227,0.0371850568743085,1,0.824239385583441
"Hypomethylated in DIS","cg22082462",0.671296383729606,0.428790112779201,-0.242506270950405,0.0214731381302427,1,0.824239385583441
"Hypomethylated in DIS","cg23625388",0.5355814292127,0.295709005158002,-0.239872424054698,0.0211108678758452,1,0.824239385583441
"Hypomethylated in DIS","cg24756378",0.712136568104151,0.301921222711007,-0.410215345393144,0.00164080934397845,1,0.824239385583441
"Hypomethylated in DIS","cg25109396",0.657356374379946,0.441918602778825,-0.21543777160112,0.0340224238067343,1,0.824239385583441
"Hypomethylated in DIS","cg26115667",0.726004426751271,0.517863199036585,-0.208141227714687,0.0474200068165338,1,0.824239385583441
"Hypomethylated in DIS","cg27057408",0.759802016176529,0.475156353327006,-0.284645662849523,0.0103453992907737,1,0.824239385583441
"Hypomethylated in DIS","cg00153693",0.661955290410129,0.450610065035168,-0.211345225374961,0.00558588623822778,1,0.824239385583441
"Hypomethylated in DIS","cg00207731",0.617809370753492,0.504756178229255,-0.113053192524237,0.0247496051053605,1,0.824239385583441
"Hypomethylated in DIS","cg00543460",0.711729678003242,0.528998438246075,-0.182731239757167,0.00693951838768077,1,0.824239385583441
"Hypomethylated in DIS","cg01871408",0.855130804979908,0.75192834227277,-0.103202462707137,0.00564653838139955,1,0.824239385583441
"Hypomethylated in DIS","cg02068166",0.498553715635471,0.359765700151192,-0.138788015484279,0.0112678547358606,1,0.824239385583441
"Hypomethylated in DIS","cg02161701",0.878425892155954,0.726044017367974,-0.15238187478798,0.0331314268663157,1,0.824239385583441
"Hypomethylated in DIS","cg02904657",0.747706758819374,0.560227170586721,-0.187479588232653,0.0290617994196829,1,0.824239385583441
"Hypomethylated in DIS","cg03316752",0.817835064311886,0.716525894698537,-0.101309169613349,0.00657820695365751,1,0.824239385583441
"Hypomethylated in DIS","cg03352169",0.626714523773725,0.523530240219304,-0.103184283554421,0.0111602029611563,1,0.824239385583441
"Hypomethylated in DIS","cg03489186",0.769806740327893,0.621808796439949,-0.147997943887945,0.0131104117232507,1,0.824239385583441
"Hypomethylated in DIS","cg04326808",0.821291924337384,0.716331530079674,-0.10496039425771,0.0113321859858082,1,0.824239385583441
"Hypomethylated in DIS","cg04858164",0.738246901343265,0.418368078752685,-0.31987882259058,0.00653979927564045,1,0.824239385583441
"Hypomethylated in DIS","cg05018460",0.763359022914116,0.513054832747317,-0.250304190166799,0.0330356125415924,1,0.824239385583441
"Hypomethylated in DIS","cg05787129",0.71827845390317,0.611222258140107,-0.107056195763064,0.00220270621864278,1,0.824239385583441
"Hypomethylated in DIS","cg06822193",0.849317968022635,0.740513455784606,-0.10880451223803,0.0207122141782607,1,0.824239385583441
"Hypomethylated in DIS","cg07467618",0.818890555464654,0.661674769803801,-0.157215785660853,0.000617492993284218,1,0.824239385583441
"Hypomethylated in DIS","cg09785377",0.89485109465046,0.629476604058607,-0.265374490591853,0.00148022812377739,1,0.824239385583441
"Hypomethylated in DIS","cg11200462",0.831199526495582,0.717353328354828,-0.113846198140753,0.0198536321531439,1,0.824239385583441
"Hypomethylated in DIS","cg11412248",0.77357725792469,0.629163710739462,-0.144413547185228,0.0229422607896289,1,0.824239385583441
"Hypomethylated in DIS","cg11426726",0.392409182055285,0.228674897881702,-0.163734284173583,0.00458652963506438,1,0.824239385583441
"Hypomethylated in DIS","cg12233463",0.594478334034864,0.351129523667249,-0.243348810367616,0.0478282806421149,1,0.824239385583441
"Hypomethylated in DIS","cg12364786",0.798187892780445,0.662545461628035,-0.135642431152409,0.00374585480469296,1,0.824239385583441
"Hypomethylated in DIS","cg12643702",0.797111966067559,0.667812287952171,-0.129299678115387,0.0433732167676604,1,0.824239385583441
"Hypomethylated in DIS","cg13561554",0.611533313164811,0.390594347159283,-0.220938966005528,0.0184436617442825,1,0.824239385583441
"Hypomethylated in DIS","cg13632630",0.593315431019473,0.46325459228211,-0.130060838737363,0.0131937795250578,1,0.824239385583441
"Hypomethylated in DIS","cg13859847",0.757873380763958,0.645540339996298,-0.112333040767659,0.0141080822527595,1,0.824239385583441
"Hypomethylated in DIS","cg13934924",0.386677872422416,0.26828141861955,-0.118396453802866,0.0390603437200295,1,0.824239385583441
"Hypomethylated in DIS","cg14424631",0.33588051653929,0.188723412977388,-0.147157103561901,0.0326523149247365,1,0.824239385583441
"Hypomethylated in DIS","cg14492992",0.725618789860461,0.568789990515931,-0.156828799344529,0.00548650603785721,1,0.824239385583441
"Hypomethylated in DIS","cg16231923",0.550487134782019,0.360927474124487,-0.189559660657531,0.00634504902051347,1,0.824239385583441
"Hypomethylated in DIS","cg16247888",0.666593367215203,0.468586522486175,-0.198006844729028,0.00552839504865686,1,0.824239385583441
"Hypomethylated in DIS","cg17352276",0.765462873244575,0.645502177928076,-0.119960695316498,0.0138368576600388,1,0.824239385583441
"Hypomethylated in DIS","cg18640660",0.700292242803239,0.597483123161364,-0.102809119641875,0.0203138152893429,1,0.824239385583441
"Hypomethylated in DIS","cg18724037",0.530121458242425,0.390082916932091,-0.140038541310334,0.00479198835278861,1,0.824239385583441
"Hypomethylated in DIS","cg18753337",0.853668541325056,0.652734521279459,-0.200934020045597,0.049182855921655,1,0.824239385583441
"Hypomethylated in DIS","cg19169932",0.627516041165978,0.467306474747216,-0.160209566418762,0.0368802963218018,1,0.824239385583441
"Hypomethylated in DIS","cg19182919",0.783447960260602,0.529399287038481,-0.254048673222122,0.0458240006256746,1,0.824239385583441
"Hypomethylated in DIS","cg19442201",0.741281145401893,0.581486146187458,-0.159794999214435,0.00249777130716667,1,0.824239385583441
"Hypomethylated in DIS","cg19847577",0.251835797737431,0.143082411930002,-0.108753385807428,0.0113201341842659,1,0.824239385583441
"Hypomethylated in DIS","cg20622131",0.759192692981183,0.645514278343631,-0.113678414637552,0.0176699585353379,1,0.824239385583441
"Hypomethylated in DIS","cg20857280",0.789626170714087,0.678763899578783,-0.110862271135304,0.0425411689595729,1,0.824239385583441
"Hypomethylated in DIS","cg20918537",0.811694957482685,0.680892350111282,-0.130802607371403,0.0206309634910768,1,0.824239385583441
"Hypomethylated in DIS","cg21598389",0.777345373826853,0.498807478779459,-0.278537895047394,0.00361620072211471,1,0.824239385583441
"Hypomethylated in DIS","cg21672992",0.847960982776509,0.744408340843152,-0.103552641933358,0.001865555953674,1,0.824239385583441
"Hypomethylated in DIS","cg21877473",0.661644145437346,0.408191173791713,-0.253452971645633,0.0294433264988453,1,0.824239385583441
"Hypomethylated in DIS","cg22144225",0.231745319155941,0.0892507398237582,-0.142494579332182,0.00519473330359377,1,0.824239385583441
"Hypomethylated in DIS","cg23067228",0.893553739644201,0.749324776601155,-0.144228963043046,0.0246980536346552,1,0.824239385583441
"Hypomethylated in DIS","cg23176340",0.28538970348999,0.1728083569973,-0.11258134649269,0.040107509644781,1,0.824239385583441
"Hypomethylated in DIS","cg23634401",0.293248737821329,0.157204715697937,-0.136044022123392,0.0133223805696164,1,0.824239385583441
"Hypomethylated in DIS","cg24008177",0.619335497784352,0.482382646329378,-0.136952851454974,0.00134913151115397,1,0.824239385583441
"Hypomethylated in DIS","cg24263283",0.908581566814738,0.804608501697464,-0.103973065117273,0.0372185551006442,1,0.824239385583441
"Hypomethylated in DIS","cg24576051",0.653959339156857,0.333722407993551,-0.320236931163307,0.00161527580797207,1,0.824239385583441
"Hypomethylated in DIS","cg25271525",0.805708631438521,0.702319129318315,-0.103389502120206,0.0165444990974463,1,0.824239385583441
"Hypomethylated in DIS","cg26398510",0.421105876623713,0.255665005711485,-0.165440870912228,0.0471096846092309,1,0.824239385583441
"Hypomethylated in DIS","cg26657240",0.258221107139315,0.101227430226184,-0.156993676913131,0.0323779443335435,1,0.824239385583441
"Hypomethylated in DIS","cg26971210",0.509838829371928,0.368566938295339,-0.14127189107659,0.028490229082014,1,0.824239385583441
"Hypomethylated in DIS","cg27121538",0.546738870168973,0.324041479636291,-0.222697390532682,0.00989947123443671,1,0.824239385583441
"Hypomethylated in DIS","cg27192248",0.739318809334028,0.591371484733308,-0.147947324600719,0.0319017941541107,1,0.824239385583441
"Hypomethylated in DIS","cg27366810",0.677212802835836,0.53741238784621,-0.139800414989626,0.0473264622709892,1,0.824239385583441
"Hypomethylated in DIS","cg00061520",0.747931818590161,0.563300980177045,-0.184630838413116,0.00570584477105962,1,0.824239385583441
"Hypomethylated in DIS","cg00366252",0.46614708473743,0.303706129567481,-0.162440955169949,0.0330933138032917,1,0.824239385583441
"Hypomethylated in DIS","cg00525011",0.358748501869656,0.248765395653305,-0.109983106216352,0.029607388605294,1,0.824239385583441
"Hypomethylated in DIS","cg00657810",0.869912734714616,0.632647855519413,-0.237264879195203,0.0272819426052702,1,0.824239385583441
"Hypomethylated in DIS","cg00707134",0.45995833637298,0.3175901158055,-0.14236822056748,3.48758237169027e-06,1,0.564421030814696
"Hypomethylated in DIS","cg00812236",0.79130355695561,0.679261464843832,-0.112042092111778,0.0435639803913017,1,0.824239385583441
"Hypomethylated in DIS","cg01478482",0.720003263179171,0.564022354418552,-0.155980908760619,0.0159302015288339,1,0.824239385583441
"Hypomethylated in DIS","cg01591830",0.497138983608522,0.333052084305776,-0.164086899302746,0.0493910212007636,1,0.824239385583441
"Hypomethylated in DIS","cg01595325",0.671503279271939,0.556367762119863,-0.115135517152076,0.0480912408589303,1,0.824239385583441
"Hypomethylated in DIS","cg02004370",0.873321461917847,0.732308412848842,-0.141013049069005,0.0409622794254934,1,0.824239385583441
"Hypomethylated in DIS","cg02737458",0.358045202415078,0.255882967556691,-0.102162234858387,0.0322353994392666,1,0.824239385583441
"Hypomethylated in DIS","cg02918093",0.852023253780304,0.723403019706879,-0.128620234073425,0.0170806490568833,1,0.824239385583441
"Hypomethylated in DIS","cg02980235",0.710950221323106,0.560021230392684,-0.150928990930422,0.0251198624562414,1,0.824239385583441
"Hypomethylated in DIS","cg03680291",0.523323385210586,0.312049529376862,-0.211273855833724,0.0105164349170864,1,0.824239385583441
"Hypomethylated in DIS","cg03746015",0.735410687801705,0.582702341145758,-0.152708346655947,0.00819566943120111,1,0.824239385583441
"Hypomethylated in DIS","cg04094640",0.237594866313888,0.106688486959122,-0.130906379354766,0.00117053114554991,1,0.824239385583441
"Hypomethylated in DIS","cg04231019",0.754581440580314,0.544362808991529,-0.210218631588785,0.0401948676077376,1,0.824239385583441
"Hypomethylated in DIS","cg04325591",0.393262376412141,0.231969161050748,-0.161293215361393,0.00544587816256671,1,0.824239385583441
"Hypomethylated in DIS","cg04447128",0.546240488630006,0.412135166039448,-0.134105322590558,0.013260992605215,1,0.824239385583441
"Hypomethylated in DIS","cg04583000",0.695096531817121,0.555894187097853,-0.139202344719268,0.039432627707799,1,0.824239385583441
"Hypomethylated in DIS","cg04692023",0.667222657655724,0.544700869497496,-0.122521788158227,0.0141895143720596,1,0.824239385583441
"Hypomethylated in DIS","cg04810063",0.596054874357707,0.445046818971769,-0.151008055385938,0.00507593847749865,1,0.824239385583441
"Hypomethylated in DIS","cg05204097",0.877466942029832,0.634338681536332,-0.243128260493499,0.0180743251143145,1,0.824239385583441
"Hypomethylated in DIS","cg05405914",0.689140466532866,0.567001448655225,-0.122139017877641,0.0111685233818656,1,0.824239385583441
"Hypomethylated in DIS","cg05497750",0.700261890380924,0.591252204407322,-0.109009685973602,0.0338695972487173,1,0.824239385583441
"Hypomethylated in DIS","cg05744264",0.67753924923297,0.473210907060043,-0.204328342172927,0.00701887398641642,1,0.824239385583441
"Hypomethylated in DIS","cg05836943",0.326015263000589,0.217454872338056,-0.108560390662533,0.00788086305235026,1,0.824239385583441
"Hypomethylated in DIS","cg05895034",0.381956990538768,0.256847552353351,-0.125109438185417,0.0244020120967432,1,0.824239385583441
"Hypomethylated in DIS","cg06361984",0.934065579010202,0.643113466250718,-0.290952112759484,0.00926835764169763,1,0.824239385583441
"Hypomethylated in DIS","cg07187521",0.423171352750806,0.29905766253264,-0.124113690218166,0.0486073899013103,1,0.824239385583441
"Hypomethylated in DIS","cg07244927",0.614621219557226,0.460000177012832,-0.154621042544395,0.0223695254037519,1,0.824239385583441
"Hypomethylated in DIS","cg07298547",0.771720572027762,0.662806854870158,-0.108913717157605,0.0410973142250234,1,0.824239385583441
"Hypomethylated in DIS","cg07903626",0.776695629085216,0.446795696055077,-0.329899933030139,0.0160064081955752,1,0.824239385583441
"Hypomethylated in DIS","cg07955064",0.700050035749284,0.541771404125833,-0.15827863162345,0.0302887131080564,1,0.824239385583441
"Hypomethylated in DIS","cg08263750",0.628393840868994,0.489489958383583,-0.13890388248541,0.0284342669518761,1,0.824239385583441
"Hypomethylated in DIS","cg08340023",0.519699056272198,0.34619887826158,-0.173500178010618,0.0434022645950389,1,0.824239385583441
"Hypomethylated in DIS","cg08381722",0.740795206855828,0.594585945871036,-0.146209260984792,0.0426785238835054,1,0.824239385583441
"Hypomethylated in DIS","cg08730778",0.91537095230977,0.809265321621148,-0.106105630688622,0.0321573286538209,1,0.824239385583441
"Hypomethylated in DIS","cg09160589",0.456288630477663,0.319046507114056,-0.137242123363607,0.0385268314807336,1,0.824239385583441
"Hypomethylated in DIS","cg09238666",0.739074060461443,0.594596997110449,-0.144477063350994,0.0163073849654672,1,0.824239385583441
"Hypomethylated in DIS","cg09274344",0.394329578721927,0.194594618325744,-0.199734960396183,0.0140538048135975,1,0.824239385583441
"Hypomethylated in DIS","cg09374031",0.449863487634025,0.331386709773114,-0.118476777860912,0.0297344707934647,1,0.824239385583441
"Hypomethylated in DIS","cg09488090",0.863128193775828,0.752515912352782,-0.110612281423047,0.0242264880786915,1,0.824239385583441
"Hypomethylated in DIS","cg09879805",0.830511206931353,0.665895584641138,-0.164615622290215,0.0191903290989408,1,0.824239385583441
"Hypomethylated in DIS","cg09988111",0.770825390994524,0.458751380747068,-0.312074010247456,0.0201320702670686,1,0.824239385583441
"Hypomethylated in DIS","cg10400843",0.332194151362355,0.197990552384116,-0.134203598978239,0.00770826641493253,1,0.824239385583441
"Hypomethylated in DIS","cg11824827",0.669701746340572,0.392725470485316,-0.276976275855257,0.0018696710822208,1,0.824239385583441
"Hypomethylated in DIS","cg13473336",0.781355209265683,0.624594091824727,-0.156761117440956,0.0200931390687407,1,0.824239385583441
"Hypomethylated in DIS","cg15712310",0.367041974679604,0.212958463363565,-0.154083511316039,0.0204600571041217,1,0.824239385583441
"Hypomethylated in DIS","cg16725984",0.419198194837208,0.220587485408027,-0.198610709429182,0.0111584803645051,1,0.824239385583441
"Hypomethylated in DIS","cg26702039",0.707923218452224,0.509410775905784,-0.198512442546439,0.0228543407441692,1,0.824239385583441
"Hypomethylated in DIS","cg26983731",0.68426589471803,0.556223140991711,-0.128042753726319,0.0293956478003901,1,0.824239385583441
"Hypomethylated in DIS","cg00072689",0.361599115786622,0.200592819586297,-0.161006296200325,0.00514671143695413,1,0.824239385583441
"Hypomethylated in DIS","cg00364956",0.792212741433947,0.684669827458988,-0.107542913974959,0.0441602072437054,1,0.824239385583441
"Hypomethylated in DIS","cg00911326",0.816494680939489,0.692138984009126,-0.124355696930363,0.0470326899188292,1,0.824239385583441
"Hypomethylated in DIS","cg00934987",0.515652123689738,0.372048025145864,-0.143604098543874,0.0475495118789105,1,0.824239385583441
"Hypomethylated in DIS","cg01986016",0.402156021848985,0.24987445535415,-0.152281566494835,0.000382359846444194,1,0.824239385583441
"Hypomethylated in DIS","cg02033582",0.547581604102289,0.340037959440945,-0.207543644661344,0.0488434098575025,1,0.824239385583441
"Hypomethylated in DIS","cg02186141",0.824167336480649,0.723332395379541,-0.100834941101109,0.0392061297781196,1,0.824239385583441
"Hypomethylated in DIS","cg02228492",0.850409267036506,0.693518647706656,-0.15689061932985,0.00674087475127597,1,0.824239385583441
"Hypomethylated in DIS","cg02254709",0.731695782955649,0.489348668616143,-0.242347114339506,0.0499168403716091,1,0.824239385583441
"Hypomethylated in DIS","cg02566861",0.23065731198899,0.125957585340336,-0.104699726648655,0.00322886106838739,1,0.824239385583441
"Hypomethylated in DIS","cg02875089",0.81996971565872,0.714452107729752,-0.105517607928968,0.00869567872409538,1,0.824239385583441
"Hypomethylated in DIS","cg04070976",0.272586271276118,0.127819194729685,-0.144767076546433,0.000983340658610249,1,0.824239385583441
"Hypomethylated in DIS","cg04103918",0.845724233321851,0.722178786166021,-0.12354544715583,0.0147774160341446,1,0.824239385583441
"Hypomethylated in DIS","cg04293307",0.451375892685155,0.287868027600342,-0.163507865084813,0.00959850483314416,1,0.824239385583441
"Hypomethylated in DIS","cg04461745",0.693311478664057,0.4290342330166,-0.264277245647457,0.0198264170426925,1,0.824239385583441
"Hypomethylated in DIS","cg04610187",0.60151317190196,0.410903661771359,-0.190609510130601,0.0278149766502917,1,0.824239385583441
"Hypomethylated in DIS","cg05861697",0.768977396125068,0.643116925592164,-0.125860470532904,0.00150657325677706,1,0.824239385583441
"Hypomethylated in DIS","cg05888755",0.641849594403446,0.330663036499963,-0.311186557903483,0.000802885189526666,1,0.824239385583441
"Hypomethylated in DIS","cg06244240",0.448818505621076,0.286974359499298,-0.161844146121778,0.00416075869778366,1,0.824239385583441
"Hypomethylated in DIS","cg06405563",0.500126090350751,0.314147890921709,-0.185978199429041,0.0157652622435674,1,0.824239385583441
"Hypomethylated in DIS","cg06841902",0.839297002484269,0.607721208629369,-0.2315757938549,0.00259344502924928,1,0.824239385583441
"Hypomethylated in DIS","cg06871344",0.873220953693275,0.638929233697289,-0.234291719995986,0.0153810632045573,1,0.824239385583441
"Hypomethylated in DIS","cg07738730",0.692314722948217,0.513283605170091,-0.179031117778126,0.0257907654626406,1,0.824239385583441
"Hypomethylated in DIS","cg08196608",0.88167576941699,0.778531414219956,-0.103144355197034,0.022855472983899,1,0.824239385583441
"Hypomethylated in DIS","cg08498747",0.544338533714067,0.296082098551591,-0.248256435162476,0.00602320468737943,1,0.824239385583441
"Hypomethylated in DIS","cg09083945",0.39653243802205,0.266096753824634,-0.130435684197416,0.0372004460540669,1,0.824239385583441
"Hypomethylated in DIS","cg09367266",0.45019502682681,0.291314753065457,-0.158880273761353,0.0196979822645252,1,0.824239385583441
"Hypomethylated in DIS","cg09764761",0.827417877683635,0.647226496698454,-0.180191380985181,0.0132397702386086,1,0.824239385583441
"Hypomethylated in DIS","cg09983216",0.378550497053512,0.224585024496525,-0.153965472556987,0.00116481194518044,1,0.824239385583441
"Hypomethylated in DIS","cg10327250",0.474183474881811,0.358560593227088,-0.115622881654723,0.028719776994558,1,0.824239385583441
"Hypomethylated in DIS","cg10417386",0.574016041903309,0.40207182110456,-0.171944220798749,0.0255881669033821,1,0.824239385583441
"Hypomethylated in DIS","cg10424581",0.706596602697906,0.571633072745253,-0.134963529952652,0.00170476951566495,1,0.824239385583441
"Hypomethylated in DIS","cg10805039",0.310577817917789,0.204125428753122,-0.106452389164667,0.0381657759229165,1,0.824239385583441
"Hypomethylated in DIS","cg11142556",0.822070507088487,0.674578943463696,-0.147491563624791,0.0440797807813762,1,0.824239385583441
"Hypomethylated in DIS","cg12475879",0.701786828592136,0.450723160634309,-0.251063667957828,0.0321087016831034,1,0.824239385583441
"Hypomethylated in DIS","cg13305951",0.672272638545418,0.513477333868253,-0.158795304677165,0.00449833948326972,1,0.824239385583441
"Hypomethylated in DIS","cg13526488",0.669910077284854,0.498133898672986,-0.171776178611868,0.0297013878849076,1,0.824239385583441
"Hypomethylated in DIS","cg13649519",0.819649732976973,0.667346289931652,-0.15230344304532,0.0407956964384212,1,0.824239385583441
"Hypomethylated in DIS","cg13745832",0.873159672819305,0.664484966509003,-0.208674706310302,0.0201391122411204,1,0.824239385583441
"Hypomethylated in DIS","cg13915843",0.854893634387604,0.752685229272385,-0.102208405115219,0.0357733049136877,1,0.824239385583441
"Hypomethylated in DIS","cg14611816",0.505265689048501,0.313176374600204,-0.192089314448297,0.0265091826356367,1,0.824239385583441
"Hypomethylated in DIS","cg15137213",0.522075417046361,0.39344858505254,-0.128626831993821,0.0185213558345511,1,0.824239385583441
"Hypomethylated in DIS","cg15979932",0.847593410948179,0.731444877951059,-0.11614853299712,0.0482527392499354,1,0.824239385583441
"Hypomethylated in DIS","cg16018154",0.784849036672526,0.554646685360421,-0.230202351312105,0.0330283536693408,1,0.824239385583441
"Hypomethylated in DIS","cg16030113",0.554456390719896,0.445253969055073,-0.109202421664823,0.00248332891458527,1,0.824239385583441
"Hypomethylated in DIS","cg16454107",0.804236549507755,0.681243122398371,-0.122993427109384,0.026197548197769,1,0.824239385583441
"Hypomethylated in DIS","cg16662477",0.370426041115767,0.193843005040675,-0.176583036075092,4.81646929760697e-05,1,0.824239385583441
"Hypomethylated in DIS","cg16848873",0.68485085696255,0.466986590698339,-0.217864266264211,0.0132312550069094,1,0.824239385583441
"Hypomethylated in DIS","cg17331920",0.711426155896466,0.470392302647406,-0.241033853249059,0.0160927115439014,1,0.824239385583441
"Hypomethylated in DIS","cg17579446",0.78653837450042,0.649872738615742,-0.136665635884678,0.0280671009255725,1,0.824239385583441
"Hypomethylated in DIS","cg17712818",0.796219059581931,0.644267858849181,-0.151951200732749,0.024414803249369,1,0.824239385583441
"Hypomethylated in DIS","cg18007049",0.855907060651681,0.733779302128836,-0.122127758522845,0.0230461716741052,1,0.824239385583441
"Hypomethylated in DIS","cg19173666",0.51626751109541,0.406053714893559,-0.110213796201851,0.0392599270019457,1,0.824239385583441
"Hypomethylated in DIS","cg19832721",0.679028197026449,0.508112189442779,-0.17091600758367,0.0344210572532537,1,0.824239385583441
"Hypomethylated in DIS","cg20047349",0.734279068340291,0.517606076425139,-0.216672991915152,0.00942541607561172,1,0.824239385583441
"Hypomethylated in DIS","cg20271361",0.432761295336629,0.292357510904816,-0.140403784431814,0.0068402149268699,1,0.824239385583441
"Hypomethylated in DIS","cg20407796",0.80055838940032,0.68321916593421,-0.11733922346611,0.00585220185809775,1,0.824239385583441
"Hypomethylated in DIS","cg20471691",0.52581779851817,0.342643031112725,-0.183174767405445,0.000830261382193688,1,0.824239385583441
"Hypomethylated in DIS","cg20698501",0.191097746295175,0.0715047215778492,-0.119593024717325,0.0366343518736532,1,0.824239385583441
"Hypomethylated in DIS","cg20997993",0.776656002343221,0.648946489516706,-0.127709512826515,0.0153559915595725,1,0.824239385583441
"Hypomethylated in DIS","cg21187669",0.689955927850203,0.515301916483407,-0.174654011366796,0.0448563055770124,1,0.824239385583441
"Hypomethylated in DIS","cg21430748",0.833370795568464,0.683104715169615,-0.150266080398849,0.00269252562444041,1,0.824239385583441
"Hypomethylated in DIS","cg21850879",0.687435592260352,0.446278863734093,-0.241156728526259,0.0339426925855952,1,0.824239385583441
"Hypomethylated in DIS","cg22878693",0.897452539512983,0.794955614610932,-0.102496924902051,0.00896418782569872,1,0.824239385583441
"Hypomethylated in DIS","cg23664708",0.23783691369305,0.132543483766984,-0.105293429926065,0.0207176962331245,1,0.824239385583441
"Hypomethylated in DIS","cg23679344",0.437025621992582,0.294649264538657,-0.142376357453926,0.0377674897812773,1,0.824239385583441
"Hypomethylated in DIS","cg24165107",0.854610733055628,0.686408994574519,-0.16820173848111,0.0220109920028658,1,0.824239385583441
"Hypomethylated in DIS","cg24985035",0.82134368985782,0.54604345598538,-0.27530023387244,0.0236782519984289,1,0.824239385583441
"Hypomethylated in DIS","cg25162533",0.600422368931755,0.46214845512845,-0.138273913803305,0.0174006640735078,1,0.824239385583441
"Hypomethylated in DIS","cg25902229",0.534662346034398,0.3182259542235,-0.216436391810897,0.0414832547454568,1,0.824239385583441
"Hypomethylated in DIS","cg26743024",0.3957988861889,0.23451567043062,-0.161283215758279,0.0132126438941844,1,0.824239385583441
"Hypomethylated in DIS","cg27210136",0.71476392485453,0.548880160603171,-0.16588376425136,0.026201863787806,1,0.824239385583441
"Hypomethylated in DIS","cg03691722",0.593876952389353,0.456771023674406,-0.137105928714948,0.00822280598851184,1,0.824239385583441
"Hypomethylated in DIS","cg05836043",0.5885663954779,0.405565262254938,-0.183001133222962,0.0257178963674081,1,0.824239385583441
"Hypomethylated in DIS","cg06092953",0.30959069760723,0.177962387006348,-0.131628310600882,0.0451837489574564,1,0.824239385583441
"Hypomethylated in DIS","cg07759801",0.502747862336671,0.365226020503681,-0.13752184183299,0.0149550417753291,1,0.824239385583441
"Hypomethylated in DIS","cg13704680",0.452371141457975,0.312471805676781,-0.139899335781194,0.0474372241767933,1,0.824239385583441
"Hypomethylated in DIS","cg14535531",0.456048944912244,0.250334833324693,-0.205714111587552,0.00111728157434215,1,0.824239385583441
"Hypomethylated in DIS","cg14938561",0.704276757818028,0.596539931818377,-0.107736825999652,0.0413140620894508,1,0.824239385583441
"Hypomethylated in DIS","cg15529950",0.761293402355302,0.621925285465792,-0.13936811688951,0.0277889882548182,1,0.824239385583441
"Hypomethylated in DIS","cg16174779",0.722427710167475,0.609175097398877,-0.113252612768598,0.00208506612850847,1,0.824239385583441
"Hypomethylated in DIS","cg17017564",0.856303666027714,0.703033951888574,-0.15326971413914,0.0120198268148087,1,0.824239385583441
"Hypomethylated in DIS","cg18382305",0.74193280870789,0.586717880761811,-0.15521492794608,0.027999662746706,1,0.824239385583441
"Hypomethylated in DIS","cg18850728",0.845379430810381,0.717209901236714,-0.128169529573667,0.034573464098276,1,0.824239385583441
"Hypomethylated in DIS","cg19738980",0.577924280514624,0.342773051735855,-0.23515122877877,0.000902387967304614,1,0.824239385583441
"Hypomethylated in DIS","cg20191338",0.332795554288554,0.16935419846712,-0.163441355821434,0.0320163802505391,1,0.824239385583441
"Hypomethylated in DIS","cg20916427",0.312064592095917,0.111163038456304,-0.200901553639613,0.00299652176290612,1,0.824239385583441
"Hypomethylated in DIS","cg21840153",0.523628419702153,0.403160199648782,-0.120468220053371,0.0343584910426513,1,0.824239385583441
"Hypomethylated in DIS","cg22220710",0.530799240892383,0.408989594029286,-0.121809646863097,0.0252220821980009,1,0.824239385583441
"Hypomethylated in DIS","cg22330625",0.763019797708525,0.572633463473369,-0.190386334235156,0.0270928198715028,1,0.824239385583441
"Hypomethylated in DIS","cg22444102",0.849667418286471,0.739305315950476,-0.110362102335995,0.0409026937665697,1,0.824239385583441
"Hypomethylated in DIS","cg23484392",0.74893068817088,0.501701002224998,-0.247229685945882,0.00178858273037833,1,0.824239385583441
"Hypomethylated in DIS","cg24549153",0.421825473979364,0.308056754694727,-0.113768719284637,0.00458976019191608,1,0.824239385583441
"Hypomethylated in DIS","cg24998981",0.474622384761041,0.339238934156751,-0.13538345060429,0.0305285554588831,1,0.824239385583441
"Hypomethylated in DIS","cg25817165",0.777004210641139,0.490252763805506,-0.286751446835632,9.02759476883944e-05,1,0.824239385583441
"Hypomethylated in DIS","cg26919186",0.696196881139858,0.498112788302367,-0.19808409283749,0.0417552520910764,1,0.824239385583441
"Hypomethylated in DIS","cg27298007",0.596521153443665,0.317188395343805,-0.27933275809986,0.0196456066221687,1,0.824239385583441
"Hypomethylated in DIS","cg00579402",0.692832283867099,0.552190207178533,-0.140642076688566,0.00947331039754831,1,0.824239385583441
"Hypomethylated in DIS","cg01993907",0.6306332152081,0.419197799375344,-0.211435415832756,0.00962254629963105,1,0.824239385583441
"Hypomethylated in DIS","cg02286761",0.832955017054768,0.729873922771335,-0.103081094283433,0.0274310364369548,1,0.824239385583441
"Hypomethylated in DIS","cg03384915",0.714193140766072,0.484554531775591,-0.22963860899048,0.0486897381153766,1,0.824239385583441
"Hypomethylated in DIS","cg03637381",0.895195261288039,0.776642533462102,-0.118552727825937,0.0415396925729176,1,0.824239385583441
"Hypomethylated in DIS","cg03685817",0.859971037490176,0.674246357187562,-0.185724680302614,0.00477102242798942,1,0.824239385583441
"Hypomethylated in DIS","cg05215310",0.64717417451096,0.518438236141801,-0.128735938369159,0.0213164663215304,1,0.824239385583441
"Hypomethylated in DIS","cg05275595",0.602523423842013,0.378105868950805,-0.224417554891208,0.0264684187609078,1,0.824239385583441
"Hypomethylated in DIS","cg05374025",0.498090637021054,0.248526893474109,-0.249563743546946,0.0269343327309795,1,0.824239385583441
"Hypomethylated in DIS","cg05897963",0.463668724643353,0.277203722804044,-0.18646500183931,0.0148989092238491,1,0.824239385583441
"Hypomethylated in DIS","cg07782285",0.417164648626738,0.246472194596699,-0.170692454030039,0.00673142788166234,1,0.824239385583441
"Hypomethylated in DIS","cg08190545",0.912047286646959,0.809073480408951,-0.102973806238008,0.0261183378383493,1,0.824239385583441
"Hypomethylated in DIS","cg08405073",0.535344898357941,0.397647346247729,-0.137697552110212,0.0410264079744866,1,0.824239385583441
"Hypomethylated in DIS","cg10190416",0.279939224389688,0.164883710545551,-0.115055513844137,0.00406069942185859,1,0.824239385583441
"Hypomethylated in DIS","cg10370574",0.793998445204909,0.595649450874871,-0.198348994330038,0.00670397064773857,1,0.824239385583441
"Hypomethylated in DIS","cg10389454",0.643613698690949,0.52668772240643,-0.116925976284519,0.0270198107697756,1,0.824239385583441
"Hypomethylated in DIS","cg11313708",0.794398229159143,0.655671689177197,-0.138726539981946,0.0261003505123101,1,0.824239385583441
"Hypomethylated in DIS","cg11356156",0.639133544206319,0.493768330376916,-0.145365213829403,0.0350019305552567,1,0.824239385583441
"Hypomethylated in DIS","cg11878955",0.74359003625287,0.582889334421736,-0.160700701831134,0.0186632086477697,1,0.824239385583441
"Hypomethylated in DIS","cg12228534",0.769103634618539,0.651217020576676,-0.117886614041863,0.0080095133428896,1,0.824239385583441
"Hypomethylated in DIS","cg12916723",0.714927441837788,0.598769971266333,-0.116157470571455,0.022682884397732,1,0.824239385583441
"Hypomethylated in DIS","cg12966778",0.689829832591153,0.484764581951961,-0.205065250639192,0.0455765750112351,1,0.824239385583441
"Hypomethylated in DIS","cg14068721",0.722820200414078,0.440948492066721,-0.281871708347357,0.0225848705493277,1,0.824239385583441
"Hypomethylated in DIS","cg14734614",0.39586133516035,0.283754830474726,-0.112106504685624,0.0408819213738168,1,0.824239385583441
"Hypomethylated in DIS","cg15857379",0.768138634042572,0.658084555042076,-0.110054079000496,0.0393832790054613,1,0.824239385583441
"Hypomethylated in DIS","cg16363586",0.219396477886591,0.10313958012987,-0.116256897756721,0.0133670681509609,1,0.824239385583441
"Hypomethylated in DIS","cg16702690",0.196655615277202,0.0636867019792618,-0.13296891329794,0.00233903769052107,1,0.824239385583441
"Hypomethylated in DIS","cg17155115",0.872320839950336,0.732681325279133,-0.139639514671203,0.0317691365881877,1,0.824239385583441
"Hypomethylated in DIS","cg18608055",0.444557511051546,0.277346512869608,-0.167210998181938,0.0360892326825162,1,0.824239385583441
"Hypomethylated in DIS","cg19009764",0.732061276333759,0.596689501131666,-0.135371775202093,0.00127340776752304,1,0.824239385583441
"Hypomethylated in DIS","cg20176989",0.848793921304992,0.729860602438824,-0.118933318866168,0.0417231797985042,1,0.824239385583441
"Hypomethylated in DIS","cg20651389",0.812485466585116,0.610016276176995,-0.202469190408121,0.00314906221968553,1,0.824239385583441
"Hypomethylated in DIS","cg20956548",0.482998272542767,0.294841818262128,-0.188156454280639,0.0128351271590997,1,0.824239385583441
"Hypomethylated in DIS","cg21144940",0.851246718722384,0.688671576036751,-0.162575142685634,0.0397972476247309,1,0.824239385583441
"Hypomethylated in DIS","cg21486694",0.490286121814875,0.323892488922473,-0.166393632892402,0.0298602768526984,1,0.824239385583441
"Hypomethylated in DIS","cg21629821",0.454151644465292,0.312209114876646,-0.141942529588647,0.0124707376654949,1,0.824239385583441
"Hypomethylated in DIS","cg22551942",0.736623232430543,0.563799212147688,-0.172824020282855,0.0302536585808965,1,0.824239385583441
"Hypomethylated in DIS","cg22624285",0.713531692872065,0.584410710529175,-0.12912098234289,0.0404963844801247,1,0.824239385583441
"Hypomethylated in DIS","cg22629375",0.533397628957258,0.206573470503319,-0.326824158453939,0.00214340323382707,1,0.824239385583441
"Hypomethylated in DIS","cg22963027",0.781213030486917,0.529974745472587,-0.25123828501433,0.0390291608390726,1,0.824239385583441
"Hypomethylated in DIS","cg23683290",0.551294203872302,0.440547414306105,-0.110746789566197,0.0349494979107502,1,0.824239385583441
"Hypomethylated in DIS","cg23796967",0.743792994789364,0.461553120659901,-0.282239874129463,0.000902037585131711,1,0.824239385583441
"Hypomethylated in DIS","cg23803868",0.660133020512338,0.129404052149257,-0.530728968363081,0.0232644842033961,1,0.824239385583441
"Hypomethylated in DIS","cg26880200",0.791835475832719,0.648483348573079,-0.143352127259639,0.0428320830396433,1,0.824239385583441
"Hypomethylated in DIS","cg26917367",0.768739955980891,0.64744361379289,-0.121296342188001,0.030185235242179,1,0.824239385583441
"Hypomethylated in DIS","cg27494111",0.765703680357412,0.51555844639712,-0.250145233960292,0.0206377710292197,1,0.824239385583441
"Hypomethylated in DIS","cg27519373",0.704130322359719,0.582866758738628,-0.121263563621092,0.0143786797744819,1,0.824239385583441
"Hypomethylated in DIS","cg27551718",0.846050139033958,0.672388804712415,-0.173661334321543,0.0141324519742534,1,0.824239385583441
"Hypomethylated in DIS","cg01071811",0.610808166637692,0.468295330128806,-0.142512836508886,0.0348240869907144,1,0.824239385583441
"Hypomethylated in DIS","cg01319701",0.31450645016774,0.186250440199569,-0.128256009968171,0.0347651803227352,1,0.824239385583441
"Hypomethylated in DIS","cg01349088",0.844085503776093,0.712062686462408,-0.132022817313685,0.0267597202182758,1,0.824239385583441
"Hypomethylated in DIS","cg01412764",0.854437008739864,0.737567878141719,-0.116869130598146,0.0356856810956069,1,0.824239385583441
"Hypomethylated in DIS","cg01479232",0.814886368350034,0.570523646243497,-0.244362722106537,0.00843272912673675,1,0.824239385583441
"Hypomethylated in DIS","cg01958189",0.764761637816068,0.634316926606377,-0.130444711209691,0.00660149472156492,1,0.824239385583441
"Hypomethylated in DIS","cg02209770",0.466012535533123,0.306948599120279,-0.159063936412844,0.0023499541540289,1,0.824239385583441
"Hypomethylated in DIS","cg04972979",0.614394870318344,0.42664319626567,-0.187751674052675,0.0109286610330551,1,0.824239385583441
"Hypomethylated in DIS","cg06369879",0.848515377257346,0.748210851863365,-0.100304525393981,0.021876091958579,1,0.824239385583441
"Hypomethylated in DIS","cg07795968",0.66169183325599,0.499229595337012,-0.162462237918978,0.0280329216665073,1,0.824239385583441
"Hypomethylated in DIS","cg08292485",0.659375844131768,0.365915990725797,-0.293459853405971,0.000146165443162873,1,0.824239385583441
"Hypomethylated in DIS","cg08473725",0.750367559248789,0.631120918134867,-0.119246641113922,0.00710200158200333,1,0.824239385583441
"Hypomethylated in DIS","cg09082617",0.812301163598232,0.687485827204236,-0.124815336393996,0.0292066738408626,1,0.824239385583441
"Hypomethylated in DIS","cg09333580",0.483292554393281,0.353622410188254,-0.129670144205027,0.0115284496554686,1,0.824239385583441
"Hypomethylated in DIS","cg09881842",0.905220446242332,0.748790289380824,-0.156430156861507,0.0228790678897848,1,0.824239385583441
"Hypomethylated in DIS","cg10339152",0.620310063584434,0.425371996586073,-0.194938066998362,0.00906020864093553,1,0.824239385583441
"Hypomethylated in DIS","cg10547761",0.852600832189161,0.730842953888879,-0.121757878300282,0.0199729166456981,1,0.824239385583441
"Hypomethylated in DIS","cg11210813",0.363117571489081,0.201675491055555,-0.161442080433526,0.0246894065919248,1,0.824239385583441
"Hypomethylated in DIS","cg11382945",0.439646111774156,0.186755714124561,-0.252890397649595,0.0460064524357068,1,0.824239385583441
"Hypomethylated in DIS","cg11726250",0.427626508997903,0.243848074458572,-0.183778434539331,0.00463347480045816,1,0.824239385583441
"Hypomethylated in DIS","cg11826008",0.300617269117151,0.184578170726316,-0.116039098390835,0.0167586364396049,1,0.824239385583441
"Hypomethylated in DIS","cg12940522",0.250410715667389,0.148699959464348,-0.101710756203041,0.0352280118018637,1,0.824239385583441
"Hypomethylated in DIS","cg13816419",0.647964210673377,0.505401593284049,-0.142562617389328,0.0401012498840084,1,0.824239385583441
"Hypomethylated in DIS","cg14714222",0.584611336116314,0.349329286698072,-0.235282049418241,0.00381686201641097,1,0.824239385583441
"Hypomethylated in DIS","cg19145218",0.588108448663245,0.418584242097716,-0.169524206565529,0.0221147650859339,1,0.824239385583441
"Hypomethylated in DIS","cg19204859",0.744310589918929,0.534432738725643,-0.209877851193286,0.0103953516465591,1,0.824239385583441
"Hypomethylated in DIS","cg20066792",0.451817424509109,0.324834304346798,-0.126983120162312,0.0446518433428617,1,0.824239385583441
"Hypomethylated in DIS","cg20252837",0.7028583110722,0.554660498605192,-0.148197812467009,0.0351638231694578,1,0.824239385583441
"Hypomethylated in DIS","cg20649298",0.654879424673255,0.452989666092502,-0.201889758580753,0.046487118256942,1,0.824239385583441
"Hypomethylated in DIS","cg23289456",0.77049297256499,0.57119448934103,-0.19929848322396,0.0196599704324303,1,0.824239385583441
"Hypomethylated in DIS","cg24165121",0.468843636803255,0.274652718037621,-0.194190918765635,0.00742008881882191,1,0.824239385583441
"Hypomethylated in DIS","cg25153233",0.604244735716921,0.493856959971375,-0.110387775745546,0.0269383701669267,1,0.824239385583441
"Hypomethylated in DIS","cg27210657",0.697329661615114,0.535488685737638,-0.161840975877476,0.0413310638468334,1,0.824239385583441
"Hypomethylated in DIS","cg01598160",0.210121764663056,0.0918585223663712,-0.118263242296685,0.00473378749998857,1,0.824239385583441
"Hypomethylated in DIS","cg02139827",0.905322227778515,0.803236745896068,-0.102085481882447,0.0224388312116758,1,0.824239385583441
"Hypomethylated in DIS","cg03254566",0.809086162100651,0.633131531300376,-0.175954630800275,0.0336429472889945,1,0.824239385583441
"Hypomethylated in DIS","cg03868978",0.871440865353287,0.721200134715173,-0.150240730638114,0.0256027476404054,1,0.824239385583441
"Hypomethylated in DIS","cg05442477",0.738956885592083,0.510608672254088,-0.228348213337995,0.0138307763389009,1,0.824239385583441
"Hypomethylated in DIS","cg07152925",0.880008521161703,0.77126413912619,-0.108744382035513,0.0234651963567981,1,0.824239385583441
"Hypomethylated in DIS","cg08381918",0.755533416728229,0.600860436245526,-0.154672980482703,0.0184296266802386,1,0.824239385583441
"Hypomethylated in DIS","cg08811332",0.630031681747329,0.49303836943751,-0.136993312309818,0.044295427986742,1,0.824239385583441
"Hypomethylated in DIS","cg10849289",0.651723072444193,0.48340235898709,-0.168320713457103,0.0122493673068034,1,0.824239385583441
"Hypomethylated in DIS","cg11220732",0.726806242487237,0.563199325086932,-0.163606917400305,0.0200545966503772,1,0.824239385583441
"Hypomethylated in DIS","cg12935478",0.622370865400439,0.38439021993168,-0.237980645468759,0.00031584378534574,1,0.824239385583441
"Hypomethylated in DIS","cg13730618",0.453865171207225,0.315446020567532,-0.138419150639692,0.00518407428900304,1,0.824239385583441
"Hypomethylated in DIS","cg13863153",0.804498825951585,0.504720595270051,-0.299778230681534,0.00939110971731315,1,0.824239385583441
"Hypomethylated in DIS","cg16334524",0.712148006883645,0.504907111097664,-0.207240895785981,0.0250427034164481,1,0.824239385583441
"Hypomethylated in DIS","cg20857253",0.558919317554398,0.340447313010116,-0.218472004544282,0.00446465658494957,1,0.824239385583441
"Hypomethylated in DIS","cg21871091",0.700620309152978,0.509464444359966,-0.191155864793012,0.00796462357963052,1,0.824239385583441
"Hypomethylated in DIS","cg23732182",0.653128090502856,0.462026973393671,-0.191101117109185,0.031864243362105,1,0.824239385583441
"Hypomethylated in DIS","cg25487008",0.558206765239859,0.418560442909155,-0.139646322330704,0.00984257747385744,1,0.824239385583441
"Hypomethylated in DIS","cg25937451",0.6903437387852,0.552742408322917,-0.137601330462283,0.0219145560110605,1,0.824239385583441
"Hypomethylated in DIS","cg26390598",0.528731785021789,0.365949937207422,-0.162781847814367,0.032528503069267,1,0.824239385583441
"Hypomethylated in DIS","cg00819949",0.702499860048881,0.588838202198614,-0.113661657850266,0.00999191027099279,1,0.824239385583441
"Hypomethylated in DIS","cg02229382",0.42760888007653,0.268662989604385,-0.158945890472145,0.0190539013361724,1,0.824239385583441
"Hypomethylated in DIS","cg02387435",0.485700913138003,0.300410711305587,-0.185290201832416,0.000940106514006509,1,0.824239385583441
"Hypomethylated in DIS","cg03419948",0.354145566842304,0.190925414546758,-0.163220152295546,0.00936340668674281,1,0.824239385583441
"Hypomethylated in DIS","cg04679902",0.23105498210378,0.123477552728756,-0.107577429375023,0.00217860179095548,1,0.824239385583441
"Hypomethylated in DIS","cg06057569",0.383542696853507,0.207468263437438,-0.176074433416069,0.0219521936870622,1,0.824239385583441
"Hypomethylated in DIS","cg07127410",0.800247741968202,0.540328206991084,-0.259919534977118,0.00318609203098385,1,0.824239385583441
"Hypomethylated in DIS","cg08305533",0.688087173666557,0.538635149273303,-0.149452024393253,0.0356131794393361,1,0.824239385583441
"Hypomethylated in DIS","cg08835221",0.265670739138923,0.162823879031275,-0.102846860107647,0.0078276181726112,1,0.824239385583441
"Hypomethylated in DIS","cg14395060",0.681633401035151,0.469284731857827,-0.212348669177324,0.0181942932918948,1,0.824239385583441
"Hypomethylated in DIS","cg15193228",0.512599303361505,0.357463120488755,-0.15513618287275,0.0176726546835961,1,0.824239385583441
"Hypomethylated in DIS","cg16001335",0.641731826833243,0.476438872659324,-0.165292954173919,0.0186383129927013,1,0.824239385583441
"Hypomethylated in DIS","cg22758846",0.386405334025728,0.25571574552548,-0.130689588500248,0.0271299773475387,1,0.824239385583441
"Hypomethylated in DIS","cg25457927",0.688943124537033,0.524656994494796,-0.164286130042237,0.00895260755089639,1,0.824239385583441
"Hypomethylated in DIS","cg27338353",0.642324266511288,0.406154614344282,-0.236169652167007,0.0356862051914019,1,0.824239385583441
